,ret
2008-01-02,-0.0054384515519886505
2008-01-03,0.0022182313735539224
2008-01-04,-0.010105102922564215
2008-01-07,-0.0
2008-01-08,-0.00038145
2008-01-09,0.0029263899663821862
2008-01-10,0.008120350036679304
2008-01-11,-0.010992257287597038
2008-01-14,0.011189572174833405
2008-01-15,-0.0019310020280828555
2008-01-16,0.0018427630890879693
2008-01-17,0.0
2008-01-18,0.0
2008-01-22,0.0
2008-01-23,-0.0
2008-01-24,0.0
2008-01-25,0.0
2008-01-28,-0.0
2008-01-29,0.0
2008-01-30,0.0
2008-01-31,-0.0
2008-02-01,-0.0003603
2008-02-04,-0.008897796570184593
2008-02-05,0.0
2008-02-06,0.0
2008-02-07,-0.0
2008-02-08,0.0
2008-02-11,-0.0
2008-02-12,-0.0
2008-02-13,-0.0003732
2008-02-14,-0.003824591666895428
2008-02-15,-0.00037529999999999996
2008-02-19,0.0028228438965492027
2008-02-20,-0.000366
2008-02-21,-0.00010983917766343635
2008-02-22,-0.0003609
2008-02-25,0.006483274920999703
2008-02-26,0.003871852940025843
2008-02-27,-0.0018537723749220917
2008-02-28,-0.006563564407514631
2008-02-29,-0.014179880246282523
2008-03-03,-0.0
2008-03-04,-0.0003828
2008-03-05,0.006554358196812252
2008-03-06,-0.017735852715994975
2008-03-07,-0.0
2008-03-10,0.0
2008-03-11,-0.0003954
2008-03-12,0.006821609937349969
2008-03-13,-0.0013510140688424617
2008-03-14,0.0
2008-03-17,0.0
2008-03-18,-0.00019342500000000003
2008-03-19,-0.006259239025857593
2008-03-20,-0.005106012054108352
2008-03-24,0.0031372383221371586
2008-03-25,4.929350862747496e-05
2008-03-26,-0.0029679230543653997
2008-03-27,0.0010664910831396732
2008-03-28,-2.3451368802682566e-05
2008-03-31,0.0024520769194740118
2008-04-01,0.008903096213907379
2008-04-02,-0.002179590874254687
2008-04-03,0.0011607643016330377
2008-04-04,0.0005327823835476787
2008-04-07,0.0073158882715122255
2008-04-08,0.0010537405349420354
2008-04-09,-0.00538395860072423
2008-04-10,0.004061528779555825
2008-04-11,-0.006620588075125509
2008-04-14,0.0008603108434502746
2008-04-15,0.0047053491594471015
2008-04-16,0.012780970117405971
2008-04-17,-0.0006156223681378082
2008-04-18,0.007255226072339044
2008-04-21,0.0025319135301582417
2008-04-22,-0.001574377967805666
2008-04-23,0.0020448667078561697
2008-04-24,0.004992612932566279
2008-04-25,0.004629525494085838
2008-04-28,0.0013795791654103657
2008-04-29,-0.0023101320799770422
2008-04-30,-0.004541111764371196
2008-05-01,0.012550102982368604
2008-05-02,0.002397719040026941
2008-05-05,-0.0017791967218900248
2008-05-06,0.007522694988916205
2008-05-07,-0.008583904758170856
2008-05-08,-0.00011270035617999632
2008-05-09,-0.0017716785342756724
2008-05-12,0.006699639548163704
2008-05-13,0.0008884947557507399
2008-05-14,0.004103531821956321
2008-05-15,0.004804567942375091
2008-05-16,-0.00157017208936248
2008-05-19,0.0035620703373742337
2008-05-20,-0.009214410239663377
2008-05-21,-0.011250830154751385
2008-05-22,0.003762407530013684
2008-05-23,-0.004517280675499679
2008-05-27,0.006202410860376542
2008-05-28,0.0018079613666869836
2008-05-29,0.011540472637143438
2008-05-30,0.004408849405427534
2008-06-02,-0.010082826542664005
2008-06-03,-0.0035118963937283325
2008-06-04,-0.0008115951116831111
2008-06-05,0.010072008291223363
2008-06-06,-0.020171450001572052
2008-06-09,0.0041358289726732105
2008-06-10,-0.00032476641135193964
2008-06-11,-0.007176886718978384
2008-06-12,0.003622533244131598
2008-06-13,0.009308085936836036
2008-06-16,0.0015785334750265747
2008-06-17,0.00015593815314345118
2008-06-18,-0.0030457642162055867
2008-06-19,0.0017690894607759343
2008-06-20,-0.005297102612924702
2008-06-23,-5.973381771059578e-05
2008-06-24,-0.0012694762979637635
2008-06-25,0.009519229235583938
2008-06-26,-0.018280306554571097
2008-06-27,0.0013234810805221517
2008-06-30,0.002708645941426282
2008-07-01,-0.00035475
2008-07-02,-0.012692883731821184
2008-07-03,-0.0
2008-07-07,0.0
2008-07-08,-0.0
2008-07-09,0.0
2008-07-10,0.0
2008-07-11,0.0
2008-07-14,0.0
2008-07-15,0.0
2008-07-16,-0.0
2008-07-17,-0.0
2008-07-18,-0.0
2008-07-21,-0.00034575000000000003
2008-07-22,0.00871656168181632
2008-07-23,-3.306594499949715e-05
2008-07-24,-0.010266684444444446
2008-07-25,0.0009336999969000422
2008-07-28,-0.007485495622919533
2008-07-29,-0.00016522500000000002
2008-07-30,0.004820595211199068
2008-07-31,-0.010619731844927172
2008-08-01,-0.00033855
2008-08-04,0.0006723825784008238
2008-08-05,-0.00015855
2008-08-06,0.0030420332893386242
2008-08-07,-0.004281317264237278
2008-08-08,0.0030545852685344974
2008-08-11,0.0015757249063330463
2008-08-12,-0.004017681577639353
2008-08-13,-0.0019675419658104327
2008-08-14,0.0036642947514850164
2008-08-15,0.001393847993784824
2008-08-18,-0.001484244366247146
2008-08-19,-0.003424612810021517
2008-08-20,0.004354183294826022
2008-08-21,0.0024036060778710564
2008-08-22,0.005388878202455495
2008-08-25,-0.009077356284197606
2008-08-26,0.0021613329257312163
2008-08-27,0.004911627205429415
2008-08-28,0.005170635582809691
2008-08-29,-0.00445196484741176
2008-09-02,-0.00282667696342741
2008-09-03,0.0026375902378941384
2008-09-04,-0.015257608338173616
2008-09-05,0.0050465523276163856
2008-09-08,0.0077727894032250415
2008-09-09,-0.008757215317404789
2008-09-10,-0.005462823691986333
2008-09-11,-0.0015465876893777882
2008-09-12,0.002424924892471974
2008-09-15,0.01623850159748167
2008-09-16,-0.00501985497586296
2008-09-17,0.017989226274284408
2008-09-18,-0.01769485155956408
2008-09-19,-0.007972514852083872
2008-09-22,0.022799611512188813
2008-09-23,0.02971256919923392
2008-09-24,-0.004184884053180229
2008-09-25,-0.010797305186843869
2008-09-26,0.009431812575477526
2008-09-29,0.04912655509352725
2008-09-30,-0.028003146981154005
2008-10-01,0.013242158916915162
2008-10-02,0.026864730681001495
2008-10-03,0.015637940179755408
2008-10-06,0.016965849159701205
2008-10-07,0.05090131533242247
2008-10-08,0.03153984958464056
2008-10-09,0.0
2008-10-10,0.0
2008-10-13,-0.0008248500000000001
2008-10-14,0.012343083866339852
2008-10-15,0.07929239999204855
2008-10-16,0.018173327767901266
2008-10-17,0.050940405581072844
2008-10-20,-0.04349397789011292
2008-10-21,-0.012894596632099374
2008-10-22,0.056193854239644604
2008-10-23,0.024316588359181893
2008-10-24,0.07763653821669388
2008-10-27,0.04597778440549948
2008-10-28,-0.0010044
2008-10-29,0.031794106456497176
2008-10-30,-0.00988314508153374
2008-10-31,-0.004166127770928426
2008-11-03,-0.02082712470600631
2008-11-04,-0.04883173764352071
2008-11-05,0.03185762515808574
2008-11-06,0.06563248819749916
2008-11-07,-0.018334988613311867
2008-11-10,0.01162668682573194
2008-11-11,0.01712606511086026
2008-11-12,0.0
2008-11-13,-0.0008974499999999999
2008-11-14,0.04552152399696603
2008-11-17,0.0
2008-11-18,0.0
2008-11-19,0.0
2008-11-20,0.0
2008-11-21,-0.00109005
2008-11-24,-0.046788037149701964
2008-11-25,-0.016495156192442236
2008-11-26,-0.038289246055455424
2008-11-28,-0.00045639736876357067
2008-12-01,0.07058490578782513
2008-12-02,-0.022820288226789033
2008-12-03,-0.0017363286579197342
2008-12-04,0.02786181960360831
2008-12-05,-0.015564588872764988
2008-12-08,-0.026562923489940667
2008-12-09,0.009512307291646952
2008-12-10,-0.012214011785103335
2008-12-11,-0.00303749590740136
2008-12-12,0.003987779208448018
2008-12-15,-0.0029513661133690585
2008-12-16,-0.00078555
2008-12-17,0.0022827193651566305
2008-12-18,0.016846245438832324
2008-12-19,0.027006937470302327
2008-12-22,-0.0
2008-12-23,0.0
2008-12-24,-0.0
2008-12-26,-0.0006507
2008-12-29,-0.011190063233965708
2008-12-30,0.01943735736617598
2008-12-31,0.020947245417379544
2009-01-02,0.02919191703449426
2009-01-05,-0.007996847712796745
2009-01-06,0.005232717959848479
2009-01-07,-0.0342625496954122
2009-01-08,0.000985781880773533
2009-01-09,-0.015450957876270011
2009-01-12,-0.03444177922107432
2009-01-13,0.010064861987681539
2009-01-14,-0.03853736825468453
2009-01-15,0.0024520289475376445
2009-01-16,0.016818680777461067
2009-01-20,-0.06238811969213644
2009-01-21,-0.0006963000000000001
2009-01-22,0.005356503031488394
2009-01-23,0.003311064743976572
2009-01-26,0.02371186016555452
2009-01-27,0.02179042022975787
2009-01-28,0.025508453916972592
2009-01-29,-0.00389331482621312
2009-01-30,-0.008196766242833003
2009-02-02,0.002770486385516188
2009-02-03,-0.019467476967651384
2009-02-04,0.0
2009-02-05,-0.0
2009-02-06,-0.00065055
2009-02-09,-0.0029369277108622282
2009-02-10,0.0
2009-02-11,-0.00066795
2009-02-12,0.0094394380083806
2009-02-13,-0.008912038931245205
2009-02-17,0.0
2009-02-18,0.0
2009-02-19,-0.0
2009-02-20,0.0
2009-02-23,0.0
2009-02-24,-0.0
2009-02-25,-0.0
2009-02-26,0.0
2009-02-27,0.0
2009-03-02,0.0
2009-03-03,0.0
2009-03-04,-0.0
2009-03-05,0.0
2009-03-06,-0.0
2009-03-09,0.0
2009-03-10,-0.00066555
2009-03-11,-0.0015821942232259597
2009-03-12,-0.008105400405942412
2009-03-13,0.006011678832116789
2009-03-16,0.014051447239741536
2009-03-17,-0.018817431192760734
2009-03-18,-0.0030398810993527343
2009-03-19,0.02693208485972435
2009-03-20,-0.00068835
2009-03-23,0.03400398501995161
2009-03-24,0.005306691274389579
2009-03-25,0.004738006417702296
2009-03-26,-0.013090845845005545
2009-03-27,-0.00681660802251935
2009-03-30,-0.01611686643538888
2009-03-31,-0.008982694383373208
2009-04-01,0.005295443531706166
2009-04-02,0.0035826311888794327
2009-04-03,0.004581250364675899
2009-04-06,-0.0018373589972568564
2009-04-07,-0.001074882761208044
2009-04-08,0.009137217434375086
2009-04-09,0.01691282304550453
2009-04-13,0.0013889826709184924
2009-04-14,5.048064085448064e-05
2009-04-15,0.007075637950807413
2009-04-16,0.013765601069394942
2009-04-17,0.007059780718175051
2009-04-20,-0.026514925141496202
2009-04-21,0.014688557452372058
2009-04-22,-0.002868333652108518
2009-04-23,0.006454261141516852
2009-04-24,-0.0005922085064082981
2009-04-27,-0.008968824280483864
2009-04-28,0.004685921537017931
2009-04-29,0.0162953141931724
2009-04-30,-0.004100153488357559
2009-05-01,0.0052342314446411605
2009-05-04,0.016280417116433625
2009-05-05,0.0006715193271985271
2009-05-06,0.011903931822144042
2009-05-07,-0.004447728969790365
2009-05-08,0.013338697839566968
2009-05-11,-0.00205444995020702
2009-05-12,0.0024818120927966873
2009-05-13,-0.011048444034873768
2009-05-14,0.014511664087028862
2009-05-15,-0.008295078169347114
2009-05-18,0.0246516658653073
2009-05-19,0.004866003265692625
2009-05-20,-0.0003976951929284036
2009-05-21,-0.016180655737704944
2009-05-22,-0.005137341611124443
2009-05-26,0.014973120871572373
2009-05-27,-0.008999568947212658
2009-05-28,0.0051933984363206126
2009-05-29,0.01072126035554892
2009-06-01,0.007082604569334958
2009-06-02,-0.0008619353341556694
2009-06-03,-0.014875624970500753
2009-06-04,0.00353540888838476
2009-06-05,0.0013612251113850255
2009-06-08,0.00226759538019492
2009-06-09,0.010126666147026366
2009-06-10,-0.0015727480351876177
2009-06-11,0.006471353091132279
2009-06-12,0.004180157358198471
2009-06-15,-0.013294410563980452
2009-06-16,-0.010982244880761754
2009-06-17,-0.0019303494955237848
2009-06-18,0.0024575312322108337
2009-06-19,0.009448986551701925
2009-06-22,-0.01255395126418438
2009-06-23,0.00616454348509188
2009-06-24,0.012406069904311508
2009-06-25,0.01292590733471534
2009-06-26,0.004608937864611124
2009-06-29,0.00930732291954994
2009-06-30,-0.004416419983515712
2009-07-01,0.0023801729780809217
2009-07-02,-0.013810576315354811
2009-07-06,0.0024328230123112473
2009-07-07,-0.01122895622895623
2009-07-08,-0.004354488234847594
2009-07-09,0.004614955910449552
2009-07-10,-0.0014112370156009611
2009-07-13,0.014831932865744264
2009-07-14,0.004847400376858126
2009-07-15,0.0075715620608452485
2009-07-16,0.0015899018895348868
2009-07-17,-0.00013627435677785973
2009-07-20,0.005589895013123371
2009-07-21,0.004597113680123713
2009-07-22,0.005390430313832225
2009-07-23,0.007831589233176678
2009-07-24,0.0018938482969839494
2009-07-27,-0.002912529492443776
2009-07-28,-0.00855792819745699
2009-07-29,-0.0029172539280819827
2009-07-30,0.005803961500675815
2009-07-31,-0.0023438969509624384
2009-08-03,0.0065676538407384195
2009-08-04,0.0016900564949387104
2009-08-05,0.0012153317902391472
2009-08-06,-0.002854482474446158
2009-08-07,0.008091303271405496
2009-08-10,-8.662119638855766e-05
2009-08-11,-0.004613356146437241
2009-08-12,0.0031915364466181067
2009-08-13,0.004598203080843324
2009-08-14,-0.0036432485144105766
2009-08-17,-0.01458276231288401
2009-08-18,0.006674047859791022
2009-08-19,0.006824405893792335
2009-08-20,0.005079207213458536
2009-08-21,0.003948264262747574
2009-08-24,-0.0003101676286648249
2009-08-25,-0.0028741696677358473
2009-08-26,-0.004577921663878736
2009-08-27,0.0036793289893220496
2009-08-28,-0.002542736629018154
2009-08-31,-0.0037366603208136445
2009-09-01,-0.01289389785235902
2009-09-02,-0.0038401014017173728
2009-09-03,0.01325421505564441
2009-09-04,0.009136297913295436
2009-09-08,0.008409961025140217
2009-09-09,0.007050684950445667
2009-09-10,0.011199878044142492
2009-09-11,-0.002841252904376268
2009-09-14,0.0057540569807467785
2009-09-15,-0.0004339745510753113
2009-09-16,0.009209797969146227
2009-09-17,-0.0013693641618497305
2009-09-18,-0.005908823119079275
2009-09-21,0.0003843383402359181
2009-09-22,0.005200837931823396
2009-09-23,-0.002045359275903464
2009-09-24,-0.004612626249167075
2009-09-25,-0.0007977167563250818
2009-09-28,0.009015490502357186
2009-09-29,-1.7884817436522937e-05
2009-09-30,-0.0026035736324132417
2009-10-01,-0.010922591577253163
2009-10-02,-0.0005009213976894252
2009-10-05,0.009549533053658892
2009-10-06,0.0063747362833509015
2009-10-07,0.0031406975827149523
2009-10-08,0.0031216733878571138
2009-10-09,0.00515791226749596
2009-10-12,0.006443053262854275
2009-10-13,0.0023632482439004785
2009-10-14,0.0021225594680748714
2009-10-15,0.005465383651800626
2009-10-16,-0.0031358289380085426
2009-10-19,0.006392077524375231
2009-10-20,0.0010682863863066268
2009-10-21,0.00010245237029869153
2009-10-22,0.008181907661630414
2009-10-23,-0.0035733946895790437
2009-10-26,-0.0044979018995144095
2009-10-27,-0.0006673902555554507
2009-10-28,-0.018463249370735756
2009-10-29,-0.00037140000000000003
2009-10-30,-0.025203451060788293
2009-11-02,0.0
2009-11-03,-0.00043214999999999996
2009-11-04,0.003960225257183398
2009-11-05,0.012714238810660375
2009-11-06,0.00808678235418108
2009-11-09,0.0071971792890262775
2009-11-10,-0.0006014828469212169
2009-11-11,-0.0003691625952017202
2009-11-12,-0.005303985282782367
2009-11-13,0.004015100154083196
2009-11-16,0.004334215833733562
2009-11-17,0.0016088731096660805
2009-11-18,0.008242421501157468
2009-11-19,-0.0027056081126970366
2009-11-20,0.004378798770851418
2009-11-23,0.011313893924960104
2009-11-24,0.0015854334929536966
2009-11-25,0.002846013478785458
2009-11-27,-0.013812552933452642
2009-11-30,-0.00033965934181474575
2009-12-01,0.009634938075683297
2009-12-02,0.0026225922880751527
2009-12-03,-0.004591304347826091
2009-12-04,0.004944056794361601
2009-12-07,0.0008549913688803603
2009-12-08,-0.005830918089894384
2009-12-09,0.001949192636017697
2009-12-10,0.0036945259280623337
2009-12-11,0.001480465055796953
2009-12-14,0.004824675021278469
2009-12-15,0.0021451662757673937
2009-12-16,0.009789016901495888
2009-12-17,-0.0030177719113627073
2009-12-18,0.0030140188185207822
2009-12-21,0.00718866380490563
2009-12-22,0.0050114338782112616
2009-12-23,0.0016731465542656433
2009-12-24,0.002531178588753569
2009-12-28,0.0017242876800659885
2009-12-29,-0.0010977116867863176
2009-12-30,-0.0029639202754209283
2009-12-31,-0.005138627559681991
2010-01-04,0.007281306394968436
2010-01-05,0.003814080723452226
2010-01-06,0.006615908076874777
2010-01-07,0.002982177367919316
2010-01-08,0.004532655699625
2010-01-11,0.0025590860090535022
2010-01-12,-0.004623505190488596
2010-01-13,0.0032484230878322704
2010-01-14,0.00371601570941949
2010-01-15,-0.004274527858369227
2010-01-19,0.008024915044147065
2010-01-20,0.0006675772639837408
2010-01-21,-0.01094542652934643
2010-01-22,-0.020408360915119272
2010-01-25,-0.0
2010-01-26,-0.00036825
2010-01-27,0.00753051443178188
2010-01-28,-0.002330830726838808
2010-01-29,-0.0057774817339906505
2010-02-01,0.01399875920652478
2010-02-02,0.008624495949526943
2010-02-03,-0.0007082281812754678
2010-02-04,-0.026643220702601885
2010-02-05,0.0
2010-02-08,0.0
2010-02-09,-0.00039000000000000005
2010-02-10,0.0008811748998664747
2010-02-11,0.00704246718584554
2010-02-12,0.0003899959847782044
2010-02-16,0.012419186785260458
2010-02-17,0.0073057030023220984
2010-02-18,0.008360585724674708
2010-02-19,0.0019572497346064554
2010-02-22,0.00375635858234887
2010-02-23,-0.006364316949029854
2010-02-24,0.004509044293766214
2010-02-25,0.0007968705833537465
2010-02-26,0.0041590324174162535
2010-03-01,0.0037320199094643485
2010-03-02,0.0019451809032086393
2010-03-03,0.001752396085296407
2010-03-04,0.00043422364149571746
2010-03-05,0.008341123927555006
2010-03-08,0.0024609463639892987
2010-03-09,-0.00044123780906227744
2010-03-10,-0.0011274708482105812
2010-03-11,-0.0012456771774902663
2010-03-12,0.0014034316372413872
2010-03-15,-4.0915095249826374e-05
2010-03-16,0.0049111531976044715
2010-03-17,0.0063965517589280665
2010-03-18,0.0023676230659991143
2010-03-19,-0.003089438035963624
2010-03-22,0.0021904268767124237
2010-03-23,0.0033640866840433654
2010-03-24,-0.00329098255442119
2010-03-25,-0.0017472163478715562
2010-03-26,0.0019015197568389248
2010-03-29,0.0036891903140636837
2010-03-30,0.0030917783625661445
2010-03-31,0.0008223034023050726
2010-04-01,0.0005817486511186972
2010-04-05,0.006546112338274782
2010-04-06,0.004504207118960658
2010-04-07,-0.002902601824969595
2010-04-08,0.002826479145541447
2010-04-09,0.0018398882646426839
2010-04-12,0.0002783321542534893
2010-04-13,-0.0007090205889988127
2010-04-14,0.003716776837118754
2010-04-15,-0.0
2010-04-16,-0.006473728731246089
2010-04-19,0.0045943617358251455
2010-04-20,0.00868267747191232
2010-04-21,-0.0007951666697119009
2010-04-22,0.0004518041514085871
2010-04-23,0.0012798547159499334
2010-04-26,-0.002184435868300647
2010-04-27,-0.019589425710781847
2010-04-28,-0.0003162
2010-04-29,0.009966903073286069
2010-04-30,-0.01738106493445247
2010-05-03,0.008193613845476793
2010-05-04,-0.02173200701517417
2010-05-05,-0.010847867527204095
2010-05-06,-0.04441658245491149
2010-05-07,0.0
2010-05-10,-0.0002163
2010-05-11,0.0006496689959543911
2010-05-12,0.007897695389499332
2010-05-13,-0.003413301772146166
2010-05-14,-0.015070990387346972
2010-05-17,0.002616596148864518
2010-05-18,0.02102499217651026
2010-05-19,0.0
2010-05-20,0.0
2010-05-21,-0.0
2010-05-24,-0.0
2010-05-25,-0.00051915
2010-05-26,0.00889736911834548
2010-05-27,-0.00022260000000000002
2010-05-28,-0.00330686615904897
2010-06-01,0.0
2010-06-02,-0.000226275
2010-06-03,0.001358303030303032
2010-06-04,-0.014972903908346817
2010-06-07,0.0
2010-06-08,-0.0
2010-06-09,-0.00050595
2010-06-10,0.020489461198643397
2010-06-11,0.0038863430393555488
2010-06-14,0.0030197246181882507
2010-06-15,0.008902963153241837
2010-06-16,0.003307271923806854
2010-06-17,0.0023576524877462067
2010-06-18,0.001971817182581967
2010-06-21,-0.0021479820627802676
2010-06-22,-0.011060698376916997
2010-06-23,-0.0034440962298901696
2010-06-24,-0.015890526318915677
2010-06-25,0.0072046817031954005
2010-06-28,-0.004424438368281749
2010-06-29,-0.027659798937351463
2010-06-30,-0.005224304648123925
2010-07-01,0.0032866683459464954
2010-07-02,0.010646511873155618
2010-07-06,0.01725744843391901
2010-07-07,0.01813846209980154
2010-07-08,0.004674116105375443
2010-07-09,0.002108298709818498
2010-07-12,0.0031301705733853165
2010-07-13,0.0006938917808144016
2010-07-14,-0.00388774722589418
2010-07-15,-0.0019655747294530664
2010-07-16,-0.01176886179878294
2010-07-19,0.003736240840412502
2010-07-20,0.01612435473699882
2010-07-21,-0.0026430087140972016
2010-07-22,0.013153233272111995
2010-07-23,0.005790417869144565
2010-07-26,0.008338014380470632
2010-07-27,0.00038927246706332505
2010-07-28,-0.00275965451055663
2010-07-29,0.0001109424922800014
2010-07-30,0.002250238582813376
2010-08-02,0.01354437983928414
2010-08-03,-0.0024878680248055407
2010-08-04,0.0022212339115227514
2010-08-05,-0.0014812383882698776
2010-08-06,-8.413814966643567e-05
2010-08-09,0.003757190765116487
2010-08-10,-0.0012373496106681608
2010-08-11,-0.017775762851364552
2010-08-12,-0.0037273634772891032
2010-08-13,-0.005285523455226097
2010-08-16,0.003381700694339845
2010-08-17,0.007956473730260883
2010-08-18,0.0032422436720943603
2010-08-19,-0.007185439173702127
2010-08-20,0.002456947488384301
2010-08-23,0.004786913713869474
2010-08-24,-0.006787138751239982
2010-08-25,0.005451673812972202
2010-08-26,-0.002978079536161831
2010-08-27,0.01602949503301341
2010-08-30,-0.007410505964779657
2010-08-31,0.004823361848487525
2010-09-01,0.016379796663046328
2010-09-02,0.006120073347168691
2010-09-03,0.011481489526865708
2010-09-07,-0.00338153636767844
2010-09-08,0.006127868852459011
2010-09-09,0.0021273918187227872
2010-09-10,0.004953700101646346
2010-09-13,0.010997935226226564
2010-09-14,-0.0
2010-09-15,0.003327975360378198
2010-09-16,0.0008114912585906955
2010-09-17,0.00032304627284691293
2010-09-20,0.005466115150404734
2010-09-21,-0.0007868746970568005
2010-09-22,-0.004125270845036513
2010-09-23,-0.007173579489354924
2010-09-24,0.01320939017638983
2010-09-27,-0.0010782787610201408
2010-09-28,0.0002994478015557943
2010-09-29,-0.003505474784519527
2010-09-30,-0.005865459572368474
2010-10-01,0.004788275198396254
2010-10-04,-0.0032661973222858414
2010-10-05,0.01143416662800272
2010-10-06,0.0026960072385457767
2010-10-07,0.0015230021242391893
2010-10-08,0.008398266518642129
2010-10-11,0.005098837318449122
2010-10-12,0.006497511286766342
2010-10-13,0.004298758213134427
2010-10-14,-0.005603607765408615
2010-10-15,0.0017791910644321869
2010-10-18,0.006302929422455811
2010-10-19,-0.004669432347425333
2010-10-20,0.009253091241666745
2010-10-21,0.005253982300884968
2010-10-22,0.007706261950157909
2010-10-25,0.0013656397784301828
2010-10-26,-0.0034933577759519332
2010-10-27,-0.003548969403086974
2010-10-28,0.00039173977952740936
2010-10-29,0.0001391072618254517
2010-11-01,0.0013601414763830032
2010-11-02,0.00466895172421136
2010-11-03,0.01168213576744173
2010-11-04,0.011788782405617733
2010-11-05,4.369112024899845e-05
2010-11-08,-0.0010422466804007272
2010-11-09,-0.0008860044000617741
2010-11-10,0.0018500860042772968
2010-11-11,-0.0016015590447423973
2010-11-12,-0.010554639667342148
2010-11-15,0.0029550618840032197
2010-11-16,-0.008670666755925134
2010-11-17,0.004729678340103193
2010-11-18,0.01529354084657814
2010-11-19,0.0024329353349699686
2010-11-22,0.006653741015597568
2010-11-23,-0.008842091421418393
2010-11-24,0.008744366235703733
2010-11-26,-0.012831964368900021
2010-11-29,-0.00032295
2010-11-30,-0.015600867294600399
2010-12-01,0.011857960755022467
2010-12-02,0.018565617598932695
2010-12-03,0.007526154912445078
2010-12-06,0.0021811418685121035
2010-12-07,0.00032715530149935357
2010-12-08,0.002416531909074644
2010-12-09,0.003384061042814749
2010-12-10,0.0006713382367124573
2010-12-13,-0.0022266784849817836
2010-12-14,-0.001981475481025642
2010-12-15,-0.003105920521621086
2010-12-16,0.0033077499451082673
2010-12-17,0.0030074562640072396
2010-12-20,0.0055090890709340095
2010-12-21,0.0031626528888628893
2010-12-22,0.00026366950628774015
2010-12-23,-0.0050935403599276586
2010-12-27,-0.004906656467715603
2010-12-28,-0.0008976693526154581
2010-12-29,0.002190963240026332
2010-12-30,0.0012639150762436236
2010-12-31,0.0026533668462897712
2011-01-03,0.0029097238188672703
2011-01-04,0.001167673585956249
2011-01-05,0.0030912316389967672
2011-01-06,0.0004053010628160988
2011-01-07,-0.0006262542702745159
2011-01-10,0.0001556660383247164
2011-01-11,0.0050367383485855
2011-01-12,0.007465358239024635
2011-01-13,0.000989496428390362
2011-01-14,0.006658438890527513
2011-01-18,0.003963195889645701
2011-01-19,-0.007841822451855317
2011-01-20,0.00089524339281422
2011-01-21,-0.001756166147147435
2011-01-24,0.00398582873520173
2011-01-25,0.0017543156360307008
2011-01-26,0.005571642455391267
2011-01-27,0.0026890127263243372
2011-01-28,-0.01608024600981799
2011-01-31,0.0026770510396975215
2011-02-01,0.010341695477865264
2011-02-02,-0.00032155005583240807
2011-02-03,0.0027108255429491796
2011-02-04,0.004673440700943052
2011-02-07,0.0034916346780232946
2011-02-08,0.0019008974889123402
2011-02-09,-0.00033495338990211843
2011-02-10,-0.00047679329826055854
2011-02-11,0.0024708721274377364
2011-02-14,0.0018174673697870188
2011-02-15,-0.001924337174160488
2011-02-16,-0.002126945899479391
2011-02-17,-0.0014015012233597828
2011-02-18,-0.0013986802345723756
2011-02-22,-0.022995869009192278
2011-02-23,-0.010240618030632802
2011-02-24,0.0034379908132688777
2011-02-25,0.014996892753606621
2011-02-28,0.008629734463811755
2011-03-01,-0.016523519487511053
2011-03-02,0.0009432815876975934
2011-03-03,0.010947995080710034
2011-03-04,-0.0037388959090182087
2011-03-07,-0.007411468471119015
2011-03-08,0.004427592844235888
2011-03-09,-0.004299904891755865
2011-03-10,-0.00911100483420259
2011-03-11,0.006691328648799183
2011-03-14,-0.0025462304641282033
2011-03-15,-0.012760343825485122
2011-03-16,0.0
2011-03-17,-0.0
2011-03-18,-0.0
2011-03-21,-0.00030915
2011-03-22,0.0008934421693414624
2011-03-23,0.008804269627444721
2011-03-24,0.0024138842764657455
2011-03-25,0.001353517364203023
2011-03-28,-0.004754155537460949
2011-03-29,0.005938877899149942
2011-03-30,0.0027676861596682974
2011-03-31,-0.0006134974910485452
2011-04-01,0.0021858171012136326
2011-04-04,0.0028354573128438355
2011-04-05,0.0010720496766151685
2011-04-06,0.0007574934276979102
2011-04-07,-0.001199728751530423
2011-04-08,-0.002409894131322679
2011-04-11,0.0018429378254407938
2011-04-12,-0.0022390603339854974
2011-04-13,0.0030649419735565824
2011-04-14,0.0020174660196776834
2011-04-15,0.005044023087373189
2011-04-18,-0.004542551505805894
2011-04-19,0.009205520793901127
2011-04-20,0.00777573494030377
2011-04-21,0.0019997376178473515
2011-04-25,0.0035494196671363655
2011-04-26,0.0013850176969235765
2011-04-27,0.00252470083000684
2011-04-28,0.0020976728109887892
2011-04-29,0.00038418796605396016
2011-05-02,-0.0039975045213084615
2011-05-03,-0.004368207324276431
2011-05-04,-0.0020535100772466047
2011-05-05,-0.002707751796038568
2011-05-06,0.001810420589476471
2011-05-09,0.006218616972452844
2011-05-10,0.006201627742879771
2011-05-11,-0.004189207646403743
2011-05-12,0.003182003968078585
2011-05-13,-0.0033150793694019707
2011-05-16,-0.0037904052114494887
2011-05-17,0.0029304821930814804
2011-05-18,0.00516403146150618
2011-05-19,0.0034157125054190217
2011-05-20,-0.0034146885648294405
2011-05-23,-0.004572956609485368
2011-05-24,0.002235508477093706
2011-05-25,0.0031164347635888098
2011-05-26,0.004819593781730902
2011-05-27,0.003106552493048688
2011-05-31,0.004897456319350724
2011-06-01,-0.011222944569069098
2011-06-02,0.0015934821455079694
2011-06-03,-0.001127982254358058
2011-06-06,-0.0020097778528082697
2011-06-07,0.0020535422140664744
2011-06-08,-0.0023746756299774475
2011-06-09,0.005435321999428119
2011-06-10,-0.006398482214966822
2011-06-13,-0.003946304007366158
2011-06-14,0.007724904032576213
2011-06-15,-0.015527140704771868
2011-06-16,-0.010515120777524955
2011-06-17,-0.00032775
2011-06-20,0.010037701104865286
2011-06-21,0.004836298568201211
2011-06-22,-0.0034110134141641124
2011-06-23,0.004188048058610388
2011-06-24,-0.010809719205510193
2011-06-27,0.004810218766456902
2011-06-28,0.009982629087333215
2011-06-29,0.009314221556244952
2011-06-30,0.006994615455348058
2011-07-01,0.007473186984393804
2011-07-05,-0.0007180632591634912
2011-07-06,-0.0026077000831184003
2011-07-07,0.0047776860723802595
2011-07-08,-0.0036161335288717785
2011-07-11,-0.01408251996447897
2011-07-12,-0.004826986050012509
2011-07-13,-0.001085901135020129
2011-07-14,-0.006097831252100514
2011-07-15,0.004454631829032239
2011-07-18,-0.007981953398908998
2011-07-19,0.012723245893668663
2011-07-20,0.0037490011399946106
2011-07-21,0.009582001200547474
2011-07-22,0.0009683478967268704
2011-07-25,-0.009677749993238616
2011-07-26,-0.0029813406095254543
2011-07-27,-0.014793942800732079
2011-07-28,0.0
2011-07-29,-0.0
2011-08-01,-0.0
2011-08-02,0.0
2011-08-03,-0.0
2011-08-04,0.0
2011-08-05,0.0
2011-08-08,0.0
2011-08-09,-0.0005259
2011-08-10,0.051939866069443584
2011-08-11,-0.01464092766769659
2011-08-12,0.00169809091066754
2011-08-15,-0.01780737484365899
2011-08-16,0.003919401615271648
2011-08-17,0.011226210550918294
2011-08-18,0.06404531592208139
2011-08-19,0.024718029809619277
2011-08-22,0.01374239275121639
2011-08-23,-0.023592184167720784
2011-08-24,-0.0072272324723247254
2011-08-25,0.010401104787659442
2011-08-26,-0.0
2011-08-29,-0.00048420000000000006
2011-08-30,0.008850967741935499
2011-08-31,-0.007578825352149902
2011-09-01,-0.0027819509205701466
2011-09-02,-0.019633524922293234
2011-09-06,0.0
2011-09-07,-0.0
2011-09-08,0.0
2011-09-09,0.0
2011-09-12,0.0
2011-09-13,-0.0
2011-09-14,-0.000519
2011-09-15,0.017663098046331607
2011-09-16,0.007656377784940429
2011-09-19,-0.012748705018158382
2011-09-20,0.0015325437779374021
2011-09-21,-0.027289259084779326
2011-09-22,0.0
2011-09-23,0.0
2011-09-26,-0.0
2011-09-27,-0.0
2011-09-28,0.0
2011-09-29,-0.0
2011-09-30,0.0
2011-10-03,0.0
2011-10-04,-0.0
2011-10-05,-0.0005671500000000001
2011-10-06,0.005058193979933111
2011-10-07,-0.0007316815411848863
2011-10-10,0.026884225295495476
2011-10-11,0.0008129418681560967
2011-10-12,0.010247459135042014
2011-10-13,0.0010830213445491344
2011-10-14,0.009176462096606847
2011-10-17,-0.035792111526691615
2011-10-18,0.019555771174063936
2011-10-19,-0.02754613190090199
2011-10-20,0.0
2011-10-21,-0.0004698
2011-10-24,0.0177320610687023
2011-10-25,-0.02414023029076462
2011-10-26,0.017437400231128043
2011-10-27,0.040274044344763976
2011-10-28,0.00019524539877300377
2011-10-31,-0.016515887934965542
2011-11-01,-0.03760316536881051
2011-11-02,-0.0004911000000000001
2011-11-03,0.014814075447749531
2011-11-04,-0.002705522238880562
2011-11-07,0.0009193561933360229
2011-11-08,0.008591923111249544
2011-11-09,-0.030427811707749875
2011-11-10,-0.024404594754897615
2011-11-11,0.014680745619891146
2011-11-14,-0.002830464121132329
2011-11-15,9.913098006246657e-06
2011-11-16,-0.019462081742097986
2011-11-17,-0.011395697937893716
2011-11-18,0.014436443595094509
2011-11-21,-0.006180005602249936
2011-11-22,0.00653079136812926
2011-11-23,-0.013164807046721965
2011-11-25,-0.008582326253374866
2011-11-28,0.024563722361711043
2011-11-29,0.006171509489417275
2011-11-30,0.02770232971316414
2011-12-01,0.0026679462571977054
2011-12-02,0.0007661902187366528
2011-12-05,0.0004305651225337172
2011-12-06,-0.001287584136463086
2011-12-07,-0.00293907075875854
2011-12-08,-0.014648026315789464
2011-12-09,0.02611283941679444
2011-12-12,-0.0022925840092699935
2011-12-13,0.001316578914885906
2011-12-14,-0.0008731907782827511
2011-12-15,0.009773282442748108
2011-12-16,0.0007263710251218443
2011-12-19,0.0043375572085180385
2011-12-20,0.015288199468812083
2011-12-21,0.009083063829787238
2011-12-22,-0.0025972321016573354
2011-12-23,-0.0025475632044384814
2011-12-27,0.0008954824122371212
2011-12-28,-0.010176638307656935
2011-12-29,0.006076893561367998
2011-12-30,-0.006057266934588683
2012-01-03,0.014713089399854051
2012-01-04,0.004738836757055152
2012-01-05,0.003590001027270986
2012-01-06,0.004969513266361411
2012-01-09,0.0019030727387851075
2012-01-10,0.004126481585517633
2012-01-11,-0.004336959709019371
2012-01-12,0.00395692684659344
2012-01-13,-0.0028487614529806335
2012-01-17,0.00112851684505284
2012-01-18,0.005915986688031553
2012-01-19,0.0060184727544737695
2012-01-20,0.006324675488680382
2012-01-23,0.00485044674217901
2012-01-24,0.0010996345196019996
2012-01-25,0.005622256915723909
2012-01-26,0.00022085801792844502
2012-01-27,0.003384384620025091
2012-01-30,-0.004184604290208799
2012-01-31,-0.0017433579201611147
2012-02-01,0.007760150568019686
2012-02-02,0.006007813869494887
2012-02-03,0.00831553899969028
2012-02-06,0.0012538790071003455
2012-02-07,-0.0019513670520105437
2012-02-08,-0.00546341729201389
2012-02-09,-0.007561820272474793
2012-02-10,-0.013549060136602141
2012-02-13,0.014920159198456883
2012-02-14,-0.004520918886520102
2012-02-15,-0.014298613517568387
2012-02-16,0.011979626186092066
2012-02-17,0.0015086429139830276
2012-02-21,0.00013485928945432144
2012-02-22,0.005888135263368047
2012-02-23,0.011879345843460438
2012-02-24,-0.0074305799515878
2012-02-27,-0.0025460170546208844
2012-02-28,0.00501149116542135
2012-02-29,-0.0006436578218163109
2012-03-01,0.0065804547983355725
2012-03-02,-0.0028133854680119637
2012-03-05,0.0011970509183949797
2012-03-06,-0.015042039396336925
2012-03-07,0.01372264052741153
2012-03-08,0.0068514634727570535
2012-03-09,0.004675210478077307
2012-03-12,0.009136402544315287
2012-03-13,0.006122983127068903
2012-03-14,-0.008247841571050503
2012-03-15,0.0034861830208289027
2012-03-16,0.0021841070099701434
2012-03-19,0.011562332964975915
2012-03-20,0.006268791098834409
2012-03-21,0.007601947231956085
2012-03-22,-0.0018629720577151667
2012-03-23,0.009971508533876376
2012-03-26,0.012417486338797815
2012-03-27,-0.01574609820773588
2012-03-28,-0.0006006779109765865
2012-03-29,0.003739743110053356
2012-03-30,0.0031517511520487863
2012-04-02,-0.0005852233356389623
2012-04-03,-0.002739244673549972
2012-04-04,-0.005332007691795027
2012-04-05,-0.004299675938228534
2012-04-09,-0.008676023014247665
2012-04-10,-0.01117821030841505
2012-04-11,0.0035030213270142024
2012-04-12,0.02177296714048065
2012-04-13,-0.015180592510506866
2012-04-16,0.0027863111930199655
2012-04-17,0.012715036026895488
2012-04-18,-0.005377006452123533
2012-04-19,0.001316339418148137
2012-04-20,0.006038769447051754
2012-04-23,-0.007542531775900301
2012-04-24,0.007218586760946163
2012-04-25,0.009905724293303697
2012-04-26,0.0045181639297474764
2012-04-27,8.316589055938887e-05
2012-04-30,-0.0031630513132523755
2012-05-01,0.003713188030422375
2012-05-02,0.00014308824315696931
2012-05-03,-0.005490736700720327
2012-05-04,-0.008459335835964664
2012-05-07,0.005691998083373246
2012-05-08,-0.0015234119069718844
2012-05-09,-0.00798754927361577
2012-05-10,0.009463178404816459
2012-05-11,-0.0067519899606941535
2012-05-14,-0.013254532392070688
2012-05-15,-0.007305906895436623
2012-05-16,-0.004172366670759717
2012-05-17,-0.01645728000813081
2012-05-18,-0.018364203701947628
2012-05-21,0.036077686445171724
2012-05-22,-0.0063190779864869245
2012-05-23,0.0013714530459158524
2012-05-24,0.004629405157110634
2012-05-25,-0.0022595715647348662
2012-05-29,0.013345972769178266
2012-05-30,-0.022220054945210763
2012-05-31,-0.0032321215261208653
2012-06-01,-0.01608406447238711
2012-06-04,0.006947590923295662
2012-06-05,0.011181887382005451
2012-06-06,0.018098448340639953
2012-06-07,0.002312857480596756
2012-06-08,0.012229297259965044
2012-06-11,-0.012333585037315516
2012-06-12,0.008235913759052546
2012-06-13,-0.005816271341589289
2012-06-14,0.01568174113896169
2012-06-15,0.006188300510943804
2012-06-18,0.01743648757016839
2012-06-19,-0.00040451898925618275
2012-06-20,0.01243303680020764
2012-06-21,-0.024987153627147415
2012-06-22,0.012761915631654394
2012-06-25,-0.002520206875901061
2012-06-26,0.006062808195392982
2012-06-27,0.00044345872225434507
2012-06-28,0.0030884990300639116
2012-06-29,0.014381735191371902
2012-07-02,0.005696999356085003
2012-07-03,0.001857202594636062
2012-07-05,-0.0037247474656887125
2012-07-06,0.0017085210156015202
2012-07-09,-0.00017183321706793124
2012-07-10,-0.006884018143009607
2012-07-11,0.007425878461214844
2012-07-12,-0.0014705824671901709
2012-07-13,0.010716421197366183
2012-07-16,0.00015748951782917228
2012-07-17,0.006627943203749656
2012-07-18,-0.0008902388385992769
2012-07-19,0.003967377104256081
2012-07-20,-0.008254410768811862
2012-07-23,-0.014282710885220035
2012-07-24,-0.009170090537853436
2012-07-25,0.00670952803848058
2012-07-26,0.0165756025866009
2012-07-27,0.004152978844685225
2012-07-30,-0.00703008866826925
2012-07-31,-0.0034584094708567303
2012-08-01,0.002040561436329944
2012-08-02,0.007396745971787423
2012-08-03,0.011894329558124086
2012-08-06,0.0016020376862401326
2012-08-07,-0.003303619187207115
2012-08-08,0.0068792469458127115
2012-08-09,0.0009443438218206054
2012-08-10,0.0011613278193807843
2012-08-13,0.0032251403235441277
2012-08-14,-0.005956208566139999
2012-08-15,0.0004039312595437867
2012-08-16,0.0021737937919403746
2012-08-17,0.004891467472857733
2012-08-20,8.192883419663743e-05
2012-08-21,-0.003900737228768537
2012-08-22,-0.002016226680344392
2012-08-23,-0.002412327368737495
2012-08-24,0.005860162494971746
2012-08-27,-0.0018513489799945322
2012-08-28,-0.00151091002617855
2012-08-29,-0.001956216749558065
2012-08-30,-0.003197748757468006
2012-08-31,0.005914384874565991
2012-09-04,0.0031379058009579587
2012-09-05,0.004008948572732991
2012-09-06,0.016742164289250742
2012-09-07,0.008461666383259011
2012-09-10,-0.009727300953527362
2012-09-11,0.0007476394727611827
2012-09-12,0.006361042767172014
2012-09-13,0.008899583668909835
2012-09-14,-0.0072000963787534405
2012-09-17,0.004376928041888235
2012-09-18,0.004902983379500922
2012-09-19,0.0016174099308828287
2012-09-20,-0.002756402074074264
2012-09-21,0.002671609305161805
2012-09-24,0.0012856944189181341
2012-09-25,-0.009095835220992339
2012-09-26,-0.004634505177545543
2012-09-27,0.014212196812196798
2012-09-28,-0.002742959333573167
2012-10-01,-0.00406008822684147
2012-10-02,0.0031939714608225636
2012-10-03,0.0015176999645075938
2012-10-04,0.004507709996382738
2012-10-05,0.0009378513975557852
2012-10-08,-0.00133250294126991
2012-10-09,-0.006221109286073042
2012-10-10,-0.0007545466655347518
2012-10-11,0.005198662238815802
2012-10-12,-0.003945886217556921
2012-10-15,0.007586036921611577
2012-10-16,0.0032934020297921292
2012-10-17,0.002254783575330646
2012-10-18,-0.0021434735979476483
2012-10-19,-0.007696368001822256
2012-10-22,0.0022676054567881375
2012-10-23,-0.015355365863216036
2012-10-24,0.004149920886075939
2012-10-25,0.0038541343308990624
2012-10-26,0.0003581125085422699
2012-10-31,-0.006475897504213134
2012-11-01,0.018409674020905008
2012-11-02,-0.00782535118333854
2012-11-05,-0.0028738878617606744
2012-11-06,0.008922084622785391
2012-11-07,-0.015085090275959497
2012-11-08,0.0025489353058075767
2012-11-09,-0.0021217648523097136
2012-11-12,0.01279124283831739
2012-11-13,0.001412704389537976
2012-11-14,-0.007745512628434572
2012-11-15,-0.0015160570778705177
2012-11-16,0.009516970971772206
2012-11-19,0.014636648799240122
2012-11-20,0.0008844104457926789
2012-11-21,-0.0003166105878178599
2012-11-23,0.003257446808510619
2012-11-26,0.007717485032056122
2012-11-27,0.002530948267779544
2012-11-28,0.00919392097264437
2012-11-29,0.010843002982477614
2012-11-30,0.007411958748882416
2012-12-03,0.0004823708206686998
2012-12-04,-0.0004806727854355164
2012-12-05,0.0033765595988973184
2012-12-06,0.00047051383987809224
2012-12-07,0.0042197679004373516
2012-12-10,0.004087086961814465
2012-12-11,0.007918201922778204
2012-12-12,0.002847406386723985
2012-12-13,-0.0014544072948328474
2012-12-14,-0.003919485508128599
2012-12-17,0.002519118741038824
2012-12-18,0.008908561617563707
2012-12-19,-0.0022258146885939106
2012-12-20,-0.0022633263256879328
2012-12-21,-0.002301556673854472
2012-12-24,-0.0023405224612996905
2012-12-26,-0.002423559631580863
2012-12-27,-0.002842066869300936
2012-12-28,-0.003194270730990393
2012-12-31,-0.0002703
2013-01-02,-0.0027939242401662135
2013-01-03,-0.0010708814589665743
2013-01-04,-0.0010876700270728902
2013-01-07,-0.0011047403620887538
2013-01-08,-0.001122097781314779
2013-01-09,-0.0011397477211638673
2013-01-10,-0.0011576957404269346
2013-01-11,-0.0011759475236473318
2013-01-14,-0.0011945088846082323
2013-01-15,-0.0012133857699374439
2013-01-16,-0.0013051516431162313
2013-01-17,-0.0019579331306991046
2013-01-18,-0.001990395782293262
2013-01-22,-0.0020234624824657767
2013-01-23,-0.002057146682680678
2013-01-24,-0.0020914622095274684
2013-01-25,-0.002126423277818412
2013-01-28,-0.002162044504241091
2013-01-29,-0.0022285105809394168
2013-01-30,-0.0019418844984802593
2013-01-31,-0.0019740493198241943
2013-02-01,-0.0020068115844271935
2013-02-04,-0.0020401845604838963
2013-02-05,-0.0020741818849500915
2013-02-06,-0.002108817576371625
2013-02-07,-0.0021441060482552676
2013-02-08,-0.0022126666993493235
2013-02-11,-0.001899574468085122
2013-02-12,-0.001930956620353404
2013-02-13,-0.0019629189431642846
2013-02-14,-0.0019954742284135135
2013-02-15,-0.0020286356203254347
2013-02-19,-0.002093347078766364
2013-02-20,-0.0018285067872900616
2013-02-21,-0.0021417629179331485
2013-02-22,-0.002177674585489375
2013-02-25,-0.002445756501950659
2013-02-26,-0.00025305000000000005
2013-02-27,-0.0026081769826544407
2013-02-28,-0.0010745288753799484
2013-03-01,-0.0010913786102374407
2013-03-04,-0.0011085112647457325
2013-03-05,-0.0011259321819785692
2013-03-06,-0.0011436468248270375
2013-03-07,-0.0011616607792887055
2013-03-08,-0.0011799797578663747
2013-03-11,-0.0012468295969018772
2013-03-12,-0.0016865653495440871
2013-03-13,-0.0017140626527738221
2013-03-14,-0.001742056247339532
2013-03-15,-0.0017705566748544982
2013-03-18,-0.0017995747538535251
2013-03-19,-0.0018291215888637674
2013-03-20,-0.00185920857983646
2013-03-21,-0.0018898474319564596
2013-03-22,-0.001921050165847408
2013-03-25,-0.0019528291281912977
2013-03-26,-0.0019851970027822473
2013-03-27,-0.0020181668220353812
2013-03-28,-0.002051751978972864
2013-04-01,-0.002085966239710372
2013-04-02,-0.002120823756468595
2013-04-03,-0.002156339081135737
2013-04-04,-0.0021925271794084843
2013-04-05,-0.00222940344554047
2013-04-08,-0.0023061457592235186
2013-04-09,-0.0019243768996960646
2013-04-10,-0.001956217414857876
2013-04-11,-0.001988648201129273
2013-04-12,-0.002052096275967803
2013-04-15,-0.0019433764574038155
2013-04-16,-0.0001047
2013-04-17,-0.0010183586626139904
2013-04-18,-0.0014056683623967015
2013-04-19,0.0021831102829716737
2013-04-22,-0.0010920364741641429
2013-04-23,-0.0011091801864236148
2013-04-24,-0.00112661237061228
2013-04-25,-0.001144338494324479
2013-04-26,-0.0011623641483905238
2013-04-29,-0.0012630382100715712
2013-04-30,-0.0020002431610942418
2013-05-01,-0.002033493521549908
2013-05-02,-0.002067365486461265
2013-05-03,-0.002101872997384028
2013-05-06,-0.0021705267753592216
2013-05-07,-0.0018470516717325382
2013-05-08,-0.0018774673172147307
2013-05-09,-0.0019084419750832787
2013-05-10,-0.0019399878596814087
2013-05-13,-0.0019721175179687254
2013-05-14,-0.0020048438408446123
2013-05-15,-0.0020381800749397806
2013-05-16,-0.0020721398348987484
2013-05-17,-0.002140210083507654
2013-05-20,-0.0018164133738601976
2013-05-21,-0.0020372243376734593
2013-05-22,0.000789372642938617
2013-05-23,-0.0012428738285222023
2013-05-24,0.00033718786111667506
2013-05-28,0.001344453924106732
2013-05-29,-0.0005759670961275589
2013-05-30,-0.0012011815119389846
2013-05-31,-0.0055208689467540996
2013-06-03,0.0012781790895282875
2013-06-04,-0.0009145454381058099
2013-06-05,-0.005773768654857696
2013-06-06,0.0041770453494747225
2013-06-07,0.003471409081658682
2013-06-10,0.001824423376276372
2013-06-11,-0.00839608329852638
2013-06-12,-0.008893595200805194
2013-06-13,0.007971232326798314
2013-06-14,-0.002937996592278753
2013-06-17,0.004713138798826616
2013-06-18,0.0012780057487247463
2013-06-19,0.00032522382258193884
2013-06-20,-0.020196255315718382
2013-06-21,-0.00014174999999999998
2013-06-24,-0.005727185990450417
2013-06-25,0.0062753956802643505
2013-06-26,0.0025849549185842985
2013-06-27,0.0029316750933430988
2013-06-28,0.0007013224046061464
2013-07-01,0.0019501866394124126
2013-07-02,0.0001343407531262056
2013-07-03,0.0010719113113981148
2013-07-05,0.004912891599357329
2013-07-08,0.005824597089657325
2013-07-09,0.00136044179921558
2013-07-10,0.002474362886229505
2013-07-11,0.0027061949610479408
2013-07-12,-0.001286039086686379
2013-07-15,0.004045614167667902
2013-07-16,-0.003583287611985768
2013-07-17,0.004714021040734562
2013-07-18,0.001254156357883811
2013-07-19,0.004525720031513565
2013-07-22,0.0017152900631425118
2013-07-23,0.0004099635174389166
2013-07-24,-0.0010938265221731816
2013-07-25,0.0024424430274363924
2013-07-26,0.0004045492076621255
2013-07-29,-0.0013858378357184768
2013-07-30,0.0025568886468094287
2013-07-31,0.0029082457731783445
2013-08-01,0.002538736863522272
2013-08-02,0.0033731648018132283
2013-08-05,0.0011574713289205976
2013-08-06,-0.002925264990398846
2013-08-07,-0.0013832276179923757
2013-08-08,0.0018598545513657926
2013-08-09,-0.002588519601755123
2013-08-12,0.0018279716466739356
2013-08-13,0.0012896104389844047
2013-08-14,-0.0022562324039508367
2013-08-15,-0.0059408605744654
2013-08-16,0.000847886540970723
2013-08-19,-0.0034145339942146967
2013-08-20,0.0025188687454993164
2013-08-21,-0.004378877883245721
2013-08-22,0.005853235960750467
2013-08-23,0.002183957564695637
2013-08-26,-0.005580091044486719
2013-08-27,-0.011800132826649783
2013-08-28,-0.0011584687385262438
2013-08-29,-0.0
2013-08-30,-0.0014858176838613959
2013-09-03,0.0053277131089085935
2013-09-04,0.0011461871972110384
2013-09-05,0.0020274199595737494
2013-09-06,-0.0008810000513625911
2013-09-09,0.006153416896535826
2013-09-10,0.004560686948114695
2013-09-11,0.005181017065095948
2013-09-12,-0.0008780509037992365
2013-09-13,-0.0
2013-09-16,0.0019248752425748811
2013-09-17,0.0008018866318694921
2013-09-18,0.005939638891670095
2013-09-19,-0.00041933821715673053
2013-09-20,-0.002089425459439087
2013-09-23,-0.0028367357780248134
2013-09-24,0.0023140029356891177
2013-09-25,8.286851155015002e-05
2013-09-26,0.0020637749543841017
2013-09-27,-0.005043137414286333
2013-09-30,-0.00633666719417628
2013-10-01,0.006977773700318074
2013-10-02,-0.007666356887839345
2013-10-03,-0.007100677444381644
2013-10-04,0.004436278842463872
2013-10-07,-0.0148903871019029
2013-10-08,0.0
2013-10-09,-0.0
2013-10-10,-0.0002472
2013-10-11,0.0047957158068391535
2013-10-14,-0.00129096993882584
2013-10-15,-0.008156606098444432
2013-10-16,-0.00011032500000000001
2013-10-17,0.004729903536977492
2013-10-18,0.0009669819069736035
2013-10-21,-0.0011694615546341313
2013-10-22,-0.00012486564652048308
2013-10-23,-0.0007590292841648564
2013-10-24,0.0019848950563194907
2013-10-25,-0.0004489929562450332
2013-10-28,-0.00032254485054440375
2013-10-29,0.0006078888484948171
2013-10-30,-0.0007305220313814546
2013-10-31,0.00044457322015654954
2013-11-01,-0.00014181948858462594
2013-11-04,0.004418896481482459
2013-11-05,-0.0006666028244348233
2013-11-06,0.0023795175909701043
2013-11-07,-0.0042616576319592725
2013-11-08,0.005102696424462964
2013-11-11,0.0014158921387546113
2013-11-12,-0.0004293210835485392
2013-11-13,0.0011806776334633562
2013-11-14,0.0006809794747582678
2013-11-15,0.001914152929612246
2013-11-18,1.6840283497966156e-05
2013-11-19,-0.00174643352065683
2013-11-20,0.0026445499991855008
2013-11-21,0.0037652538190733457
2013-11-22,0.0009150028077442328
2013-11-25,-0.000237960148254766
2013-11-26,-0.0006241654745037297
2013-11-27,-0.0008145406345625997
2013-11-29,-0.0007363999763090184
2013-12-02,-0.002440587695133155
2013-12-03,-0.003167715629078596
2013-12-04,0.0026151124619656035
2013-12-05,-0.0019482155859559943
2013-12-06,0.005188089139927045
2013-12-09,0.0018787050053712393
2013-12-10,-0.0012780999527028953
2013-12-11,-0.006303186579470661
2013-12-12,-0.0015766341984919689
2013-12-13,-0.00019732337061166856
2013-12-16,-0.002565710092515169
2013-12-17,0.0013362912593907217
2013-12-18,0.009566762601581558
2013-12-19,0.00046846648050858416
2013-12-20,6.362172937538296e-05
2013-12-23,0.005031225950842167
2013-12-24,0.004485210128362512
2013-12-26,0.00016625414084326916
2013-12-27,-0.0024221576442637898
2013-12-30,-0.0018205678491442067
2013-12-31,-2.0662986974484806e-05
2014-01-02,-0.0024320567798401574
2014-01-03,0.0013599977963113523
2014-01-06,0.001354515865128834
2014-01-07,0.002473231332563515
2014-01-08,-0.00020336865372367463
2014-01-09,-0.0003449635219433693
2014-01-10,0.0027122387884116047
2014-01-13,-0.0030577620842762504
2014-01-14,0.0045897777575008986
2014-01-15,-0.0004394054270888253
2014-01-16,-0.0015535049746316775
2014-01-17,0.00037797428241001394
2014-01-21,0.0013487705607872612
2014-01-22,0.0024257565422497575
2014-01-23,-0.0030198711600448094
2014-01-24,-0.017133350017320626
2014-01-27,-0.0
2014-01-28,-0.00023700000000000001
2014-01-29,-0.012017835898924563
2014-01-30,-0.00025935
2014-01-31,-0.009493769606419209
2014-02-03,0.0
2014-02-04,-0.0
2014-02-05,0.0
2014-02-06,-0.000129225
2014-02-07,0.006427910216718265
2014-02-10,-0.00011909726802964643
2014-02-11,0.0028435430106908805
2014-02-12,0.0017657031519271447
2014-02-13,0.0001444603905718852
2014-02-14,0.0013639211354556542
2014-02-18,0.0009844326393805035
2014-02-19,-0.009261833424457818
2014-02-20,0.004363978509621835
2014-02-21,-0.0018519563551362738
2014-02-24,0.001345664754923124
2014-02-25,0.0009621730266791968
2014-02-26,-0.003738548538910311
2014-02-27,0.001671444069480461
2014-02-28,-0.001438871845889356
2014-03-03,-0.011535091861516704
2014-03-04,0.012714643210591467
2014-03-05,-0.0002516760674110664
2014-03-06,0.0007037854153809372
2014-03-07,-0.003460270712907268
2014-03-10,0.0004021121311126249
2014-03-11,-0.002055855626315434
2014-03-12,0.001680191100468932
2014-03-13,-0.0074693945497402185
2014-03-14,-0.00568825089471645
2014-03-17,0.00976352850695033
2014-03-18,0.005319273788269799
2014-03-19,-0.0037954282603630983
2014-03-20,0.0024002863142037283
2014-03-21,-0.002368730363928932
2014-03-24,0.0004064892610199064
2014-03-25,0.0022765464552551933
2014-03-26,-0.0034126525842849624
2014-03-27,0.002698663612536172
2014-03-28,0.0014102460646268904
2014-03-31,0.004038051285471095
2014-04-01,0.005055218468908693
2014-04-02,-0.0009237373617989732
2014-04-03,0.0013827315312008744
2014-04-04,-0.0034088621203601783
2014-04-07,-0.0036952581721863783
2014-04-08,0.0026077099233257463
2014-04-09,0.003665163251526427
2014-04-10,-0.008577104020441359
2014-04-11,-0.002649582384402335
2014-04-14,-0.000120825
2014-04-15,0.0011548387096774163
2014-04-16,0.002745477918995959
2014-04-17,0.0014405374989187986
2014-04-21,0.0009277698537291044
2014-04-22,0.0007362486700227247
2014-04-23,-0.000595546080125804
2014-04-24,-0.0005952588319483125
2014-04-25,-0.0006239667017955928
2014-04-28,0.0033476190476190476
2014-04-29,0.0017760706985574966
2014-04-30,-0.000147460609994481
2014-05-01,0.0005519278421968467
2014-05-02,-0.0003668950955057226
2014-05-05,0.0024344478957964025
2014-05-06,-0.0015295796807059158
2014-05-07,0.0030550954841459125
2014-05-08,-0.00018076869914809468
2014-05-09,0.002650434327820226
2014-05-12,0.0038716594179487355
2014-05-13,-0.0003023986031173595
2014-05-14,0.0011698214008018112
2014-05-15,-0.0017979760583280093
2014-05-16,0.00239345069171217
2014-05-19,0.0024655439774766397
2014-05-20,-0.00041698094023353584
2014-05-21,0.002659321499883827
2014-05-22,0.0004121758321516712
2014-05-23,0.0011879762937452782
2014-05-27,0.0036302567045804865
2014-05-28,-0.00012782401516851736
2014-05-29,0.0010388244428558681
2014-05-30,-0.00021064328291275696
2014-06-02,0.0006703361696542968
2014-06-03,-0.0004994390596261771
2014-06-04,0.0011181312831250554
2014-06-05,0.004115364166322299
2014-06-06,0.0054413776299192225
2014-06-09,-0.0013104420983617406
2014-06-10,0.0013858551647627593
2014-06-11,-0.002375078379017757
2014-06-12,-0.005021505892829569
2014-06-13,0.002494424409641582
2014-06-16,-0.00015404829956292178
2014-06-17,0.0035664556962025445
2014-06-18,0.006792799954507558
2014-06-19,-0.0009049072048001113
2014-06-20,-0.0009020178485408431
2014-06-23,0.0026028851529455443
2014-06-24,-0.004111483704185063
2014-06-25,0.0038324084929943695
2014-06-26,-0.0006532725736361199
2014-06-27,0.0008841150940965244
2014-06-30,0.0015984134569289215
2014-07-01,0.0028803807841920265
2014-07-02,0.0013044634032528654
2014-07-03,0.0010698948164019205
2014-07-07,-0.0025133407720985593
2014-07-08,-0.001062915293977159
2014-07-09,0.0018736851346218717
2014-07-10,-0.004832391413850357
2014-07-11,0.001646445141764209
2014-07-14,0.00404410747430623
2014-07-15,-0.0020303678339968893
2014-07-16,0.002928180749374514
2014-07-17,-0.0084292759422206
2014-07-18,0.007353709371811682
2014-07-21,-0.004072530407394743
2014-07-22,0.004019371561601625
2014-07-23,-0.0007242437818779691
2014-07-24,-0.0013953065859197498
2014-07-25,-0.0025086815419742502
2014-07-28,0.0013068368202572005
2014-07-29,-0.000729154542995688
2014-07-30,-0.000866775086504087
2014-07-31,-0.012926514240370848
2014-08-01,0.0
2014-08-04,-0.0002268
2014-08-05,-0.010154479482781363
2014-08-06,-0.00078592911244901
2014-08-07,-0.003931768951452012
2014-08-08,0.005607174316715691
2014-08-11,0.00967874711949078
2014-08-12,0.0014927215033597578
2014-08-13,0.00816330877124415
2014-08-14,0.0022636875921917612
2014-08-15,-0.00043363398312481913
2014-08-18,0.004726982800721335
2014-08-19,-0.0005731597267703515
2014-08-20,1.7852215411481178e-05
2014-08-21,0.000889024456435676
2014-08-22,-0.0008856259195124497
2014-08-25,0.0012792336700168873
2014-08-26,-0.0010188860829590711
2014-08-27,-0.0008777854737742821
2014-08-28,-0.0003225666828907504
2014-08-29,-0.0014703080790468125
2014-09-02,-4.5885745847459096e-05
2014-09-03,0.001806493346415696
2014-09-04,-2.2739797016220766e-05
2014-09-05,0.002560975856770269
2014-09-08,-0.0007881742352155154
2014-09-09,-0.0031893664243778375
2014-09-10,0.0006967019464530418
2014-09-11,0.0003358864949864018
2014-09-12,-0.0028998638861295802
2014-09-15,-0.0033243941846392
2014-09-16,0.00727743935215198
2014-09-17,0.0011996426684989189
2014-09-18,0.0016664203360586894
2014-09-19,-0.0008466526802750832
2014-09-22,-0.0060508585162881824
2014-09-23,-0.004143610067641192
2014-09-24,0.006924896640826875
2014-09-25,-0.010229456902223483
2014-09-26,0.003880001165458092
2014-09-29,-0.008104110294754965
2014-09-30,-0.0006384425124632537
2014-10-01,-0.005106447078806536
2014-10-02,0.0030124255403551556
2014-10-03,0.011580271309987953
2014-10-06,-0.004568163102870044
2014-10-07,-0.011200971062010819
2014-10-08,0.01592900453363509
2014-10-09,-0.008001013546652802
2014-10-10,0.021582093728153503
2014-10-13,0.0
2014-10-14,-0.0
2014-10-15,0.0
2014-10-16,-0.0
2014-10-17,-0.0
2014-10-20,-0.000139275
2014-10-21,0.007168044332823766
2014-10-22,-0.00546239027047326
2014-10-23,0.004023504802606812
2014-10-24,0.0017281830931491242
2014-10-27,-1.3603104909471611e-05
2014-10-28,0.011413167995276056
2014-10-29,-0.0052408602716638225
2014-10-30,0.0010583983115235083
2014-10-31,0.003005979467764488
2014-11-03,-0.0015674925709365226
2014-11-04,0.000561846462507605
2014-11-05,0.004299699489795746
2014-11-06,0.003947933995638373
2014-11-07,0.00016162982368529986
2014-11-10,0.005988620073270793
2014-11-11,0.00027385964515363564
2014-11-12,-0.0030494229765498336
2014-11-13,-0.0030733593574358083
2014-11-14,0.0024594521036569177
2014-11-17,-0.0003849759572671958
2014-11-18,0.0007225628582953319
2014-11-19,-0.0019546740108456182
2014-11-20,0.0031419546386125237
2014-11-21,0.0016902954120509223
2014-11-24,0.0033619172740538164
2014-11-25,0.0008106183450702075
2014-11-26,0.0020036246778318417
2014-11-28,-0.004847130880715536
2014-12-01,-0.006385658291501748
2014-12-02,0.010972552088120879
2014-12-03,-0.0003616159650402662
2014-12-04,0.0021597565735132483
2014-12-05,0.0018532853415008429
2014-12-08,-0.00779572943633076
2014-12-09,-0.0006219327027338121
2014-12-10,-0.015898985664241708
2014-12-11,-0.015519910581222054
2014-12-12,-0.0014298865540059275
2014-12-15,-0.0003063
2014-12-16,-0.017423296720522192
2014-12-17,-0.00029160000000000004
2014-12-18,0.004799684982481607
2014-12-19,0.003128577085533257
2014-12-22,0.0006072813300881892
2014-12-23,0.002291441515297257
2014-12-24,-0.0013598446164456287
2014-12-26,0.0019289768542178065
2014-12-29,-0.0011353953125829831
2014-12-30,-0.001603746306949173
2014-12-31,-0.00713882836297603
2015-01-02,0.0012531693234592652
2015-01-05,-0.012190786637951019
2015-01-06,-0.006558917953483812
2015-01-07,0.010612529443386127
2015-01-08,0.011122875467692276
2015-01-09,-0.00972544309532345
2015-01-12,-0.007332095006090129
2015-01-13,-0.0039641580481752136
2015-01-14,-0.002257232140047336
2015-01-15,0.0
2015-01-16,-0.00031424999999999997
2015-01-20,0.0004249014084507036
2015-01-21,0.012013880458370488
2015-01-22,0.010311740855394162
2015-01-23,-0.005078571000195847
2015-01-26,0.01017932317378549
2015-01-27,-0.005538998290471981
2015-01-28,-0.02236105979946524
2015-01-29,0.012537898707507022
2015-01-30,-0.016103956516861896
2015-02-02,0.008285280055295972
2015-02-03,0.007864926364569905
2015-02-04,-0.0037864673649164143
2015-02-05,0.0041984863935013075
2015-02-06,-0.002214147017263348
2015-02-09,-0.0019806227952979035
2015-02-10,0.00806200650255459
2015-02-11,0.0008777174872584672
2015-02-12,0.009215633738355771
2015-02-13,0.001115933713336388
2015-02-17,-0.0005248323872797603
2015-02-18,0.0029942961084588413
2015-02-19,0.002239125325248975
2015-02-20,0.006228470870744638
2015-02-23,-0.0009055343986157906
2015-02-24,0.007605545028897126
2015-02-25,-0.002703007039173082
2015-02-26,0.003048626849749918
2015-02-27,0.0014697586788163346
2015-03-02,0.003995314395710364
2015-03-03,-0.00349062296494341
2015-03-04,0.00023384187992135302
2015-03-05,0.002749563957383099
2015-03-06,-0.006629421929344189
2015-03-09,0.0023546636498511016
2015-03-10,-0.007553564339316272
2015-03-11,-0.0016333236128434363
2015-03-12,0.009718219100772548
2015-03-13,-0.003873649798326953
2015-03-16,0.0030766212320338902
2015-03-17,0.0005113180997275957
2015-03-18,0.0071768505802834726
2015-03-19,-0.0
2015-03-20,0.0014075287584291868
2015-03-23,0.000374530299708869
2015-03-24,0.0006305250993388765
2015-03-25,-0.00561794046775141
2015-03-26,0.0005122795665501191
2015-03-27,0.0018942779291553071
2015-03-30,0.00383691632747559
2015-03-31,-0.004408204974882155
2015-04-01,0.001864283047758218
2015-04-02,0.002692724781454904
2015-04-06,0.0031704256951595637
2015-04-07,0.0002834609114987386
2015-04-08,0.0034045295193254914
2015-04-09,0.005325538698830301
2015-04-10,0.006362669352388961
2015-04-13,-0.005938409171285233
2015-04-14,0.004148413772571775
2015-04-15,0.0023158108007142386
2015-04-16,0.0016910101211614992
2015-04-17,-0.0045754472971476015
2015-04-20,0.004077067044849543
2015-04-21,0.0004179433586728688
2015-04-22,0.0016649781927572205
2015-04-23,0.0015732842916933683
2015-04-24,0.0006259074249188473
2015-04-27,-0.0036392844046038895
2015-04-28,0.0049351779512211225
2015-04-29,-0.004582563181521453
2015-04-30,-0.0026839829029445253
2015-05-01,0.007108028526697859
2015-05-04,-0.0
2015-05-05,-0.005175644075666165
2015-05-06,-0.002295010989297186
2015-05-07,0.0020479262672811016
2015-05-08,0.006499620112627864
2015-05-11,-0.0020439475699239144
2015-05-12,0.0022896862671425906
2015-05-13,0.0019309488740894506
2015-05-14,0.0030846269817769623
2015-05-15,0.0007819711333029526
2015-05-18,0.004496450964022327
2015-05-19,0.0008710607106251362
2015-05-20,0.00010827346477228003
2015-05-21,0.004554747177883398
2015-05-22,-0.0008639603383471066
2015-05-26,-0.003872900027773298
2015-05-27,0.003142017188309561
2015-05-28,0.00023501860950502873
2015-05-29,-0.0011057998537190956
2015-06-01,0.0004027868729389749
2015-06-02,-0.002257876663122385
2015-06-03,0.003496965954762519
2015-06-04,-0.004047522189533063
2015-06-05,0.0016177142373741628
2015-06-08,-0.00361231722988337
2015-06-09,0.0027219750435378658
2015-06-10,0.006795394852437554
2015-06-11,0.002889080271458537
2015-06-12,-0.0031050551304844564
2015-06-15,-0.006841332454406286
2015-06-16,0.003613207614534013
2015-06-17,0.0003387206567280637
2015-06-18,0.005912526973549468
2015-06-19,-0.004039711314644926
2015-06-22,0.008017287579063517
2015-06-23,0.003853202982155734
2015-06-24,-0.004213008529630918
2015-06-25,-0.00035152675800585823
2015-06-26,0.0009966278580788202
2015-06-29,-0.023073993651805045
2015-06-30,-0.00027345
2015-07-01,0.013927063063063051
2015-07-02,-0.009712385324827065
2015-07-06,-0.003377358015293936
2015-07-07,0.008392453627992182
2015-07-08,-0.01873999160094241
2015-07-09,0.0
2015-07-10,-0.00025245
2015-07-13,0.017988588411081287
2015-07-14,0.0004343964731070169
2015-07-15,0.001605803403829019
2015-07-16,0.004002575893783279
2015-07-17,0.00018141754394862102
2015-07-20,0.000975177319372692
2015-07-21,5.38515175201586e-05
2015-07-22,3.4777980282797166e-05
2015-07-23,-0.0008550264550264519
2015-07-24,-0.005220490429007341
2015-07-27,-0.007175496423808433
2015-07-28,0.011316105758249212
2015-07-29,0.0021998501845264915
2015-07-30,0.0010505352803568274
2015-07-31,-0.0002924073167098085
2015-08-03,0.0011229156949274803
2015-08-04,-0.0015717636051447615
2015-08-05,0.0010936938429350973
2015-08-06,-0.0032839429991665253
2015-08-07,0.0016421638288365865
2015-08-10,0.00400385291787639
2015-08-11,-0.005711809431083653
2015-08-12,0.0015024869997993233
2015-08-13,0.0015157034077594406
2015-08-14,-0.0004828279339385451
2015-08-17,0.0012243011809162279
2015-08-18,-0.001437499721937775
2015-08-19,-0.004408069680184139
2015-08-20,-0.01577269043460012
2015-08-21,0.0
2015-08-24,0.0
2015-08-25,0.0
2015-08-26,-0.00045480000000000005
2015-08-27,0.0045365620266913835
2015-08-28,0.0030596855097785015
2015-08-31,0.020560052065717344
2015-09-01,0.03228439118564844
2015-09-02,-0.03186238437722807
2015-09-03,0.0008696206549918028
2015-09-04,-0.011102183241535838
2015-09-08,0.014117090045704057
2015-09-09,-0.004349811904291736
2015-09-10,0.004908951578814808
2015-09-11,0.0028934958571379824
2015-09-14,-0.00026056405593083334
2015-09-15,-0.02493081014949127
2015-09-16,0.007430419933353266
2015-09-17,-0.01666532772728919
2015-09-18,-0.0003342
2015-09-21,0.018607290163400195
2015-09-22,-0.020399489011623625
2015-09-23,0.006429567804558625
2015-09-24,-0.007582121866661971
2015-09-25,-0.00035430000000000005
2015-09-28,-0.01696211747701258
2015-09-29,-0.0
2015-09-30,-0.0003675
2015-10-01,0.008215309949260953
2015-10-02,0.011402930944668035
2015-10-05,0.0115701713631963
2015-10-06,-0.002235470585244314
2015-10-07,0.003956347589277414
2015-10-08,0.004022667532140334
2015-10-09,0.0009198236678653866
2015-10-12,0.006204210277463138
2015-10-13,-0.014359422840049265
2015-10-14,-0.0004807157695132976
2015-10-15,0.01528098911812085
2015-10-16,0.001512437217554652
2015-10-19,0.010254841812101205
2015-10-20,-0.009798514110903028
2015-10-21,-0.010364661682402592
2015-10-22,0.020692444558207672
2015-10-23,-0.005204988121654036
2015-10-26,-0.0029743520914717768
2015-10-27,0.004016790512094532
2015-10-28,0.004313511779813769
2015-10-29,-0.0017089264231820254
2015-10-30,-0.00382520413847053
2015-11-02,0.006683061293226833
2015-11-03,-0.002441354150941338
2015-11-04,-0.005018414073795924
2015-11-05,0.005894957803358846
2015-11-06,0.0031479396691015803
2015-11-09,-0.010195806141610374
2015-11-10,0.005752849168595834
2015-11-11,-0.004297762673795229
2015-11-12,-0.013128361706005301
2015-11-13,-0.011547379742679704
2015-11-16,0.018763385498482544
2015-11-17,-0.006105013820326995
2015-11-18,0.006407352888497724
2015-11-19,-0.003635329517513091
2015-11-20,0.006611469236819437
2015-11-23,0.0016686207198468995
2015-11-24,-0.0037866666666666834
2015-11-25,0.005734242736319487
2015-11-27,-0.003258155983676441
2015-11-30,0.0019514939465471804
2015-12-01,0.006989860858632981
2015-12-02,-0.005042851987930136
2015-12-03,-0.011311264356816772
2015-12-04,0.014577528705942568
2015-12-07,-0.0011880330309818642
2015-12-08,-0.008916757420047553
2015-12-09,-0.00797912368691717
2015-12-10,-0.0015541653305023739
2015-12-11,-0.029642965678046383
2015-12-14,-0.00034095
2015-12-15,0.017363093795829888
2015-12-16,0.00836873287759062
2015-12-17,-0.005665931034482751
2015-12-18,-0.00581831318547733
2015-12-21,0.015786524948178615
2015-12-22,0.004815643802647411
2015-12-23,-0.0002906577071766531
2015-12-24,-0.0016074235213660083
2015-12-28,0.002098841969646351
2015-12-29,0.0015577228207058476
2015-12-30,-0.003959901922063203
2015-12-31,-0.0008424014119964884
2016-01-04,-0.009790560759031747
2016-01-05,0.0032010699905251046
2016-01-06,-0.006964321236089203
2016-01-07,-0.024713778629779668
2016-01-08,0.0
2016-01-11,-0.0003645
2016-01-12,0.011250685348766392
2016-01-13,-0.023909184499365924
2016-01-14,-0.0
2016-01-15,0.0
2016-01-19,-0.00039075000000000004
2016-01-20,-0.007981381098279547
2016-01-21,-0.0038311229866412077
2016-01-22,0.025417746811911484
2016-01-25,-0.006250583386544365
2016-01-26,0.005347273732373002
2016-01-27,-0.004050935080612777
2016-01-28,0.0024241175455407215
2016-01-29,0.007425181052237355
2016-02-01,0.0004943259336330635
2016-02-02,-0.007221517816475986
2016-02-03,0.0016411329189747297
2016-02-04,-0.0014963619584849076
2016-02-05,-0.004050437091140752
2016-02-08,-0.010972158145628668
2016-02-09,-0.0003981
2016-02-10,-0.0015982040040145638
2016-02-11,-0.014321260874266262
2016-02-12,-0.000381
2016-02-16,0.013944580192357689
2016-02-17,0.008959669625660168
2016-02-18,0.001303594679899149
2016-02-19,0.0019045953059881491
2016-02-22,0.006283944611581367
2016-02-23,-0.005383143822555498
2016-02-24,0.003772533153517658
2016-02-25,0.00818255883522282
2016-02-26,-0.0027651426336894555
2016-02-29,-0.00291222363699501
2016-03-01,0.019625411050000343
2016-03-02,0.00046860816944024886
2016-03-03,0.0037821307248935136
2016-03-04,-0.0025313799895401185
2016-03-07,0.0022382435537401085
2016-03-08,-0.007876776866202391
2016-03-09,0.0047340896484116875
2016-03-10,0.0015486427053226935
2016-03-11,0.007871699282630073
2016-03-14,0.0022182683463630153
2016-03-15,-0.001442176241814748
2016-03-16,0.006609660709293707
2016-03-17,0.004111676063532977
2016-03-18,0.00037443866512697096
2016-03-21,0.005938737942434591
2016-03-22,0.001059047462285555
2016-03-23,-0.007160015987419271
2016-03-24,0.002485107811350345
2016-03-28,0.0021020568378385144
2016-03-29,0.008125663921606734
2016-03-30,0.0020962974847216825
2016-03-31,-0.0008056537981148051
2016-04-01,0.003730505875402219
2016-04-04,-0.0036838534410367613
2016-04-05,-0.006366887328566187
2016-04-06,0.00826856471378541
2016-04-07,-0.011743983733771923
2016-04-08,0.003923939808481533
2016-04-11,-0.004092762661081673
2016-04-12,0.007598482506957062
2016-04-13,0.007571543503964385
2016-04-14,0.0016175499927972693
2016-04-15,0.00134006351001462
2016-04-18,0.007194995691644554
2016-04-19,0.0003972687426929999
2016-04-20,-0.0012781046546817983
2016-04-21,-0.002852415952146743
2016-04-22,0.0048181318904678815
2016-04-25,-0.0004828270938962964
2016-04-26,0.002220966187252169
2016-04-27,0.0034911559721456254
2016-04-28,-0.0075592428017488954
2016-04-29,-0.003382910372236018
2016-05-02,0.007807635784678458
2016-05-03,-0.006261501204088693
2016-05-04,-0.0016176238642745713
2016-05-05,0.0006696801112656403
2016-05-06,0.007645977235343995
2016-05-09,0.002444811002241418
2016-05-10,0.007932110517418477
2016-05-11,-0.007870913930864106
2016-05-12,0.004046355658606516
2016-05-13,-0.005141232013336465
2016-05-16,0.005598826917360411
2016-05-17,-0.004553239012227563
2016-05-18,-0.0007838085185276424
2016-05-19,0.0008250604206344092
2016-05-20,0.005218525383691919
2016-05-23,-0.0019252383957442116
2016-05-24,0.008599135193141899
2016-05-25,0.002230260666414851
2016-05-26,0.0024627418039783913
2016-05-27,0.0029167613461065444
2016-05-31,0.0009213907736133482
2016-06-01,-0.00016248240921317068
2016-06-02,0.0030854576530290334
2016-06-03,0.000558587263718834
2016-06-06,0.0018793011629660698
2016-06-07,-0.0007166655474406074
2016-06-08,-0.0006848647331221059
2016-06-09,-0.0030424648539374194
2016-06-10,-0.012210011945303878
2016-06-13,-0.025740321371089347
2016-06-14,0.003872024288989416
2016-06-15,0.0028634671697110826
2016-06-16,0.0053888867853687395
2016-06-17,-0.0004868677233807684
2016-06-20,0.015249969215745814
2016-06-21,-0.0017346718899057486
2016-06-22,-0.006823214923862035
2016-06-23,-0.00025875
2016-06-24,-0.05754668075381258
2016-06-27,0.0
2016-06-28,-0.00014062500000000002
2016-06-29,0.005824795081967208
2016-06-30,0.0018798052458879257
2016-07-01,0.0006925088775184067
2016-07-05,-0.0003020150511140822
2016-07-06,0.002739425344130569
2016-07-07,0.0009169608815855086
2016-07-08,0.0047295365251546605
2016-07-11,0.0003926977895273491
2016-07-12,0.0020440434574669143
2016-07-13,0.00021525019857029313
2016-07-14,0.0009453446799344594
2016-07-15,-0.0011341442511672581
2016-07-18,0.005234836751956518
2016-07-19,0.0009749070041069633
2016-07-20,0.0017937600944396615
2016-07-21,-0.0028596521450911347
2016-07-22,0.003583224437116213
2016-07-25,0.00032234646094084397
2016-07-26,0.0011397434842374766
2016-07-27,0.00285491960795559
2016-07-28,0.003039383337375177
2016-07-29,0.004148362628518831
2016-08-01,0.0015307577380754029
2016-08-02,-0.0039386599676934555
2016-08-03,0.0028481147263502093
2016-08-04,0.0029848047848558866
2016-08-05,0.004057961318674363
2016-08-08,0.0020399515394333594
2016-08-09,0.0014225637608043524
2016-08-10,-0.0025664295579148465
2016-08-11,0.0009750148011218907
2016-08-12,0.000983445386395507
2016-08-15,0.0009909338796068152
2016-08-16,-0.0035447299677195494
2016-08-17,0.0039603947368421055
2016-08-18,0.0020566038608928407
2016-08-19,-0.00081628601046433
2016-08-22,-0.0004400314921997491
2016-08-23,0.00025252801714071633
2016-08-24,-0.003345675992885017
2016-08-25,0.0012854794315709606
2016-08-26,-0.0010946425930670007
2016-08-29,0.002990090006202618
2016-08-30,0.0009169844792314657
2016-08-31,-9.755955760886076e-05
2016-09-01,0.00016167350998665944
2016-09-02,0.003777320740179681
2016-09-06,0.004008140228826766
2016-09-07,0.0009280574097933127
2016-09-08,-0.001123323172822568
2016-09-09,-0.017791361583594355
2016-09-12,0.010089231922422559
2016-09-13,-0.007999521862719702
2016-09-14,-0.00552061855670104
2016-09-15,0.007600951808016509
2016-09-16,0.0034272181146025983
2016-09-19,0.0017670460597677981
2016-09-20,-0.0013019716934475495
2016-09-21,0.005938386886064994
2016-09-22,0.0033101650498532907
2016-09-23,-0.0010832723101885434
2016-09-26,-0.0029880815738823024
2016-09-27,0.006284215328467141
2016-09-28,0.0023564018577109233
2016-09-29,-0.005199022353236936
2016-09-30,0.0011068084251586016
2016-10-03,0.002213943520044793
2016-10-04,0.0012878492016951647
2016-10-05,0.0007472138703211871
2016-10-06,0.0012737427391335354
2016-10-07,-0.002257509866881246
2016-10-10,0.004210878200163471
2016-10-11,-0.00688256758001045
2016-10-12,-0.0027206650026801392
2016-10-13,-0.0033798672781668155
2016-10-14,0.0022987661406025746
2016-10-17,0.001764308278552259
2016-10-18,0.005084249055649883
2016-10-19,0.005451801388928224
2016-10-20,0.002799838787385537
2016-10-21,0.0018328524493758306
2016-10-24,0.005818180915982423
2016-10-25,-0.002538241706921699
2016-10-26,-0.003381936196911632
2016-10-27,-0.004001713488196153
2016-10-28,-0.004145356112316708
2016-10-31,-0.004627513080923699
2016-11-01,-0.005010966024608283
2016-11-02,-0.005930064349121295
2016-11-03,0.0
2016-11-04,-0.0
2016-11-07,-0.0
2016-11-08,-0.0
2016-11-09,-0.0002157
2016-11-10,-0.004866720386784843
2016-11-11,0.001857553971184084
2016-11-14,0.0018009546428127176
2016-11-15,0.006950342386607808
2016-11-16,-0.0032850498811676323
2016-11-17,0.004980687515040545
2016-11-18,0.0004298063391404658
2016-11-21,0.00438763579747595
2016-11-22,0.0003867363954098094
2016-11-23,-0.0001465006872666375
2016-11-25,0.001056466091648261
2016-11-28,-0.0008688412816857124
2016-11-29,0.0010453502951449328
2016-11-30,-0.0015757672263368588
2016-12-01,-0.003962381419803997
2016-12-02,-0.0006065995112984657
2016-12-05,0.0114630895636996
2016-12-06,0.0029337847130481006
2016-12-07,-0.0012108682605261331
2016-12-08,-0.0005852307815964983
2016-12-09,0.0027735199989758256
2016-12-12,-0.0029858655913171874
2016-12-13,0.0009302686588024379
2016-12-14,0.0006046009073473223
2016-12-15,0.0022538678778694196
2016-12-16,0.0010599167721856474
2016-12-19,0.004043775481738738
2016-12-20,0.002146272500974787
2016-12-21,0.0016178381972424734
2016-12-22,-0.0019121539230815478
2016-12-23,-2.238223336648054e-05
2016-12-27,0.0022001384556285227
2016-12-28,-0.004566728046963529
2016-12-29,-0.0014362270776753373
2016-12-30,-0.002367510345491293
2017-01-03,0.010697790557651332
2017-01-04,0.005140288480101934
2017-01-05,0.0012688461414923711
2017-01-06,0.001257638931724334
2017-01-09,0.0005621536151560643
2017-01-10,0.00041247171889327144
2017-01-11,0.0022885542105375127
2017-01-12,-0.0005249461103335223
2017-01-13,0.0010896538294240283
2017-01-17,0.0003518743933980759
2017-01-18,-0.00016045112504944854
2017-01-19,-0.00039266237685766004
2017-01-20,0.0031081434785282087
2017-01-23,0.0019389820523520597
2017-01-24,0.004293647826392594
2017-01-25,0.00213632976881184
2017-01-26,0.00037856541608500226
2017-01-27,0.0007902918133647585
2017-01-30,-0.002223712819946907
2017-01-31,-0.00022352873276756108
2017-02-01,0.0021571658301002615
2017-02-02,-0.0019941838649155776
2017-02-03,0.0030055913152275873
2017-02-06,-0.0002629680988942494
2017-02-07,-0.00030516560518799757
2017-02-08,-0.0
2017-02-09,0.0031291223288930662
2017-02-10,0.00256558120540738
2017-02-13,0.002542933663291545
2017-02-14,0.0060696608995239685
2017-02-15,-0.004991277449790965
2017-02-16,-0.0008333612917472056
2017-02-17,-0.0012549366507698272
2017-02-21,-0.000500665906629118
2017-02-22,-0.0004644047537707346
2017-02-23,-0.002878441630745115
2017-02-24,0.0012565079765160967
2017-02-27,0.0005601651399806635
2017-02-28,-0.0019063704100373872
2017-03-01,0.0020175610036698363
2017-03-02,0.00015020050393299764
2017-03-03,0.0035855040730356003
2017-03-06,0.0011845257212517945
2017-03-07,6.96780428265432e-18
2017-03-08,3.2502806944375105e-05
2017-03-09,-0.0003232871110769475
2017-03-10,0.0018100197507042912
2017-03-13,0.0026842756995331
2017-03-14,-0.0021870400604422956
2017-03-15,0.0026565627766458456
2017-03-16,0.0032341983051329543
2017-03-17,0.00018698309232962414
2017-03-20,0.0007907352637182861
2017-03-21,-0.004443847782697725
2017-03-22,-0.0015217948328267508
2017-03-23,-0.0031773759384494836
2017-03-24,0.003193599571471996
2017-03-27,0.0031420331678396877
2017-03-28,0.005672076542917173
2017-03-29,4.698017468051119e-05
2017-03-30,0.0010075883449190194
2017-03-31,-0.0032932764889288244
2017-04-03,-0.001123492913359548
2017-04-04,0.00203782750366408
2017-04-05,-0.005139593666578802
2017-04-06,0.0029118274949501777
2017-04-07,-0.0034894086598045984
2017-04-10,-0.005831514867871226
2017-04-11,-0.003936193037017293
2017-04-12,-0.0036068310045967375
2017-04-13,0.0
2017-04-17,-0.0002199
2017-04-18,0.00037497031150086755
2017-04-19,-0.002222784784776112
2017-04-20,0.0025510048971401447
2017-04-21,5.089027659798448e-05
2017-04-24,0.016035220266257307
2017-04-25,0.0019989830948532353
2017-04-26,0.0006964479737983051
2017-04-27,9.255208715234421e-05
2017-04-28,0.0005755555555555534
2017-05-01,0.003828691406432703
2017-05-02,-0.0006505286159683621
2017-05-03,-0.001661270141335771
2017-05-04,0.002628625342069959
2017-05-05,-0.00018080070954806993
2017-05-08,0.0020819947726842423
2017-05-09,-0.0
2017-05-10,-0.000237661001241834
2017-05-11,-0.0006906514829715001
2017-05-12,0.0015720699203897745
2017-05-15,0.0021281042934399364
2017-05-16,0.0005037033912439261
2017-05-17,-0.016556085669829034
2017-05-18,-0.0005479789103690764
2017-05-19,0.016776364937153034
2017-05-22,0.0050799138618587494
2017-05-23,-0.00047040506329113705
2017-05-24,0.0015451277783307756
2017-05-25,-0.00021963827132055036
2017-05-26,0.0004378816233544629
2017-05-30,0.0005634213362221509
2017-05-31,7.243387256647447e-05
2017-06-01,0.0008769371850374505
2017-06-02,-0.0003445993031358873
2017-06-05,-0.0010481148240636087
2017-06-06,-0.0016464293443170883
2017-06-07,0.0008222238505278212
2017-06-08,0.0018090585605083965
2017-06-09,-0.000560450672985025
2017-06-12,-0.000948859232624842
2017-06-13,0.0033659991899784246
2017-06-14,-0.00010084997496952865
2017-06-15,-0.0010393523583832024
2017-06-16,0.0009368756836399098
2017-06-19,0.0018489469245899816
2017-06-20,0.00019865279767075818
2017-06-21,-0.0006219247175686525
2017-06-22,0.0015767214961921517
2017-06-23,0.0007845335892927531
2017-06-26,0.001953324912317968
2017-06-27,-0.0029860286914190205
2017-06-28,0.0024751520391776438
2017-06-29,-0.00232770731619068
2017-06-30,-0.0020703651836690676
2017-07-03,-0.002515504314450418
2017-07-05,0.0015550387848642436
2017-07-06,-0.005654115361838052
2017-07-07,0.003727219335473752
2017-07-10,0.002724118339999501
2017-07-11,0.001220680628704648
2017-07-12,0.003332851850371961
2017-07-13,0.0014249882316528374
2017-07-14,0.0034773336853048224
2017-07-17,0.00118719473236294
2017-07-18,0.0013418073811353477
2017-07-19,0.002107084250445487
2017-07-20,0.0004395599693127766
2017-07-21,0.0008521241413860016
2017-07-24,0.0005209775275179703
2017-07-25,0.0010359814073360482
2017-07-26,-0.0007714387995469243
2017-07-27,-0.0009594334639811059
2017-07-28,0.00029725592865287477
2017-07-31,0.0009923555778636127
2017-08-01,0.00041970706970274543
2017-08-02,-0.0009808698723027878
2017-08-03,-0.0006231619177365779
2017-08-04,-4.1329445501675464e-05
2017-08-07,0.0014787556919660682
2017-08-08,-0.002996556504494469
2017-08-09,-0.0013418825564698773
2017-08-10,-0.020504774246292757
2017-08-11,-0.0006312889471957996
2017-08-14,0.023502404284012603
2017-08-15,0.00012828680822934434
2017-08-16,0.0006520617159660798
2017-08-17,-0.018901205326407326
2017-08-18,-0.0005422287912508696
2017-08-21,0.008546596355324546
2017-08-22,0.011482745731145988
2017-08-23,-0.002745385105028644
2017-08-24,0.0006821811827373341
2017-08-25,0.0024908771739884468
2017-08-28,0.00018717170244358873
2017-08-29,-0.001132707942464041
2017-08-30,-0.00015904913436845205
2017-08-31,0.0039482287816110136
2017-09-01,-0.00019244955178214024
2017-09-05,-0.003347569914364386
2017-09-06,-0.0006804869472953186
2017-09-07,0.001705923916224276
2017-09-08,-0.002700550565971287
2017-09-11,0.00692150276168007
2017-09-12,0.002222749744395288
2017-09-13,0.0034635394439680215
2017-09-14,-0.0005557664826817623
2017-09-15,0.001140056030824017
2017-09-18,0.003945467382925912
2017-09-19,-9.890189319104178e-05
2017-09-20,0.0014445184292669955
2017-09-21,-0.00038973693384384005
2017-09-22,-0.0007962036868057781
2017-09-25,0.0003871498252275674
2017-09-26,0.0007709101761464768
2017-09-27,0.000613783112993207
2017-09-28,0.0017175847104984527
2017-09-29,0.001554597330809865
2017-10-02,0.0023906345075940393
2017-10-03,-0.00029882212077680687
2017-10-04,0.00020430335630861017
2017-10-05,0.0029532023998368384
2017-10-06,-0.00020101136292633486
2017-10-09,-0.0013065317955252818
2017-10-10,0.00191408340169401
2017-10-11,0.0010750152460950757
2017-10-12,0.0008895866137272971
2017-10-13,0.0015543173043679843
2017-10-16,0.0011909539727420798
2017-10-17,-0.00041620910920871907
2017-10-18,0.0011917413682178885
2017-10-19,0.0008793689408801237
2017-10-20,0.00129170831855443
2017-10-23,-0.003878340877968659
2017-10-24,-0.001112017415025006
2017-10-25,-0.000783870094397778
2017-10-26,-0.0005435494931995682
2017-10-27,0.005121330062186276
2017-10-30,-0.0011403586697246307
2017-10-31,0.0020613832362451952
2017-11-01,-0.0008538404339598193
2017-11-02,0.0010641475458224817
2017-11-03,0.0003385016521742093
2017-11-06,0.0015981325355988293
2017-11-07,-0.0009806104027511092
2017-11-08,-0.0
2017-11-09,-0.0008255738177693173
2017-11-10,-0.0024253535055474332
2017-11-13,-0.0014263484496529434
2017-11-14,0.0003887203961561937
2017-11-15,-0.004620589324606098
2017-11-16,0.00498292220113852
2017-11-17,0.0005142830215557233
2017-11-20,0.005323921038085483
2017-11-21,0.004379314828576937
2017-11-22,0.0013661460682920057
2017-11-24,0.00047912428958256516
2017-11-27,0.0005956529938451767
2017-11-28,0.0007499096027556181
2017-11-29,-0.0018833617559006247
2017-11-30,-0.0015254120584064915
2017-12-01,-0.0020666197392664024
2017-12-04,-3.8891474940014e-05
2017-12-05,0.0004647054774342735
2017-12-06,0.0011369533679616523
2017-12-07,0.004253959479571737
2017-12-08,0.0030181943570945086
2017-12-11,0.0037657354186004586
2017-12-12,-0.0001305208649419168
2017-12-13,-0.00033373559491321823
2017-12-14,0.0009779061995004452
2017-12-15,0.0035934507215158594
2017-12-18,0.0011988044033519585
2017-12-19,-0.00014435301483964322
2017-12-20,-0.00035028536630023617
2017-12-21,0.0017082567349130775
2017-12-22,-0.0016465577792745423
2017-12-26,0.0007462278067607973
2017-12-27,-0.0
2017-12-28,0.0007380828010757258
2017-12-29,-0.001956236931185393
2018-01-02,0.004680776001256007
2018-01-03,0.0014717381376837691
2018-01-04,0.00043102976984763327
2018-01-05,0.0008084912362789787
2018-01-08,0.00023604100510950607
2018-01-09,-0.0010787220999364533
2018-01-10,0.0013539030252143693
2018-01-11,0.00018552534025717887
2018-01-12,-0.0007838543614864824
2018-01-16,-0.003887954575989341
2018-01-17,-0.0009300695206732588
2018-01-18,0.0004851112677018531
2018-01-19,0.0014987714863102925
2018-01-22,0.0009149312269510236
2018-01-23,-0.001583310693677818
2018-01-24,-0.0022995155478930753
2018-01-25,-0.0016758510266062655
2018-01-26,0.0005263245377038765
2018-01-29,-0.009941289346886002
2018-01-30,-0.003559833957619942
2018-01-31,0.004391706185107237
2018-02-01,0.002160634172500489
2018-02-02,-0.01851496931879509
2018-02-05,0.0
2018-02-06,-0.0
2018-02-07,-0.0
2018-02-08,0.0
2018-02-09,-0.00043589999999999997
2018-02-12,-0.009699797892377977
2018-02-13,-0.0007523133414932653
2018-02-14,-0.026189011538459303
2018-02-15,0.0014572893355321167
2018-02-16,0.0026392483349191253
2018-02-20,0.006405226068778614
2018-02-21,0.001786452265399604
2018-02-22,0.002661514195583595
2018-02-23,0.006266436238728408
2018-02-26,0.006193715135738171
2018-02-27,-0.012168970009195665
2018-02-28,-0.009221169680972204
2018-03-01,-0.012030917165956582
2018-03-02,-0.00029385
2018-03-05,0.006422950819672128
2018-03-06,-0.0010430349820961648
2018-03-07,0.0032872815051277577
2018-03-08,0.005716025877896962
2018-03-09,0.005750959797174929
2018-03-12,-0.0017451517629850438
2018-03-13,-0.0021387494459437907
2018-03-14,-0.0039937083641746725
2018-03-15,0.005448863986247935
2018-03-16,0.002820822780908513
2018-03-19,-0.010723723742102809
2018-03-20,0.0007320000564629608
2018-03-21,0.0007189575903030518
2018-03-22,-0.0203377785010646
2018-03-23,0.0
2018-03-26,-0.00031545000000000005
2018-03-27,0.011693734164212842
2018-03-28,0.005935494269046684
2018-03-29,-0.012278880443303138
2018-04-02,-0.0075535945322424474
2018-04-03,-0.00823452268579698
2018-04-04,-0.00595562398239808
2018-04-05,0.003753430353430361
2018-04-06,-0.006501189462740243
2018-04-09,0.002772720689882168
2018-04-10,-0.005289926083752366
2018-04-11,-0.00044269850539282676
2018-04-12,0.004544199450438977
2018-04-13,0.003403815284502415
2018-04-16,0.004547300555424015
2018-04-17,0.004894971683477666
2018-04-18,-0.0007520701418263899
2018-04-19,-0.0007586428165614002
2018-04-20,-0.0023490968675622323
2018-04-23,0.001833705226071632
2018-04-24,-0.007811447266520796
2018-04-25,-0.0007977124819118174
2018-04-26,0.007984620167694904
2018-04-27,0.0037114967731869983
2018-04-30,-0.001625055494326919
2018-05-01,0.003843845957671457
2018-05-02,-0.0032135203182522684
2018-05-03,0.0017219104816113872
2018-05-04,0.0036834655768960035
2018-05-07,0.0008794260477979403
2018-05-08,0.0004628704099666514
2018-05-09,0.006857190498720738
2018-05-10,0.005540250407406079
2018-05-11,0.003821272664402418
2018-05-14,0.002240426139014653
2018-05-15,-0.00862466022826496
2018-05-16,0.006377514141162745
2018-05-17,0.002821581276723709
2018-05-18,-0.0014429717753040596
2018-05-21,0.004286301177829038
2018-05-22,-0.0014520059845276015
2018-05-23,0.0030953615781259386
2018-05-24,0.0006059876386714488
2018-05-25,-0.002589538352318112
2018-05-29,-0.0152697981303198
2018-05-30,0.006917978113600831
2018-05-31,-0.0024409794316771613
2018-06-01,0.009247619399014737
2018-06-04,0.005193461068659613
2018-06-05,0.0020045454545454594
2018-06-06,0.004303843745309331
2018-06-07,-0.0005200868255655137
2018-06-08,-0.0007691123188405691
2018-06-11,0.0027780949364077027
2018-06-12,0.000563118881144183
2018-06-13,-0.0026051202486897314
2018-06-14,0.0044313143403317086
2018-06-15,-0.00021541989886998726
2018-06-18,0.00026838264681173916
2018-06-19,-0.004957446170995369
2018-06-20,0.0029352892611174456
2018-06-21,-0.008092416584418904
2018-06-22,0.003746223495099532
2018-06-25,-0.015614635782675468
2018-06-26,0.004276251915168123
2018-06-27,-0.010427759456110405
2018-06-28,0.003990875232629186
2018-06-29,0.004310242066256566
2018-07-02,0.0001948567977032881
2018-07-03,-0.0039203716879168005
2018-07-05,0.008281072571601265
2018-07-06,0.007471855795206168
2018-07-09,0.00758350587211831
2018-07-10,0.00223245874141357
2018-07-11,-0.004735769007735507
2018-07-12,0.004517076938258086
2018-07-13,0.002341102120649847
2018-07-16,-0.00036111534882389735
2018-07-17,0.0030557293071695633
2018-07-18,0.0002869345043678767
2018-07-19,-0.0021001414906860207
2018-07-20,-0.0008566063911489262
2018-07-23,0.001643305361568729
2018-07-24,5.008823182046623e-05
2018-07-25,0.0018817857945114252
2018-07-26,-0.00024857928658622526
2018-07-27,-0.003478628365171427
2018-07-30,-0.004318119911263293
2018-07-31,0.0061026514882553
2018-08-01,-0.001348019250709422
2018-08-02,0.002217125785699033
2018-08-03,0.0024590171275520613
2018-08-06,0.0037677045362163614
2018-08-07,0.0026268266832538043
2018-08-08,0.0007525241071447773
2018-08-09,-0.0010356010796323237
2018-08-10,-0.006447620562393184
2018-08-13,-0.006636803667874153
2018-08-14,0.008323224668452343
2018-08-15,-0.006264515202191169
2018-08-16,0.005664524511335258
2018-08-17,0.004588331804738199
2018-08-20,0.0015863328551802161
2018-08-21,-0.003962563643374183
2018-08-22,0.004152463628385137
2018-08-23,-0.00046509597785033706
2018-08-24,0.0008785564617527262
2018-08-27,-4.857653684936153e-05
2018-08-28,0.0003144843185287462
2018-08-29,0.0011797677268002658
2018-08-30,-0.005097769624524413
2018-08-31,0.0045520247931820175
2018-09-04,-0.0013062255363324791
2018-09-05,-0.0029618951000132342
2018-09-06,-0.004974157687099275
2018-09-07,-0.0018039896393180594
2018-09-10,0.005145625094135636
2018-09-11,0.004915332174395901
2018-09-12,0.0011664301378917505
2018-09-13,0.0041096470372563015
2018-09-14,0.002647000043821608
2018-09-17,-0.005341853993780153
2018-09-18,0.003105829881067206
2018-09-19,0.0036101679589511685
2018-09-20,0.0021214166699472245
2018-09-21,-0.0008651636470589705
2018-09-24,0.0008840696144607264
2018-09-25,-0.0004192769829090896
2018-09-26,-0.002843275340147553
2018-09-27,0.002404094966830603
2018-09-28,0.0009979123925881028
2018-10-01,0.00055880882649806
2018-10-02,-0.00041232758187181585
2018-10-03,0.0016445489313552234
2018-10-04,-0.00654550400472001
2018-10-05,-0.0024590113513899606
2018-10-08,-0.0031808780487804916
2018-10-09,-0.002272037281470295
2018-10-10,-0.029990053188897914
2018-10-11,0.0
2018-10-12,-0.0
2018-10-15,0.0
2018-10-16,-0.00013215000000000001
2018-10-17,0.0008392295461115863
2018-10-18,-0.007061167571121411
2018-10-19,4.3582640812558375e-05
2018-10-22,0.0015987031797795271
2018-10-23,-0.00151691469895304
2018-10-24,0.018477603799900322
2018-10-25,-0.0003633
2018-10-26,0.0020397270219253538
2018-10-29,0.00506689138302959
2018-10-30,-0.0
2018-10-31,-0.00031845
2018-11-01,-0.009969954389301395
2018-11-02,-0.000958674667362383
2018-11-05,0.001001032981958033
2018-11-06,0.0030818153887810303
2018-11-07,-0.01563741500326295
2018-11-08,-0.00043293149073802433
2018-11-09,-0.0025381744904418827
2018-11-12,-0.013947245511128054
2018-11-13,-0.0003003
2018-11-14,-0.006197649982177464
2018-11-15,-0.0002997
2018-11-16,0.00884061570571355
2018-11-19,-0.01159336586120841
2018-11-20,-0.012320579350641023
2018-11-21,-0.00031200000000000005
2018-11-23,-0.003617391304347841
2018-11-26,0.01569691522525227
2018-11-27,0.0006575053041351297
2018-11-28,0.005417749969965652
2018-11-29,-0.0008699195629078712
2018-11-30,0.0034639773654652093
2018-12-03,0.004353657071153257
2018-12-04,-0.01177249928631745
2018-12-06,-0.0023206034961267942
2018-12-07,0.01452106598984771
2018-12-10,-0.001357436406006834
2018-12-11,-0.0005330273315087685
2018-12-12,-0.0015611737298343665
2018-12-13,0.001258438932326767
2018-12-14,-0.0037901884816483656
2018-12-17,-0.005194719151523996
2018-12-18,0.0
2018-12-19,0.0
2018-12-20,0.0
2018-12-21,0.0
2018-12-24,0.0
2018-12-26,-0.00045615
2018-12-27,0.004255098061704305
2018-12-28,0.0028578807551510703
2018-12-31,-0.011578950336321383
2019-01-02,-0.008647078345383431
2019-01-03,0.012011290400745183
2019-01-04,-0.022291300031884075
2019-01-07,0.0019303495421127326
2019-01-08,0.002452794879135025
2019-01-09,0.0019794283659675537
2019-01-10,0.0012341902060252939
2019-01-11,0.0030393157457844384
2019-01-14,-0.00016357846053259377
2019-01-15,0.003051783067977605
2019-01-16,-0.0009358397939965186
2019-01-17,0.0023107543549175194
2019-01-18,0.0019227766342536658
2019-01-22,-0.01750423709061992
2019-01-23,-0.00029279999999999996
2019-01-24,0.005034221954967596
2019-01-25,0.008355847519723035
2019-01-28,-0.0075348910588294874
2019-01-29,0.002150662199517107
2019-01-30,0.007473419958849652
2019-01-31,0.00712736671076812
2019-02-01,0.0017276564830607864
2019-02-04,0.0045330579796662345
2019-02-05,0.0006040035713324712
2019-02-06,0.001431625393709053
2019-02-07,-0.005860477120355692
2019-02-08,0.0033737332972120127
2019-02-11,0.0014032204746323115
2019-02-12,0.002721069192514491
2019-02-13,0.0004589797098088422
2019-02-14,-0.002347848085308616
2019-02-15,0.005604288696045071
2019-02-19,-0.0
2019-02-20,0.006579531108815049
2019-02-21,-0.002698507209172327
2019-02-22,0.0061890253959167715
2019-02-25,-0.003198909586466175
2019-02-26,-0.0016622309567384675
2019-02-27,0.00046056770002639373
2019-02-28,0.0009190778806724466
2019-03-01,0.0062767003270198084
2019-03-04,-0.0032203018282262737
2019-03-05,-0.0018204141673353338
2019-03-06,-0.004433071247094505
2019-03-07,-0.004547352495216187
2019-03-08,-0.0004386890725587962
2019-03-11,0.011302437478847401
2019-03-12,0.002968933644483321
2019-03-13,0.0021881726593634965
2019-03-14,0.0013397517678757722
2019-03-15,0.003997742670396985
2019-03-18,-0.0007854165987844071
2019-03-19,-0.0006192662286160269
2019-03-20,-0.0017400936819136356
2019-03-21,0.00215280560317583
2019-03-22,-0.01390528528599393
2019-03-25,-0.0008764226416752868
2019-03-26,0.007301690321145436
2019-03-27,-0.0026037669230009977
2019-03-28,0.004589572998488851
2019-03-29,0.003159755706417439
2019-04-01,0.002901237453917692
2019-04-02,-0.00018710728415173312
2019-04-03,0.00010358332305807999
2019-04-04,0.0003297059708687901
2019-04-05,0.002954223559361263
2019-04-08,-0.0004992394866664496
2019-04-09,-0.004934734576666977
2019-04-10,0.004422992326890057
2019-04-11,0.0028822893129511035
2019-04-12,0.0069221387658130245
2019-04-15,0.0009669898365783559
2019-04-16,0.0003797552605391763
2019-04-17,0.00034332327483243164
2019-04-18,0.0016506145466422836
2019-04-22,0.0020359396250635774
2019-04-23,0.0004083401039711881
2019-04-24,-0.00350816485344763
2019-04-25,-0.0021704800433753175
2019-04-26,0.003980831159422943
2019-04-29,-0.0016142262171405448
2019-04-30,0.0004532066474259539
2019-05-01,-0.005783026657949761
2019-05-02,0.0006506794564348383
2019-05-03,0.007506116784384695
2019-05-06,-0.009521723087080939
2019-05-07,-0.017875455356200727
2019-05-08,0.0
2019-05-09,-0.0
2019-05-10,-0.0002406
2019-05-13,-0.025098148580562536
2019-05-14,-0.00027089999999999997
2019-05-15,0.008104325335569512
2019-05-16,0.003448535262206155
2019-05-17,-0.0011031440683083682
2019-05-20,-0.0007669264035550454
2019-05-21,0.004318486745790346
2019-05-22,0.0002269691557999914
2019-05-23,-0.005126123746714182
2019-05-24,0.0027340227819453626
2019-05-28,-0.0030458011863642395
2019-05-29,-0.0038574771646410337
2019-05-30,0.0032069614865730947
2019-05-31,-0.0069926507822233135
2019-06-03,-0.0008081893922875628
2019-06-04,-0.000127275
2019-06-05,0.0024105477899508945
2019-06-06,0.0008423868373245005
2019-06-07,-0.0008272388675833673
2019-06-10,0.0012717588196944566
2019-06-11,-0.0005994630597096598
2019-06-12,0.0010942686056458666
2019-06-13,0.0004957641853832182
2019-06-14,0.0025447403231280523
2019-06-17,0.0019161052329429418
2019-06-18,0.0001953022418253751
2019-06-19,0.006691248249932233
2019-06-20,-0.0022838219844898487
2019-06-21,-0.0036553211030927782
2019-06-24,0.0021922303003420575
2019-06-25,-0.003573571123064811
2019-06-26,0.0011770159674724826
2019-06-27,0.0037339940714243443
2019-06-28,0.004541553426935912
2019-07-01,0.0048827280134471135
2019-07-02,0.005657322090522246
2019-07-03,0.0011336022030517341
2019-07-05,-0.0019307732554216521
2019-07-08,-0.003782054456011015
2019-07-09,-0.00011459649292272515
2019-07-10,0.005158619982820446
2019-07-11,0.0018520901151545539
2019-07-12,0.0022402758159446473
2019-07-15,0.00033280199061637737
2019-07-16,-0.0006598878591600585
2019-07-17,-0.0031044625446176493
2019-07-18,0.0032926174375841545
2019-07-19,-0.004434701006312762
2019-07-22,0.00551108889144089
2019-07-23,0.003105858762467664
2019-07-24,0.0031012414061942378
2019-07-25,-0.0024058015382585033
2019-07-26,0.0024022927872191834
2019-07-29,-0.0007957105685699777
2019-07-30,-0.0045056739569241215
2019-07-31,-0.007270288988441735
2019-08-01,-0.01054168937329701
2019-08-02,0.0004337560469509063
2019-08-05,-0.03363066531669914
2019-08-06,-0.0
2019-08-07,-0.00029235
2019-08-08,0.012935427779830828
2019-08-09,-0.002779235612011812
2019-08-12,-0.008432699119816062
2019-08-13,-0.01944850006475159
2019-08-14,-0.011312279443899781
2019-08-15,-0.00010715151515150907
2019-08-16,-0.014939402435763763
2019-08-19,0.006396744379251258
2019-08-20,-0.0019005714453549114
2019-08-21,0.005316315128361426
2019-08-22,-0.0023517401637514253
2019-08-23,-0.008313918268741673
2019-08-26,0.0010875789760082394
2019-08-27,-0.0032841669526337464
2019-08-28,0.003118412126623723
2019-08-29,0.0080305443993461
2019-08-30,-0.0015234433532040031
2019-09-03,-0.0057183755640402515
2019-09-04,0.01191549923729393
2019-09-05,0.002993284598294274
2019-09-06,0.0029018665737470363
2019-09-09,0.00022204376684646724
2019-09-10,0.0006536115569823412
2019-09-11,0.0035069175675937177
2019-09-12,0.003661477998579824
2019-09-13,0.0019375720373088698
2019-09-16,-0.0030930041389572696
2019-09-17,0.0016171829665450608
2019-09-18,0.00559955849216288
2019-09-19,0.0012535778813598456
2019-09-20,-0.008229020628259401
2019-09-23,0.004051359397934211
2019-09-24,-0.008939260418895568
2019-09-25,0.005483227058497358
2019-09-26,-0.0018742827444274421
2019-09-27,-0.005194039932402414
2019-09-30,0.007951155829213699
2019-10-01,-0.011967911921906531
2019-10-02,-0.011315735394737866
2019-10-03,0.009002304825904691
2019-10-04,0.009311415843593083
2019-10-07,-0.0018536990175543834
2019-10-08,-0.014037422422437313
2019-10-09,0.00883589794940187
2019-10-10,0.005222493188985213
2019-10-11,0.004537853107344633
2019-10-14,0.00389254689380687
2019-10-15,0.002286576572752353
2019-10-16,0.0006149984035105106
2019-10-17,0.0006781549323580239
2019-10-18,-0.0005515667484650792
2019-10-21,0.004902347249596856
2019-10-22,-0.0033275148621132985
2019-10-23,0.002467771983493844
2019-10-24,0.0010928879270652135
2019-10-25,0.004520843438244762
2019-10-28,-0.0014280635829757395
2019-10-29,0.0008451312165074677
2019-10-30,0.004271733668829073
2019-10-31,-0.0022903661937065706
2019-11-01,0.005179003078295482
2019-11-04,-0.0008254643480289704
2019-11-05,-0.0026302106610532833
2019-11-06,0.0020144625532251795
2019-11-07,0.001201485582375895
2019-11-08,0.0017690137106899794
2019-11-11,0.001583690803844734
2019-11-12,0.00044071132463680267
2019-11-13,-0.00018783417660084027
2019-11-14,0.0016359868714131047
2019-11-15,0.004179118404109077
2019-11-18,0.0009501275052773665
2019-11-19,-0.0016430140841700088
2019-11-20,0.00038333463770730215
2019-11-21,-0.001129449575544533
2019-11-22,0.004023321441895737
2019-11-25,0.005033207404196281
2019-11-26,0.0014058687462121932
2019-11-27,0.0002098374669281158
2019-11-29,-0.0020917462223666496
2019-12-02,-0.00828274944567627
2019-12-03,-0.0069547259879792975
2019-12-04,0.006613863414138309
2019-12-05,0.0021338716281150004
2019-12-06,0.0041458480713421255
2019-12-09,-0.007819652004606959
2019-12-10,0.002745121079793568
2019-12-11,0.0034481300432173297
2019-12-12,0.007351961509376419
2019-12-13,0.007533656628043581
2019-12-16,0.0031885663905947036
2019-12-17,-0.0006391775862184248
2019-12-18,0.0006505484815030359
2019-12-19,0.0017657850031235769
2019-12-20,-0.0013152594565500036
2019-12-23,-0.00011912487216437214
2019-12-24,0.001994583351659301
2019-12-26,-0.0001567330671554735
2019-12-27,-0.004848753602872631
2019-12-30,-0.0033081582866843467
2019-12-31,0.007283420309587462
2020-01-02,0.004485273605752162
2020-01-03,-0.006731871791595879
2020-01-06,0.0008739152177332653
2020-01-07,0.0014540001894084934
2020-01-08,0.003675903071239625
2020-01-09,0.003529793538865782
2020-01-10,0.00040462067101799633
2020-01-13,0.00294065832341341
2020-01-14,0.0010852888062269032
2020-01-15,0.0005743587811781719
2020-01-16,0.002102071175061987
2020-01-17,5.2940322858590534e-05
2020-01-21,-0.0013311360775586205
2020-01-22,-0.0006255164379336587
2020-01-23,0.0011418878662782616
2020-01-24,-0.007441500493884282
2020-01-27,-0.015503476582872015
2020-01-28,-0.0002442
2020-01-29,0.00010257541151453244
2020-01-30,0.005203527884914827
2020-01-31,-0.01847924759660103
2020-02-03,-0.00026955
2020-02-04,0.01221219450411958
2020-02-05,0.0029648857393104492
2020-02-06,0.0007253288837533934
2020-02-07,-0.0016127614244439053
2020-02-10,0.0014744913820180217
2020-02-11,5.14848643217073e-05
2020-02-12,0.007021923974788754
2020-02-13,-0.0012294500912170966
2020-02-14,0.0007567287248527115
2020-02-18,-0.003618861118268475
2020-02-19,0.003980191262501449
2020-02-20,-0.006210343128637897
2020-02-21,-0.0074147306122473
2020-02-24,-0.027522592315602192
2020-02-25,0.0
2020-02-26,0.0
2020-02-27,0.0
2020-02-28,-0.0
2020-03-02,-0.0005013
2020-03-03,0.03489157202630007
2020-03-04,-0.017751894812120382
2020-03-05,0.04510284052398612
2020-03-06,0.044279793097600266
2020-03-09,0.09046409235101383
2020-03-10,-0.025662781853535932
2020-03-11,0.05145172052968922
2020-03-12,0.1118195613368799
2020-03-13,-0.03953081584074338
2020-03-16,0.2018506030760407
2020-03-17,0.02268445989482943
2020-03-18,0.10618739663403183
2020-03-19,-0.04641714839028308
2020-03-20,-0.05083128648217785
2020-03-23,-0.12982392649945002
2020-03-24,-0.022836054204713487
2020-03-25,0.04266829062213038
2020-03-26,-0.06798055503867727
2020-03-27,0.09496407052251771
2020-03-30,-0.03959654698266728
2020-03-31,-0.03057729750063012
2020-04-01,0.050461405974344446
2020-04-02,-0.03894985862547261
2020-04-03,-0.01846437963590524
2020-04-06,-0.03356244761106454
2020-04-07,0.021911816901684547
2020-04-08,-0.016357566406832183
2020-04-09,-0.015256621595038029
2020-04-13,-0.00868823508833301
2020-04-14,-0.034897122768016174
2020-04-15,0.04292080458806502
2020-04-16,-0.000567877978381231
2020-04-17,-0.02196821702956982
2020-04-20,0.04801476493355575
2020-04-21,0.0
2020-04-22,-0.0
2020-04-23,0.0
2020-04-24,-0.0005389500000000001
2020-04-27,0.026149343655859227
2020-04-28,-0.0018097474207361475
2020-04-29,0.021473599812035584
2020-04-30,-0.017473510910107026
2020-05-01,-0.030486396827627785
2020-05-04,0.013724495415868053
2020-05-05,0.014201315930546571
2020-05-06,-0.007695713856118825
2020-05-07,0.022234611937579467
2020-05-08,0.02167909250485978
2020-05-11,0.015580130779808946
2020-05-12,-0.04004858267433604
2020-05-13,-0.01950770417383895
2020-05-14,0.021292188048536713
2020-05-15,0.0020250174986350517
2020-05-18,0.026155627746634016
2020-05-19,-0.018543590694716824
2020-05-20,0.022231634391994843
2020-05-21,-0.011723878391000045
2020-05-22,0.006112567296606678
2020-05-26,0.006910180562866966
2020-05-27,0.004912144032914017
2020-05-28,-0.011198103498719173
2020-05-29,0.012689089789319789
2020-06-01,-0.006164879962077439
2020-06-02,0.010161520944560725
2020-06-03,0.010134620923334229
2020-06-04,0.00279778551761157
2020-06-05,0.01323751537201871
2020-06-08,-0.006415547195846472
2020-06-09,-0.014399343626036433
2020-06-10,0.003747296079687832
2020-06-11,-0.10958886919969484
2020-06-12,-0.0005413500000000001
2020-06-15,0.008192046002156334
2020-06-16,0.00245875671290037
2020-06-17,-9.008010922081457e-05
2020-06-18,0.00025164420742585685
2020-06-19,-0.008740872824794016
2020-06-22,0.03567013836846684
2020-06-23,-0.0014751926496739804
2020-06-24,-0.008214607755536948
2020-06-25,0.006596189141285465
2020-06-26,-0.023005355064027948
2020-06-29,0.020882216422872208
2020-06-30,0.013029396404091318
2020-07-01,0.010189950461291106
2020-07-02,0.007326010749163375
2020-07-06,-0.0014726675321926716
2020-07-07,-0.0108952434881012
2020-07-08,0.00841837852550137
2020-07-09,-0.007348466626281098
2020-07-10,0.010784650661879277
2020-07-13,-0.026786588667028325
2020-07-14,0.01822630154840393
2020-07-15,0.009675941465349102
2020-07-16,0.0011546690561673825
2020-07-17,0.013005581684724427
2020-07-20,0.013863422513511501
2020-07-21,-0.002566053438156768
2020-07-22,0.004796818247027441
2020-07-23,-0.01388402598356512
2020-07-24,0.0003222961660469432
2020-07-27,0.010461588843424054
2020-07-28,6.78205456385157e-05
2020-07-29,0.006122838838748719
2020-07-30,-0.003450829253881673
2020-07-31,0.002712630466304421
2020-08-03,0.0010590179748012866
2020-08-04,0.008072642017473201
2020-08-05,0.003790182469305373
2020-08-06,0.00300487293863263
2020-08-07,0.0011915715806905573
2020-08-10,0.0064218902198653555
2020-08-11,-0.009050798261459665
2020-08-12,0.011756544906587358
2020-08-13,0.00041065521338267807
2020-08-14,-0.0010599062363384258
2020-08-17,0.009745811138078755
2020-08-18,0.0025081752778366296
2020-08-19,-0.005592038425582383
2020-08-20,0.0027146331871117013
2020-08-21,-0.0005737663518359561
2020-08-24,0.0007750691703219574
2020-08-25,0.0026677810089629312
2020-08-26,-0.005636681522685907
2020-08-27,-0.008052992775157974
2020-08-28,-0.0005019579698172662
2020-08-31,-0.009713743899575357
2020-09-01,-0.0032538731684939428
2020-09-02,-0.009552359029103358
2020-09-03,-0.036061211073415
2020-09-04,0.029462153219287482
2020-09-08,0.006984824281150135
2020-09-09,0.013846976065344496
2020-09-10,0.0026357602880606123
2020-09-11,0.00979381913157663
2020-09-14,0.0022354599091642243
2020-09-15,0.0037979988474259015
2020-09-16,-0.0005664375490084186
2020-09-17,0.00293934684051382
2020-09-18,-0.0012189641209094373
2020-09-21,-0.00975817149686288
2020-09-22,-0.0016616369923768783
2020-09-23,-0.00959523362933466
2020-09-24,0.0011355175929413691
2020-09-25,0.008186749432613785
2020-09-28,0.0023618952980007614
2020-09-29,0.008593427706269313
2020-09-30,-0.005696974624762832
2020-10-01,-0.00016998078504996183
2020-10-02,-0.009261289255891562
2020-10-05,0.009454929581484752
2020-10-06,-0.0016621061203787066
2020-10-07,0.0074940506528236705
2020-10-08,0.014145919605548136
2020-10-09,0.012153545842711265
2020-10-12,0.004286852451849261
2020-10-13,-0.0011122523049394643
2020-10-14,0.0018775139829052755
2020-10-15,-0.005621727128854917
2020-10-16,-0.0015342598261585047
2020-10-19,-0.010721613369039696
2020-10-20,0.0021492186722404712
2020-10-21,0.007028128026428917
2020-10-22,0.0038327918594335624
2020-10-23,0.0004058904688712643
2020-10-26,-0.024044104592999133
2020-10-27,0.0
2020-10-28,0.0
2020-10-29,-0.0
2020-10-30,0.0
2020-11-02,-0.0
2020-11-03,-0.0
2020-11-04,-0.00044355
2020-11-05,0.0049113759322463235
2020-11-06,0.009323159752868479
2020-11-09,0.0024040228469201603
2020-11-10,0.004155381697709619
2020-11-11,0.002538740323922956
2020-11-12,-0.016266582278480997
2020-11-13,0.01648955865463621
2020-11-16,0.004986527743316998
2020-11-17,0.004172028234183684
2020-11-18,-0.0072594508154485565
2020-11-19,0.003735029245118359
2020-11-20,0.0009273909694249975
2020-11-23,0.0023698885788125804
2020-11-24,0.00401121288731535
2020-11-25,0.008541965468826723
2020-11-27,-0.0017965748165870404
2020-11-30,0.004029632352279789
2020-12-01,-0.002031738068274336
2020-12-02,0.0011425327840962922
2020-12-03,-0.0020187618111479973
2020-12-04,0.0032443397395939036
2020-12-07,-0.0005061833843477911
2020-12-08,0.007381910211045076
2020-12-09,-0.007538982528456863
2020-12-10,-0.00190836096702265
2020-12-11,-0.008110735372509644
2020-12-14,-0.004925048215565754
2020-12-15,0.011214126959963449
2020-12-16,0.007545555612319409
2020-12-17,0.0025575238306508744
2020-12-18,-0.003215827596824412
2020-12-21,-0.019259077766319778
2020-12-22,0.004731296315563219
2020-12-23,0.010079563539187908
2020-12-24,0.006864814211848112
2020-12-28,0.0011221214199231078
2020-12-29,-0.0083558923705474
2020-12-30,0.008191132831525127
2020-12-31,0.00018491476133523541
2021-01-04,-0.019156297325020367
2021-01-05,0.008333426966292128
2021-01-06,0.0017269828695317259
2021-01-07,0.015394065408966732
2021-01-08,0.0025333367615882414
2021-01-11,-0.014197858917644983
2021-01-12,0.008441249474694396
2021-01-13,0.004058983446911749
2021-01-14,-0.0028435208428676025
2021-01-15,-0.0061835421657613346
2021-01-19,0.007052000860148723
2021-01-20,0.004370557229931026
2021-01-21,0.002363660642418406
2021-01-22,-0.0032645896414505646
2021-01-25,-0.009932871390153131
2021-01-26,0.0045944962811201575
2021-01-27,-0.05375716107634657
2021-01-28,-0.00045315000000000004
2021-01-29,-0.01881604125089826
2021-02-01,0.018292361619291996
2021-02-02,0.02531918834369006
2021-02-03,0.014044404671521606
2021-02-04,0.010221149608717497
2021-02-05,0.0004582417825617654
2021-02-08,0.0006762301146133535
2021-02-09,-0.00021553598882157108
2021-02-10,-0.002046051717105032
2021-02-11,0.005681317396192377
2021-02-12,0.007341623638293986
2021-02-16,-0.0016738570729618063
2021-02-17,0.003307256575654537
2021-02-18,-0.0016243569363017984
2021-02-19,0.00858840436453508
2021-02-22,-0.009139240646186297
2021-02-23,0.009479348287808095
2021-02-24,0.008497123148044256
2021-02-25,-0.0339097163687847
2021-02-26,0.014675969449308393
2021-03-01,0.01832701884628279
2021-03-02,-0.0013697962392505718
2021-03-03,-0.011012574170969121
2021-03-04,-0.0118237130041148
2021-03-05,0.020249172493582122
2021-03-08,-0.003828791036924904
2021-03-09,0.010394551350568333
2021-03-10,0.0014865320020050288
2021-03-11,0.0028353500698943975
2021-03-12,0.004129695416618955
2021-03-15,0.006075177355175169
2021-03-16,-0.0003735085320904475
2021-03-17,0.007985043588977418
2021-03-18,-0.010787887066280187
2021-03-19,0.008100518248309478
2021-03-22,0.012945119465079665
2021-03-23,-0.008671696447367141
2021-03-24,-0.0010377347618174848
2021-03-25,0.0058889004485361265
2021-03-26,0.008200854973372586
2021-03-29,-0.0047598539880489565
2021-03-30,0.008265883329600172
2021-03-31,0.002074850725770947
2021-04-01,0.005667435846817089
2021-04-05,0.004689542331558527
2021-04-06,-5.88598596694966e-05
2021-04-07,0.00420735545888505
2021-04-08,0.0030483552699067974
2021-04-09,0.0009563632888093252
2021-04-12,0.0018638221825765901
2021-04-13,0.0013297909002922628
2021-04-14,-0.003711299353661448
2021-04-15,0.00578541753112437
2021-04-16,0.0025007076832976407
2021-04-19,-0.005914701409348593
2021-04-20,-0.003267916406214373
2021-04-21,0.007936842141755768
2021-04-22,-0.009321818517033944
2021-04-23,0.005830663716183246
2021-04-26,0.001689795886866456
2021-04-27,0.0037987960114116695
2021-04-28,0.00027788999495494826
2021-04-29,0.0007235657648341335
2021-04-30,-0.006991274592016362
2021-05-03,0.0061177916701501776
2021-05-04,-0.006611966195680549
2021-05-05,0.004914009438799678
2021-05-06,0.0014727619936588253
2021-05-07,0.010459943028262442
2021-05-10,-0.008110317272863623
2021-05-11,-0.015103766890292109
2021-05-12,-0.037764285494276656
2021-05-13,0.025788093322608677
2021-05-14,0.027971434423582624
2021-05-17,-0.007055555863793714
2021-05-18,-0.0034069054746662933
2021-05-19,-0.010913554538725572
2021-05-20,0.012254979496379508
2021-05-21,0.002471707096261681
2021-05-24,0.009740466912689266
2021-05-25,-5.979397421858051e-05
2021-05-26,0.009430765241914088
2021-05-27,0.009213487339439322
2021-05-28,-0.003916245910138202
2021-06-01,-0.003959604621255439
2021-06-02,0.004341540060245526
2021-06-03,-0.003015019785687936
2021-06-04,0.009416164418480533
2021-06-07,0.003372150972458377
2021-06-08,-0.0020235609556004475
2021-06-09,-0.002764552107758594
2021-06-10,0.009645805366435592
2021-06-11,0.004411941901313081
2021-06-14,-0.0014041474225472397
2021-06-15,-0.004044108072336877
2021-06-16,-0.00017867226299316295
2021-06-17,0.001002629567344439
2021-06-18,-0.01662706481705436
2021-06-21,0.013033533080556357
2021-06-22,0.009535658734373613
2021-06-23,0.003428652456876064
2021-06-24,0.0025953828360245307
2021-06-25,0.0036381504817282317
2021-06-28,0.00015974052788624132
2021-06-29,-0.0036888466702451575
2021-06-30,0.0019198055004394138
2021-07-01,0.0029532176901204115
2021-07-02,0.0001929642406671838
2021-07-06,-0.003820618366929037
2021-07-07,-0.0006414649862616706
2021-07-08,-0.010715545827942334
2021-07-09,0.012015022949314237
2021-07-12,0.0012434803164028327
2021-07-13,-0.0019663001804027867
2021-07-14,0.004091862668016648
2021-07-15,-0.002224810050891772
2021-07-16,-0.00728665099378092
2021-07-19,-0.026719250774969984
2021-07-20,0.021291187489071144
2021-07-21,0.012697168693804913
2021-07-22,-0.004203317856659749
2021-07-23,0.0018273232281812574
2021-07-26,0.0017505818115211647
2021-07-27,-0.005052705158877199
2021-07-28,0.005139029069391769
2021-07-29,0.003269764665972352
2021-07-30,-0.004949914185156814
2021-08-02,-0.007114668871654188
2021-08-03,0.010141917038254164
2021-08-04,0.0003611724264881417
2021-08-05,0.0044172708634247415
2021-08-06,0.004979755784214128
2021-08-09,0.001298187952143294
2021-08-10,0.003239033090409559
2021-08-11,0.005010724906660092
2021-08-12,0.003032506943662157
2021-08-13,3.2306819526235846e-05
2021-08-16,-0.0008098173682200613
2021-08-17,-0.004912984969840142
2021-08-18,-0.012418587251497819
2021-08-19,-0.006361946576491077
2021-08-20,0.017734952574531216
2021-08-23,0.006419130182315692
2021-08-24,0.0008389048438393057
2021-08-25,0.003984574268115488
2021-08-26,-0.0069589800302161265
2021-08-27,0.008905819718173518
2021-08-30,0.0016376153726784931
2021-08-31,0.0007385139417238055
2021-09-01,0.0041090057224244985
2021-09-02,0.0004609123501714503
2021-09-03,-0.0018697551067247407
2021-09-07,-0.003115233812810798
2021-09-08,-3.944260286782478e-06
2021-09-09,-0.003759435271872713
2021-09-10,-0.008050018427206483
2021-09-13,0.008134525858474155
2021-09-14,-0.0022097698170001215
2021-09-15,0.006044348065351348
2021-09-16,0.0024853459453899733
2021-09-17,-0.011951174104088318
2021-09-20,-0.021844536121697074
2021-09-21,0.01028074486959564
2021-09-22,0.013223718838418125
2021-09-23,0.014139499975597318
2021-09-24,0.006453101679833524
2021-09-27,-0.0019114421284706865
2021-09-28,-0.019384977481587205
2021-09-29,-0.004326945850137317
2021-09-30,0.0011490910691444838
2021-10-01,0.007086333286049001
2021-10-04,-0.005943101425721842
2021-10-05,0.008045717471135404
2021-10-06,0.004436632110501149
2021-10-07,0.007868473258646959
2021-10-08,0.00435542773051106
2021-10-11,-0.002992695779182394
2021-10-12,0.004037169139050767
2021-10-13,0.003846773911680391
2021-10-14,0.011458593762274946
2021-10-15,-0.0001297509582678431
2021-10-18,0.0034702164779785607
2021-10-19,0.0016867583588243101
2021-10-20,0.0018569910643296702
2021-10-21,0.00495384621958172
2021-10-22,-0.003224154493971926
2021-10-25,0.004405979341134088
2021-10-26,-0.002854511673546197
2021-10-27,-0.0034337355593422126
2021-10-28,0.004974489807729641
2021-10-29,-0.0011720133579049316
2021-11-01,0.002579974610175007
2021-11-02,0.003889022794975167
2021-11-03,0.005129394277274991
2021-11-04,-0.0023530898796236687
2021-11-05,-0.005183770830620965
2021-11-08,-0.00017639800258589366
2021-11-09,-0.003081736080980826
2021-11-10,-0.002711386253452023
2021-11-11,0.0030242922129769152
2021-11-12,0.00704225914449674
2021-11-15,0.0020965794757093607
2021-11-16,-0.0006678051342658399
2021-11-17,-0.001971175241822071
2021-11-18,-0.001863120794429236
2021-11-19,-0.002409810140334453
2021-11-22,-0.00291326703321946
2021-11-23,0.004666241852269429
2021-11-24,0.001987413512527035
2021-11-26,-0.05393417260499406
2021-11-29,0.04367753851520915
2021-11-30,-0.03347020759198468
2021-12-01,-0.0208524923775991
2021-12-02,-0.00041924999999999997
2021-12-03,-0.024844511251840402
2021-12-06,0.026774935325038888
2021-12-07,0.0302838847398637
2021-12-08,0.006661356638208065
2021-12-09,-0.0028804768553272286
2021-12-10,0.006793352397133037
2021-12-13,-0.003925238733946407
2021-12-14,-0.0021359893826427166
2021-12-15,0.016095219771055692
2021-12-16,-0.008887644433447505
2021-12-17,-0.006916327236864167
2021-12-20,-0.008109167443895398
2021-12-21,0.011313465656401782
2021-12-22,0.012262868124624045
2021-12-23,0.0012046541297470476
2021-12-27,0.002605755236538277
2021-12-28,0.0019108767785389156
2021-12-29,0.0021296341128716647
2021-12-30,0.00011323363282155692
2021-12-31,0.0018219435045251035
2022-01-03,0.006125410550237343
2022-01-04,0.0002342307023959337
2022-01-05,-0.013420571713572122
2022-01-06,-0.0012710614959458842
2022-01-07,0.005451724256062062
2022-01-10,0.0031110970693837186
2022-01-11,0.007269959502915649
2022-01-12,0.001083505930140122
2022-01-13,-0.011540915903982662
2022-01-14,0.0037663336589320363
2022-01-18,-0.016103469383938977
2022-01-19,-0.005913679413957036
2022-01-20,-0.008245027293866551
2022-01-21,-0.023694980521819394
2022-01-24,-0.007823182349994191
2022-01-25,-0.0013142722880058215
2022-01-26,-0.005241921533480092
2022-01-27,-0.00045735000000000003
2022-01-28,0.019085725804121333
2022-01-31,0.019162097550668337
2022-02-01,0.019399156470255065
2022-02-02,0.0024509232985221925
2022-02-03,-0.014400896670410602
2022-02-04,0.005375373393135901
2022-02-07,0.005721657882127437
2022-02-08,0.011167087275417584
2022-02-09,0.007782890557098697
2022-02-10,-0.009845548674213953
2022-02-11,-0.014711092202451235
2022-02-14,-0.0012586630865507207
2022-02-15,0.02251287944116486
2022-02-16,0.009414443045497422
2022-02-17,-0.029792825453250897
2022-02-18,-0.00568748159463919
2022-02-22,0.0018862781613780183
2022-02-23,-0.017083348826744775
2022-02-24,-0.0
2022-02-25,-0.00041385
2022-02-28,-0.013720742766074184
2022-03-01,0.0
2022-03-02,-0.00046110000000000004
2022-03-03,-0.003510997434613304
2022-03-04,-0.01244170044359399
2022-03-07,-0.030875305727435264
2022-03-08,-0.0
2022-03-09,-0.00048675000000000004
2022-03-10,0.014786542436882539
2022-03-11,-0.006499253662380975
2022-03-14,-0.009448298594079807
2022-03-15,0.009414644042628715
2022-03-16,0.032329467378832265
2022-03-17,0.00208193252166421
2022-03-18,0.007022615705608497
2022-03-21,0.0005249304070015481
2022-03-22,0.00439958436384052
2022-03-23,0.0007181162520882114
2022-03-24,0.005004869704693618
2022-03-25,0.006796478907477463
2022-03-28,0.003515969933687053
2022-03-29,0.009970723719581645
2022-03-30,-0.0029377768697971453
2022-03-31,-0.01043320428737089
2022-04-01,0.008535875791284389
2022-04-04,0.010628851446471483
2022-04-05,-0.016915452397463764
2022-04-06,-0.004168710656615078
2022-04-07,0.005795423085153288
2022-04-08,0.00014673767995587757
2022-04-11,-0.011836066698810705
2022-04-12,-0.002640000386773992
2022-04-13,0.016629942503437658
2022-04-14,-0.005848416277921431
2022-04-18,0.0028519616769508422
2022-04-19,0.01106381883059296
2022-04-20,0.004746056819065966
2022-04-21,-0.014220030303733028
2022-04-22,-0.027530726097560947
2022-04-25,0.007135078051981337
2022-04-26,-0.029692306569900784
2022-04-27,-0.00047400000000000003
2022-04-28,0.015084653643029272
2022-04-29,-0.023430218177877833
2022-05-02,-0.00024255000000000001
2022-05-03,0.009735637506425992
2022-05-04,0.014367025996884417
2022-05-05,-0.025320394427488947
2022-05-06,0.0028850117557579816
2022-05-09,-0.013382313172321048
2022-05-10,0.006696412406299457
2022-05-11,0.0009613606185945445
2022-05-12,0.0030725686391828723
2022-05-13,0.010354145699470695
2022-05-16,0.006718937359444367
2022-05-17,0.0032599268781036647
2022-05-18,-0.019834884537946643
2022-05-19,0.011570592754835985
2022-05-20,-0.0007156801938875336
2022-05-23,0.0016460553160811933
2022-05-24,-0.0004769575265617369
2022-05-25,0.0035832330699461508
2022-05-26,0.0017025212805785012
2022-05-27,0.005576996155611858
2022-05-30,-0.0
2022-05-31,0.002157960431338232
2022-06-01,0.0009051278027805465
2022-06-02,0.00517095997217526
2022-06-03,-0.0026998212672370504
2022-06-06,0.0033256641798741046
2022-06-07,0.007068502458098601
2022-06-08,0.0002641504220040431
2022-06-09,-0.012683950907747248
2022-06-10,-0.015437054961843137
2022-06-13,-0.038268829523333735
2022-06-14,0.010542896615261742
2022-06-15,0.017197436602533454
2022-06-16,-0.009576689964858812
2022-06-17,0.010431506973835384
2022-06-20,-0.0
2022-06-21,0.005614631389259424
2022-06-22,0.0063454532055976735
2022-06-23,-5.0978886186458666e-05
2022-06-24,0.002459599940297635
2022-06-27,0.004817661431367204
2022-06-28,-0.0041602236570373
2022-06-29,-0.00014146775464893372
2022-06-30,-0.0016062318028794611
2022-07-01,0.007573289123719025
2022-07-04,-0.0
2022-07-05,-0.00016767602353240415
2022-07-06,0.004495411449106834
2022-07-07,0.0028772142156900955
2022-07-08,0.0059222745578480385
2022-07-11,-0.008255895875004752
2022-07-12,-0.0014354604335295874
2022-07-13,0.0039418973739771025
2022-07-14,-0.0005245296991009665
2022-07-15,0.013842183753396232
2022-07-18,-0.007592940648462045
2022-07-19,0.0038559118697412812
2022-07-20,0.007173835044453363
2022-07-21,0.004938844921336904
2022-07-22,0.0021775315042701165
2022-07-25,0.0025306927482360224
2022-07-26,-0.0063407067889207445
2022-07-27,0.008438581574476516
2022-07-28,0.011601382846983902
2022-07-29,0.0010450206087887414
2022-08-01,-0.0036254669329936636
2022-08-02,-0.00309076191254911
2022-08-03,0.01203117186550211
2022-08-04,-0.0006218927570610269
2022-08-05,0.005276199629641577
2022-08-08,-0.0011601185764450151
2022-08-09,-0.001938817251484072
2022-08-10,0.013200993411440896
2022-08-11,-0.0019466440691198613
2022-08-12,0.0021052986443266457
2022-08-15,0.004066937188848501
2022-08-16,-0.0014656903930700424
2022-08-17,0.0012210055653327262
2022-08-18,0.002358146227938412
2022-08-19,-0.009155775491437613
2022-08-22,-0.014001244259938754
2022-08-23,0.00399941304743366
2022-08-24,0.008801403017238002
2022-08-25,0.006734509502211959
2022-08-26,-0.022142581704983618
2022-08-29,0.0014795904413502016
2022-08-30,-0.004076107102481715
2022-08-31,0.005623691980413355
2022-09-01,0.001757129026748851
2022-09-02,-0.002220873889985792
2022-09-05,-0.0
2022-09-06,-0.0063712391511195595
2022-09-07,0.014925728154619743
2022-09-08,0.00392327567645472
2022-09-09,0.0019992031312243944
2022-09-12,0.0013528058092104746
2022-09-13,-0.021324165800282992
2022-09-14,0.0005730511495459696
2022-09-15,0.0005582751424366206
2022-09-16,0.0005214101928908951
2022-09-19,0.0034730508067655984
2022-09-20,-0.0043920234860178806
2022-09-21,-0.004049298478418328
2022-09-22,0.0010045778244339647
2022-09-23,-0.01726839985627701
2022-09-26,-0.011082952299864933
2022-09-27,0.0
2022-09-28,-0.00045270000000000005
2022-09-29,-0.010280277320356372
2022-09-30,-0.0004743000000000001
2022-10-03,0.01432335159250515
2022-10-04,0.010940434076515003
2022-10-05,-0.0009457806975454861
2022-10-06,-0.004659417549207189
2022-10-07,-0.012717550732949261
2022-10-10,-0.004259424672572019
2022-10-11,-0.005696557591324328
2022-10-12,-0.0
2022-10-13,-0.0
2022-10-14,-0.00024015000000000004
2022-10-17,0.003612818751715692
2022-10-18,0.0032401148411433925
2022-10-19,-0.0028334217021574707
2022-10-20,0.004416673649259903
2022-10-21,-0.00018125595736583218
2022-10-24,0.006108358945648098
2022-10-25,0.011390098734199473
2022-10-26,0.006342607853039725
2022-10-27,0.002469606483189214
2022-10-28,0.006269187485733382
2022-10-31,0.004293402882605269
2022-11-01,0.0030263292110246113
2022-11-02,-0.00755440299268298
2022-11-03,0.006703655512525931
2022-11-04,0.0008335952536503905
2022-11-07,0.00334421107979936
2022-11-08,-0.007412954615482932
2022-11-09,-0.007617155452215614
2022-11-10,0.014738383436434698
2022-11-11,0.0014873345351673925
2022-11-14,6.039723859887024e-05
2022-11-15,-0.0016698875780855192
2022-11-16,0.0029512321746385634
2022-11-17,0.0013143605873198719
2022-11-18,0.0011279356643352772
2022-11-21,0.0031248186128534474
2022-11-22,0.003785548406902141
2022-11-23,0.0023582918594398086
2022-11-24,-0.00015398640168060165
2022-11-25,-0.0010495472205501095
2022-11-28,-0.007702745714483744
2022-11-29,0.0032973137541935688
2022-11-30,0.007711381824474893
2022-12-01,0.003993826367369145
2022-12-02,0.003407892800558798
2022-12-05,-0.0019171904196682431
2022-12-06,-0.0026499137020547982
2022-12-07,-0.0017797302763097945
2022-12-08,0.004378188757224214
2022-12-09,-0.0026975389282552697
2022-12-12,0.0009859971776645337
2022-12-13,0.01115923435069967
2022-12-14,0.0038055637791227954
2022-12-15,-0.013710221191737714
2022-12-16,-0.000697913836444019
2022-12-19,0.005802183690647504
2022-12-20,0.001210613281980295
2022-12-21,0.008487920606935371
2022-12-22,-0.005587594039700992
2022-12-23,0.005542242482197332
2022-12-27,0.0015064442256008963
2022-12-28,-0.000649828676695273
2022-12-29,0.0028582460051663028
2022-12-30,0.0005976158576784746
2023-01-03,0.001598725519401172
2023-01-04,0.006564975983251181
2023-01-05,-0.0020389998250033895
2023-01-06,0.005049409323598806
2023-01-09,-0.000981656615351202
2023-01-10,0.0095460954544296
2023-01-11,-0.001307146152665508
2023-01-12,0.011128842771706494
2023-01-13,0.004440953397054019
2023-01-16,-0.0
2023-01-17,-0.0013640861366882367
2023-01-18,-0.006325769625784179
2023-01-19,-0.000530005614683009
2023-01-20,0.006004758461937929
2023-01-23,0.002880089303161806
2023-01-24,0.007333836216987237
2023-01-25,-0.00014906298850536468
2023-01-26,0.002425908699643681
2023-01-27,0.0031788780354396863
2023-01-30,-0.005469054019688734
2023-01-31,0.004173386557734395
2023-02-01,0.005833598783881216
2023-02-02,-0.0041035425571803565
2023-02-03,-0.0011111112616629575
2023-02-06,-0.004462316121882995
2023-02-07,0.005847437516355609
2023-02-08,-0.00703390691455094
2023-02-09,-0.005794784016403966
2023-02-10,-0.0020517157051976476
2023-02-13,0.007243899306296352
2023-02-14,0.008342916031257398
2023-02-15,0.0033635063392040204
2023-02-16,-0.010469631180512327
2023-02-17,-0.000820842044957739
2023-02-20,-0.0
2023-02-21,-0.015479917561541937
2023-02-22,0.006424414249757961
2023-02-23,0.007521060867482076
2023-02-24,-0.007588937314262637
2023-02-27,0.007626688004148347
2023-02-28,0.005097543274588483
2023-03-01,-0.0025561357330145815
2023-03-02,0.007715760705144032
2023-03-03,0.005867107320212401
2023-03-06,0.002904782567210534
2023-03-07,-0.004446024991188939
2023-03-08,0.0036241690568177736
2023-03-09,-0.020021896245969957
2023-03-10,-0.022144940367569817
2023-03-13,-0.008506833563477869
2023-03-14,0.015779595599069506
2023-03-15,-0.01895918638059191
2023-03-16,0.023358769907934385
2023-03-17,-0.024524743344773562
2023-03-20,0.011942286805768854
2023-03-21,0.021027971312266306
2023-03-22,-0.006356723566454975
2023-03-23,-0.0035935603280748407
2023-03-24,0.009097039922331575
2023-03-27,0.008735050495155708
2023-03-28,0.004924446299463934
2023-03-29,0.006574817642030257
2023-03-30,0.0006604870130168911
2023-03-31,0.0004738036171766221
2023-04-03,0.005015077241373273
2023-04-04,-0.003663240728140357
2023-04-05,0.0014917391956488376
2023-04-06,0.0034351624249217504
2023-04-10,0.002017031653236447
2023-04-11,0.001516625587947957
2023-04-12,-0.0009821518895455478
2023-04-13,0.006675254100018241
2023-04-14,0.0030141499791157835
2023-04-17,0.0049088541506827526
2023-04-18,0.001313826276798649
2023-04-19,0.0004740056678664859
2023-04-20,-0.00360105385735736
2023-04-21,0.003423750390318622
2023-04-24,0.0006667273917950357
2023-04-25,-0.0133841176673678
2023-04-26,0.004665867801056321
2023-04-27,0.007331935279231953
2023-04-28,0.006880406679270412
2023-05-01,0.0027374883035686153
2023-05-02,-0.007550801745815999
2023-05-03,-0.004516472799437007
2023-05-04,-0.008475281270790102
2023-05-05,0.015479787739752395
2023-05-08,0.0014860701108809142
2023-05-09,-0.001786665089175563
2023-05-10,0.0047667461486949805
2023-05-11,0.0008523291712198291
2023-05-12,-8.053194278380618e-05
2023-05-15,0.004386865678723071
2023-05-16,-0.004712166577603444
2023-05-17,0.005684804109919313
2023-05-18,0.006812806799821864
2023-05-19,-0.004064008709358556
2023-05-22,-0.0001331872256153822
2023-05-23,-0.0028836515501873537
2023-05-24,-0.008108679896207484
2023-05-25,0.0049196065669921095
2023-05-26,0.007508084923048496
2023-05-29,-0.0
2023-05-30,0.005003418842429469
2023-05-31,0.001235797840362595
2023-06-01,0.009912267908195714
2023-06-02,0.0061583574787987
2023-06-05,0.003748678448488925
2023-06-06,0.008791125291182457
2023-06-07,-0.0007077795816431916
2023-06-08,0.0037422025341058403
2023-06-09,-0.0011078037525770505
2023-06-12,-0.0007267402747033395
2023-06-13,0.0005057487761020295
2023-06-14,0.004304926958736565
2023-06-15,-0.003729104908363804
2023-06-16,0.005196468523613707
2023-06-19,-0.0
2023-06-20,-2.6858837916129527e-05
2023-06-21,0.002845461088917756
2023-06-22,0.0031744835510756687
2023-06-23,-0.001400613677689361
2023-06-26,-9.064785754731338e-05
2023-06-27,0.003383405161177859
2023-06-28,0.004336398377100545
2023-06-29,-0.0025573485451227456
2023-06-30,0.0023735587071376245
2023-07-03,0.0007064050882166543
2023-07-04,-0.0
2023-07-05,-0.002124089833872259
2023-07-06,-0.007379455675585419
2023-07-07,0.003203443525772659
2023-07-10,0.0010012490068699593
2023-07-11,0.0014005082752454293
2023-07-12,0.008348721905297294
2023-07-13,-0.0008895885957228669
2023-07-14,0.001950528184190326
2023-07-17,0.0001740711027103443
2023-07-18,0.001966309677535274
2023-07-19,-0.0028492959944616866
2023-07-20,0.000497098256356416
2023-07-21,0.0019765996531056064
2023-07-24,0.0020325269503989165
2023-07-25,0.00012616150582410543
2023-07-26,0.003606505079189521
2023-07-27,-0.0060595833558374805
2023-07-28,0.005059350402760355
2023-07-31,0.0012150620589028425
2023-08-01,-0.001738331494681575
2023-08-02,-0.01153877136285292
2023-08-03,0.00028156145890163566
2023-08-04,-0.005666555303360546
2023-08-07,0.008661737179979995
2023-08-08,-0.0025918259323863685
2023-08-09,0.0012887547959340117
2023-08-10,7.117718151382291e-06
2023-08-11,0.00594275169610847
2023-08-14,0.0027864070273246324
2023-08-15,-0.008599137456546318
2023-08-16,-0.002748565683863977
2023-08-17,-0.007571737870716152
2023-08-18,0.0036257925152273426
2023-08-21,0.005268724605361693
2023-08-22,-0.0006089583142258254
2023-08-23,0.005261400363400091
2023-08-24,-0.006110769112974925
2023-08-25,0.007105803151525872
2023-08-28,0.0061884390207888424
2023-08-29,0.0038976343936390225
2023-08-30,0.002378900239108786
2023-08-31,0.0025049135101670853
2023-09-01,0.0018302511117480058
2023-09-04,-0.0
2023-09-05,-0.0008305269481992896
2023-09-06,-0.0027874805504742614
2023-09-07,0.000456728250544084
2023-09-08,0.002711760302326634
2023-09-11,0.002934340841042508
2023-09-12,-0.000431033202047384
2023-09-13,0.0025475864046828056
2023-09-14,0.003925620322493432
2023-09-15,-0.004910264853675221
2023-09-18,0.0008188045414320236
2023-09-19,0.0008594508767411241
2023-09-20,-0.004694798124489843
2023-09-21,-0.010892102591318856
2023-09-22,-0.00010027020571971949
2023-09-25,-0.00015027480567538366
2023-09-26,-0.016153948696811422
2023-09-27,0.00811576662390391
2023-09-28,0.00901690565134696
2023-09-29,-0.003603479977933773
2023-10-02,-0.0004867730898464259
2023-10-03,-0.01703250944061193
2023-10-04,0.010423331383987895
2023-10-05,0.0023989924041613454
2023-10-06,0.0025522622063567342
2023-10-09,0.0026825598187394163
2023-10-10,0.006212731825565499
2023-10-11,0.003243712161523758
2023-10-12,-0.003977962601844653
2023-10-13,-0.021553749976973874
2023-10-16,0.019649757636771317
2023-10-17,-0.004705461028712798
2023-10-18,-0.011069004343137318
2023-10-19,-0.009473590145116307
2023-10-20,-0.001688236357293672
2023-10-23,0.007173257970846642
2023-10-24,0.008863079627251103
2023-10-25,-0.011695656605714037
2023-10-26,-0.0021140899098666525
2023-10-27,-0.006659282183666632
2023-10-30,0.015702263566143702
2023-10-31,0.013046871890367049
2023-11-01,0.0077168959491242
2023-11-02,0.005908933770881355
2023-11-03,0.001773224026186155
2023-11-06,0.0025544972400480806
2023-11-07,0.0004082332448562569
2023-11-08,0.001314137018489353
2023-11-09,-0.005947713973560924
2023-11-10,0.006636707153638021
2023-11-13,0.0012902197885612853
2023-11-14,0.0012214959851930625
2023-11-15,0.0016948296218200504
2023-11-16,0.000807608449444557
2023-11-17,0.0022614888556816
2023-11-20,0.0011565704312833185
2023-11-21,0.0029970440715543
2023-11-22,-0.0013035548189967547
2023-11-23,-9.562500000000001e-05
2023-11-24,0.005938700506578532
2023-11-27,-0.0009143658722628274
2023-11-28,0.0015345626452192515
2023-11-29,-0.002044675137303027
2023-11-30,0.002151444747221963
2023-12-01,0.0004921232613032994
2023-12-04,-0.0005971008756566331
2023-12-05,0.001104720039679211
2023-12-06,-0.0009490331967008542
2023-12-07,5.4737205123188306e-05
2023-12-08,0.003686879841148096
2023-12-11,0.002495201084522104
2023-12-12,0.003474376670874791
2023-12-13,0.0015020201962605106
2023-12-14,0.00020632858693136536
2023-12-15,-0.003294212231205399
2023-12-18,-6.655392391001235e-05
2023-12-19,-0.0017537352274944473
2023-12-20,-0.00672070792509601
2023-12-21,0.0027917729654617753
2023-12-22,0.002996900741608833
2023-12-26,0.0032059410760475852
2023-12-27,0.004515819684819341
2023-12-28,0.00015515931609044495
2023-12-29,-0.00034141243836459915
2024-01-02,-4.1654604956025925e-05
2024-01-03,-0.004824350773763408
2024-01-04,0.0002603486394181327
2024-01-05,0.004372851072626482
2024-01-08,0.003170598004117292
2024-01-09,0.0033309814995056367
2024-01-10,0.0009464477828116674
2024-01-11,0.0010110236690589619
2024-01-12,-0.001703547901314964
2024-01-15,-0.0
2024-01-16,-0.00493807514384802
2024-01-17,-0.004944239973251158
2024-01-18,0.00450758466786359
2024-01-19,0.003416687308176712
2024-01-22,0.004527152671589684
2024-01-23,0.0032770174060565184
2024-01-24,-0.0028856767333170887
2024-01-25,-0.001596433450114932
2024-01-26,0.0009806229776009362
2024-01-29,-0.0009481504059614061
2024-01-30,0.001996767528322253
2024-01-31,-0.0064230887488942075
2024-02-01,0.001247080653189884
2024-02-02,0.0005875443177079267
2024-02-05,0.004706539261749207
2024-02-06,0.0029850335284217927
2024-02-07,0.00023765123034084242
2024-02-08,0.00042375750364782844
2024-02-09,-0.000611015569302148
2024-02-12,-0.0013879297573052892
2024-02-13,-0.010797571234095329
2024-02-14,0.008563312336537584
2024-02-15,0.0011317479904060287
2024-02-16,0.000631838569854881
2024-02-19,-0.0
2024-02-20,-0.00522709238362489
2024-02-21,0.0016800237434733706
2024-02-22,0.002560605784773339
2024-02-23,0.0027860739128290563
2024-02-26,0.0008077519517562137
2024-02-27,0.00106343850551191
2024-02-28,-0.0020520274617687076
2024-02-29,0.001880935989623347
2024-03-01,-0.00039154252150743623
2024-03-04,0.0002908202532446116
2024-03-05,-0.00565732300549891
2024-03-06,-0.00037149867623813943
2024-03-07,0.0005953498554920413
2024-03-08,-0.0034648156237887602
2024-03-11,0.0013296681042281656
2024-03-12,0.00717500035988103
2024-03-13,0.0008010934015493858
2024-03-14,-0.00365960535914144
2024-03-15,-0.0024601074342133857
2024-03-18,0.003034750088024399
2024-03-19,0.0036993615590997
2024-03-20,0.002993414231512432
2024-03-21,0.0009633183505835741
2024-03-22,-0.00022793099794797298
2024-03-25,0.0007183104630952074
2024-03-26,0.0005437910309915169
2024-03-27,0.0023055712180405545
2024-03-28,-0.002449346067199996
2024-04-01,-0.0008290408484532172
2024-04-02,-0.0038413463917288176
2024-04-03,0.0007668358001785597
2024-04-04,-0.006413482837378211
2024-04-05,-0.002814541726199228
2024-04-08,0.006449777858665223
2024-04-09,0.0013776573186635235
2024-04-10,-0.0025296779289896046
2024-04-11,0.0026613374343130275
2024-04-12,-0.013993269697633471
2024-04-15,-0.009797940789804864
2024-04-16,0.0053027549191978504
2024-04-17,0.0025101464822124358
2024-04-18,-0.0017794969923434867
2024-04-19,-0.0045834508327481545
2024-04-22,0.013895462829876451
2024-04-23,0.006760175716603256
2024-04-24,0.0017298105597202385
2024-04-25,-0.0034589961869856264
2024-04-26,0.00543715020835533
2024-04-29,0.0023672857232461663
2024-04-30,-0.004311650395246783
2024-05-01,-0.0007528021742224445
2024-05-02,0.00501913410227184
2024-05-03,0.005156757384093976
2024-05-06,0.0017393723350362378
2024-05-07,0.0004162115901963493
2024-05-08,0.000617041678011021
2024-05-09,0.00029313746812684654
2024-05-10,0.0009731402434816918
2024-05-13,-0.0009407484237301627
2024-05-14,0.0026297252818579375
2024-05-15,0.004913918717950597
2024-05-16,0.00035684818130601485
2024-05-17,0.0012557250672303921
2024-05-20,0.00018931278019910472
2024-05-21,0.0020998298004274384
2024-05-22,-0.002373420165647002
2024-05-23,-0.001759709767770072
2024-05-24,0.003906643099899218
2024-05-27,-0.0
2024-05-28,-0.0026749374573840877
2024-05-29,-0.0051482886042050905
2024-05-30,0.00043037347506697464
2024-05-31,0.004054397781143621
2024-06-03,0.0010053549169238812
2024-06-04,-0.000618693272372343
2024-06-05,0.002544621534750595
2024-06-06,0.0007726434767679946
2024-06-07,0.0013988588258747982
2024-06-10,-0.0001324328556174675
2024-06-11,0.000112494214292803
2024-06-12,0.0027314730840047063
2024-06-13,0.00028094024291111817
2024-06-14,-0.003987053522065703
2024-06-17,0.0008623009522971386
2024-06-18,0.0003725729795108148
2024-06-19,-0.0
2024-06-20,-0.004000183496648771
2024-06-21,0.0027182351728307036
2024-06-24,0.00043603057245647286
2024-06-25,0.0026310509265823163
2024-06-26,0.0012630539020667562
2024-06-27,0.0010578712713411153
2024-06-28,-0.0017910741400759603
2024-07-01,0.004692938787725548
2024-07-02,0.0014618837239596945
2024-07-03,-0.00047485751208178385
2024-07-04,-0.0
2024-07-05,-0.00023787712575322267
2024-07-08,0.0016369558426432948
2024-07-09,2.9650812375895353e-05
2024-07-10,0.0005117349803155749
2024-07-11,-0.0006038037109952457
2024-07-12,0.0015441105310001547
2024-07-15,-0.0016957444016965145
2024-07-16,-0.0010003489468847783
2024-07-17,-0.004491844124414108
2024-07-18,-0.004505288867678394
2024-07-19,-0.005740699200922397
2024-07-22,0.008036651938024508
2024-07-23,0.0010205500540978424
2024-07-24,-0.019176582610916853
2024-07-25,-0.0007838775535746942
2024-07-26,0.009911624653827934
2024-07-29,0.0011885560336274707
2024-07-30,-0.0025777630921805664
2024-07-31,0.004467201982744873
2024-08-01,-0.0071810471074890405
2024-08-02,-0.021906144777873823
2024-08-05,0.0
2024-08-06,-0.0
2024-08-07,-0.0
2024-08-08,-0.00017842500000000001
2024-08-09,0.016105112505751185
2024-08-12,0.00013811591240877488
2024-08-13,0.008315396059430559
2024-08-14,0.006222424392377133
2024-08-15,0.00311116032162478
2024-08-16,0.0003011088686440926
2024-08-19,0.0016628173436032347
2024-08-20,-0.0067113459952394
2024-08-21,-0.001818180911204886
2024-08-22,-0.00752937781654258
2024-08-23,0.010384168879734226
2024-08-26,-6.148030926471249e-05
2024-08-27,0.0033722468687863234
2024-08-28,-0.008779606688590732
2024-08-29,0.005721912575126607
2024-08-30,0.004664186448115122
2024-09-02,-0.0
2024-09-03,-0.031042937858265902
2024-09-04,-0.004247237667513917
2024-09-05,0.008794774319061515
2024-09-06,-0.015153269322054776
2024-09-09,0.015039681790721394
2024-09-10,0.00420731142463349
2024-09-11,0.008546892193944007
2024-09-12,0.0013604280287930635
2024-09-13,0.0003055615767391275
2024-09-16,-0.0009676831878411457
2024-09-17,-0.002025387819694365
2024-09-18,0.0021833292176308785
2024-09-19,0.006640799951031809
2024-09-20,0.000634984219011728
2024-09-23,-0.000435251308560605
2024-09-24,-0.0002980928586890493
2024-09-25,-0.0023823336698187546
2024-09-26,0.0002600498725897543
2024-09-27,-0.008095895359604742
2024-09-30,0.0038986169860273133
2024-10-01,-0.013565206195420612
2024-10-02,0.0026916740231965456
2024-10-03,-0.008452012240764587
2024-10-04,0.007729468110756377
2024-10-07,-0.017873553898001895
2024-10-08,-0.00032130000000000006
2024-10-09,0.005775630643328358
2024-10-10,-0.0029315966381418036
2024-10-11,0.0023858833531084887
2024-10-14,0.0077085267040736495
2024-10-15,-0.007052786487471692
2024-10-16,0.002555725117715226
2024-10-17,0.0030956924356446303
2024-10-18,0.004919890076072386
2024-10-21,-0.0005462972610619346
2024-10-22,0.0008039293247593866
2024-10-23,-0.010208172298422904
2024-10-24,0.0037740623670273112
2024-10-25,-0.009884490868698373
2024-10-28,0.011046478216710884
2024-10-29,0.000467488849377034
2024-10-30,-0.005262095197643375
2024-10-31,-0.016138018152081483
2024-11-01,-0.0003282
2024-11-04,0.009232893380002261
2024-11-05,-0.0
2024-11-06,-0.00012202499999999998
2024-11-07,0.0025551066982263094
2024-11-08,0.0004812720363934039
2024-11-11,0.00014929515401726633
2024-11-12,0.0002666542523411117
2024-11-13,0.0018944639984818422
2024-11-14,-2.13754924856857e-05
2024-11-15,-0.005234975817387837
2024-11-18,0.0027280673672109984
2024-11-19,-0.002963948018633926
2024-11-20,-0.0053208718218409855
2024-11-21,0.0018081514841004136
2024-11-22,0.006913129485074613
2024-11-25,0.005894405055270077
2024-11-26,0.001749842942466744
2024-11-27,0.0008276353315123139
2024-11-28,-0.0
2024-11-29,0.0028058170733137318
2024-12-02,0.0009349842863085859
2024-12-03,0.0014074666652773799
2024-12-04,-0.0013048086486104416
2024-12-05,-0.00027861011749536467
2024-12-06,0.0026346721817437856
2024-12-09,-0.0036206552179306227
2024-12-10,0.000466148309564826
2024-12-11,0.0015590113679912882
2024-12-12,-0.0010765604469232105
2024-12-13,-5.3485553135031275e-05
2024-12-16,-0.002808840123204546
2024-12-17,-0.0037637983818686197
2024-12-18,-0.024470571267823784
2024-12-19,-0.00036135000000000003
2024-12-20,0.03784853421044611
2024-12-23,0.012871689727680644
2024-12-24,0.004883728795454662
2024-12-26,-0.0002900018336536989
2024-12-27,-0.004070413178146702
2024-12-30,-0.0019012869616440303
2024-12-31,-0.0005607611482068416
2025-01-02,-0.0019216537829934205
2025-01-03,0.005110030003160935
2025-01-06,0.0008626656075552793
2025-01-07,-0.010472265066847921
2025-01-08,0.0012928147073382188
2025-01-09,-0.0019565137282659697
2025-01-10,-0.009526044852682332
2025-01-13,0.003815728064606958
2025-01-14,0.003487490213849337
2025-01-15,0.01575072976434618
2025-01-16,-0.0004480448304604907
2025-01-17,-0.0010533085698875328
2025-01-20,-0.0
2025-01-21,0.006831518208735077
2025-01-22,-0.0019330098843095272
2025-01-23,0.0024809880562655265
2025-01-24,0.000813659838840801
2025-01-27,-0.010768727850749052
2025-01-28,0.006039353429475958
2025-01-29,0.0006667382501863317
2025-01-30,0.0008599497208481554
2025-01-31,-0.005387898310631074
2025-02-03,-0.003772890299804811
2025-02-04,0.005920165023322378
2025-02-05,0.003709194018885101
2025-02-06,0.0012672606358241562
2025-02-07,-0.006402125276271895
2025-02-10,0.00524708024703541
2025-02-11,-0.00048269087762496123
2025-02-12,0.0004808585632204754
2025-02-13,0.00347799554526214
2025-02-14,0.0007025001451396261
2025-02-17,-0.0
2025-02-18,0.0008728015260240608
2025-02-19,0.0016694750124468176
2025-02-20,-0.0010790628218974594
2025-02-21,-0.010687495815039978
2025-02-24,-0.0012228307718087775
2025-02-25,-0.00048151393169703586
2025-02-26,0.0031334522427583543
2025-02-27,-0.010681608112631543
2025-02-28,0.004463262329186181
2025-03-03,-0.016900723897769615
2025-03-04,0.0
2025-03-05,-0.0
2025-03-06,0.0
2025-03-07,-0.0
2025-03-10,0.0
2025-03-11,-0.0
2025-03-12,-0.0
2025-03-13,0.0
2025-03-14,-0.000163275
2025-03-17,0.003958700903932756
2025-03-18,-0.003013481702397594
2025-03-19,0.0038392562705966498
2025-03-20,0.0018210451007355632
2025-03-21,-8.4039766949424e-05
2025-03-24,0.006804615781907809
2025-03-25,-0.000758778822147114
2025-03-26,-0.0031314292410078892
2025-03-27,-0.0006344849469174312
2025-03-28,-0.017675705375809394
2025-03-31,0.0007817647868971287
2025-04-01,-0.00032655
2025-04-02,0.006126949399609704
2025-04-03,0.0
2025-04-04,0.0
2025-04-07,0.0
2025-04-08,0.0
2025-04-09,-0.0005043000000000001
2025-04-10,0.06819466166952295
2025-04-11,-0.013507282670222054
2025-04-14,-0.043287854141519214
2025-04-15,-0.002424417408093066
2025-04-16,0.025737270104397567
2025-04-17,-0.01057581279680288
2025-04-21,0.01883445775711639
2025-04-22,-0.022180170892700492
2025-04-23,-0.013101569534571889
2025-04-24,-0.009671596399586223
2025-04-25,-0.012087759206514621
2025-04-28,-0.0008113352135752772
2025-04-29,0.0014319993429211934
2025-04-30,-0.0030178100485528368
2025-05-01,0.0018919769311172634
2025-05-02,0.010425434144950688
2025-05-05,-0.005893818808413418
2025-05-06,-0.008565307902698285
2025-05-07,0.007051379465311014
2025-05-08,0.008939953082976869
2025-05-09,0.0020076224051242203
2025-05-12,0.030311056201553523
2025-05-13,0.0005645812006029227
2025-05-14,-0.002162719762038635
2025-05-15,0.003067055287136337
2025-05-16,0.0004319108002430275
2025-05-19,-0.0012632940279729279
2025-05-20,0.0014736710060847802
2025-05-21,-0.011891936413205288
2025-05-22,0.001407058164625063
2025-05-23,-0.011234440411155453
2025-05-26,-0.0
2025-05-27,0.01904557029137351
2025-05-28,-0.0022239349456639754
2025-05-29,-0.0004724356074376925
2025-05-30,-0.0011197677712466766
