,ret,weight,turnover,target,evrp,idx_ret
2008-01-02,-0.0054384515519886505,-0.23169853279727348,0.0,-0.23170000000000002,9.86684999181177,0.024170895786616225
2008-01-03,0.0022182313735539224,-0.2289723876896688,0.0,-0.2249,9.495537297086036,-0.009573782564668986
2008-01-04,-0.009864038213611297,0.0,0.24106470895291704,0.0,6.1003183920557085,0.04255319148936169
2008-01-07,-0.0,0.0,0.0,0.0,6.59992362771202,-0.020824083118728375
2008-01-08,-0.00012715,-0.25429999999999997,0.25429999999999997,-0.25429999999999997,10.345197808584974,0.04964346349745328
2008-01-09,0.0029263899663821862,-0.2506401392449587,0.0,-0.2412,8.189879061833468,-0.011507628652702268
2008-01-10,0.008120350036679304,-0.24056630659172348,0.0,-0.2345,6.74921625178818,-0.03239844208968869
2008-01-11,-0.010992257287597038,-0.25435449391873177,0.0,-0.2368,7.355666973920144,0.04569325373670271
2008-01-14,0.011189572174833405,-0.2404741192305882,0.0,-0.22899999999999998,5.282751822486929,-0.043992036478068125
2008-01-15,-0.0019310020280828555,-0.24287411166085698,0.0,-0.2334,3.5633953980382955,0.00802997858672366
2008-01-16,0.00208290519713673,0.0,0.24014210804876068,0.0,4.60965835370579,-0.009070444915254237
2008-01-17,0.0,0.0,0.0,0.0,6.513884215704735,0.07923169267707085
2008-01-18,0.0,0.0,0.0,0.0,7.132904362957397,0.00971348589352264
2008-01-22,0.0,0.0,0.0,0.0,11.177249031267227,0.015278660024740123
2008-01-23,-0.0,0.0,0.0,0.0,4.367039243023264,-0.04704542829326253
2008-01-24,0.0,0.0,0.0,0.0,3.438397355585966,0.0012144344205413204
2008-01-25,0.0,0.0,0.0,0.0,4.956463676252362,0.013437266714119564
2008-01-28,-0.0,0.0,0.0,0.0,1.2366241556957007,-0.020624571036376108
2008-01-29,0.0,0.0,0.0,0.0,1.1098207412038477,0.0008947525395182206
2008-01-30,0.0,0.0,0.0,0.0,3.3059323275350394,0.001650570676031603
2008-01-31,-0.0,0.0,0.0,0.0,0.16944252673835436,-0.01535464851016039
2008-02-01,-0.0001201,-0.2402,0.2402,-0.2402,1.591086992712917,-0.02635614679553479
2008-02-04,-0.008646937363749625,0.0,0.2508592064349687,0.0,3.1002075794689326,0.03547671840354763
2008-02-05,0.0,0.0,0.0,0.0,1.243728998604439,0.056867674657413075
2008-02-06,0.0,0.0,0.0,0.0,4.368408082363011,0.026891545257934187
2008-02-07,-0.0,0.0,0.0,0.0,3.2278537672922916,-0.015459537194404536
2008-02-08,0.0,0.0,0.0,0.0,4.530141879824495,0.01841917321330695
2008-02-11,-0.0,0.0,0.0,0.0,5.710062427715567,-0.022239639463113567
2008-02-12,-0.0,0.0,0.0,0.0,4.007154672643811,-0.013965779658465608
2008-02-13,-0.0001244,-0.2488,0.2488,-0.2488,2.3064521355104652,-0.03499660556687033
2008-02-14,-0.0035714747840665173,0.0,0.25311688282891054,0.0,4.674382688529867,0.01384612677914816
2008-02-15,-0.0001251,-0.2502,0.2502,-0.2502,6.541656780834142,-0.009407109136351016
2008-02-19,0.0030690657362840153,0.0,0.24622183973481246,0.0,7.706282734087029,-0.012758499824745891
2008-02-20,-0.000122,-0.244,0.244,-0.244,13.271861038138567,-0.006247559547051938
2008-02-21,0.00013384283294652657,0.0,0.2436820106099629,0.0,13.92925559861602,-0.0010478845829979837
2008-02-22,-0.0001203,-0.24059999999999998,0.24059999999999998,-0.24059999999999998,12.927455261340718,-0.02189630628605682
2008-02-25,0.006483274920999703,-0.2326086591924505,0.0,-0.2303,11.49052397961249,-0.0269462798046538
2008-02-26,0.003871852940025843,-0.2278545868006223,0.0,-0.21899999999999997,10.187479457009092,-0.016645351696999537
2008-02-27,-0.0018537723749220917,-0.23013497703848165,0.0,-0.22690000000000002,11.282468637011554,0.008135769399911983
2008-02-28,-0.006563564407514631,-0.2382623920017885,0.0,-0.2353,11.56550195587906,0.02852049910873441
2008-02-29,-0.013924295171489019,0.0,0.255585074793504,0.0,10.465828771602041,0.05790465930514416
2008-03-03,-0.0,0.0,0.0,0.0,10.196717675656576,-0.00018175869715368067
2008-03-04,-0.00012759999999999998,-0.2552,0.2552,-0.2552,9.552695457331621,-0.017121980478761154
2008-03-05,0.006554358196812252,-0.24702654136694913,0.0,-0.24600000000000002,8.265032860037806,-0.025683221774342683
2008-03-06,-0.01746683108529525,0.0,0.26902163069972507,0.0,8.768802049443867,0.07016379767953292
2008-03-07,-0.0,0.0,0.0,0.0,9.078099941825354,-0.00015937101572457526
2008-03-10,0.0,0.0,0.0,0.0,13.218771640934968,0.028711100090331045
2008-03-11,-0.0001318,0.2636,0.2636,0.2636,-0.008641379022435558,-0.05617842073538281
2008-03-12,0.007362988790817182,-0.2722,0.5413788534672128,-0.2722,0.7943374914610608,0.02895932555975261
2008-03-13,-0.0010776159070856033,0.0,0.2733981617568583,0.0,0.7913343354481093,0.003456711338013131
2008-03-14,0.0,0.0,0.0,0.0,5.795505411138642,0.06112935692340292
2008-03-17,0.0,0.0,0.0,0.0,6.63931959878855,0.008293779665251045
2008-03-18,-6.447500000000001e-05,-0.12895,0.12895,-0.12895,-8.484108937647527,-0.08899569108385813
2008-03-19,-0.0058255214124134855,0.2984,0.4337176134441068,0.2984,-6.495039032821143,0.043494863169379075
2008-03-20,-0.004677657672420163,-0.1331,0.42835438168818896,-0.1331,-9.5250586874315,-0.01495804450930318
2008-03-24,0.0031372383221371586,-0.1295563126489458,0.0,-0.12865000000000001,-10.84166547949015,-0.023570535853772792
2008-03-25,4.929350862747496e-05,-0.12950063559962013,0.0,-0.1286,-9.601315905650665,-0.00038047940404914004
2008-03-26,-0.0029679230543653997,-0.1328628854748559,0.0,-0.1304,-5.90864690121089,0.022918212259138173
2008-03-27,0.0010664910831396732,-0.13165598445824953,0.0,-0.1294,-5.68874372438686,-0.008027005279375068
2008-03-28,-2.3451368802682566e-05,-0.13168252396248653,0.0,-0.12855,-6.359756410878738,0.00017812611328822211
2008-03-31,0.0024520769194740118,-0.128914339167351,0.0,-0.12805,-5.1878677160248685,-0.01862112637036449
2008-04-01,0.008903096213907379,-0.11895220007135242,0.0,-0.1134,-11.17383274264143,-0.06906210954818429
2008-04-02,-0.002179590874254687,-0.12139638539939111,0.0,-0.11715,-4.432583709843001,0.01832324978392395
2008-04-03,0.0011607643016330377,-0.12009621769549599,0.0,-0.11605,-0.05136456692941849,-0.009561769881484954
2008-04-04,0.0006379591117121467,-0.2245,0.10517672816446796,-0.2245,0.16857741359461897,-0.005749951905606754
2008-04-07,0.0073158882715122255,-0.21560675678526367,0.0,-0.2242,2.070909106575918,-0.032587475596936415
2008-04-08,0.0010537405349420354,-0.2143271710224758,0.0,-0.2236,1.9657770836337463,-0.0048873261239745
2008-04-09,-0.00538395860072423,-0.22090044849276652,0.0,-0.2281,3.2218693704502392,0.025120280247433638
2008-04-10,0.004061528779555825,-0.21596178470932953,0.0,-0.2198,2.5965720179830676,-0.018386240531733558
2008-04-11,-0.006620588075125509,-0.22406582028225897,0.0,-0.2346,1.8606025849301346,0.030656294510792215
2008-04-14,0.0008603108434502746,-0.22301364837887094,0.0,-0.2382,2.123744425856067,-0.0038395451942046695
2008-04-15,0.0047053491594471015,-0.2172858932243808,0.0,-0.2278,12.25373709521704,-0.021098929117797
2008-04-16,0.012780970117405971,-0.2019241367492003,0.0,-0.2053,2.2737619397616413,-0.05882098431584637
2008-04-17,-0.0006156223681378082,-0.20266452393149836,0.0,-0.20370000000000002,2.1429955847852966,0.0030487804878048903
2008-04-18,0.007255226072339044,-0.19400177115102443,0.0,-0.20129999999999998,1.2031859755022367,-0.03579919135127639
2008-04-21,0.0025319135301582417,-0.19098629683184284,0.0,-0.205,1.573115314334462,-0.013050981520097694
2008-04-22,-0.001574377967805666,-0.1928643161297391,0.0,-0.2087,1.7559052929581433,0.008243408003202732
2008-04-23,0.0020448667078561697,-0.19043004536194674,0.0,-0.2026,1.6125222487921427,-0.010602618197554987
2008-04-24,0.004992612932566279,-0.18451621439114305,0.0,-0.2006,1.3555379318159062,-0.026217569412835644
2008-04-25,0.004629525494085838,-0.17905773654082816,0.0,-0.1959,4.844787192585837,-0.025090074112793306
2008-04-28,0.0013795791654103657,-0.17743337398941353,0.0,-0.19640000000000002,5.33517407180824,-0.007704661033151162
2008-04-29,-0.002287852248106681,-0.2024,0.022279831870361394,-0.2024,5.28048656346529,0.01283136470316649
2008-04-30,-0.004541111764371196,-0.2078851414257376,0.0,-0.2079,11.97799583191871,0.022436322946498003
2008-05-01,0.012550102982368604,-0.19291394852267407,0.0,-0.1888,5.639068903025157,-0.060370370370370366
2008-05-02,0.002397719040026941,-0.19006051776045552,0.0,-0.1818,5.60818808182394,-0.012428956321658233
2008-05-05,-0.0017791967218900248,-0.19218164343234778,0.0,-0.18899999999999997,5.854615072697015,0.009361211591207235
2008-05-06,0.007522694988916205,-0.18328018749539238,0.0,-0.1821,5.217104237103314,-0.039143670823922165
2008-05-07,-0.008583904758170856,-0.19352529495374307,0.0,-0.1973,3.100694465105043,0.0468348754738515
2008-05-08,-0.00011270035617999632,-0.19365982084070957,0.0,-0.19399999999999998,2.7574052514094305,0.0005823546539842983
2008-05-09,-0.0017716785342756724,-0.19577835568522856,0.0,-0.1941,3.454097444552799,0.009148405314971998
2008-05-12,0.006699639548163704,-0.18782038724274194,0.0,-0.1779,0.7805827492479978,-0.03422053231939158
2008-05-13,0.0008884947557507399,-0.18676595191815912,0.0,-0.17980000000000002,1.1561480004644693,-0.004730555446051954
2008-05-14,0.004103531821956321,-0.181915922320042,0.0,-0.1766,1.2881573716631216,-0.021971519861149476
2008-05-15,0.004804567942375091,-0.17626447970907724,0.0,-0.163,2.2075450846775038,-0.02641092588873274
2008-05-16,-0.00157017208936248,-0.1781143219354585,0.0,-0.16469999999999999,2.4107058681894884,0.008908045977011553
2008-05-19,0.0035620703373742337,-0.1739326911183519,0.0,-0.17010000000000003,3.2939084655702597,-0.019998786726791038
2008-05-20,-0.009214410239663377,-0.18485038867220216,0.0,-0.17579999999999998,3.6993263039163526,0.052976873872396205
2008-05-21,-0.011250830154751385,-0.19833262551072056,0.0,-0.1859,5.026120121283935,0.06086451987235279
2008-05-22,0.003762407530013684,-0.1938409094832424,0.0,-0.1805,4.563149661288747,-0.018970189701897094
2008-05-23,-0.004517280675499679,-0.1992582958078278,0.0,-0.1955,4.406262087658694,0.023304062530155427
2008-05-27,0.006202410860376542,-0.1918658540903061,0.0,-0.19640000000000002,5.2483110191418945,-0.031127491255663355
2008-05-28,0.0018079613666869836,-0.18971489552183057,0.0,-0.1907,4.3847651977074396,-0.009423049115534777
2008-05-29,0.011540472637143438,-0.17614166482155308,0.0,-0.1814,3.219483777807852,-0.06083060903257051
2008-05-30,0.004408849405427534,-0.17097899477666387,0.0,-0.1783,4.6030362128793545,-0.025030133613725542
2008-06-02,-0.010082826542664005,-0.1829060311045623,0.0,-0.19829999999999998,5.989120043357982,0.05897114178168138
2008-06-03,-0.0035118963937283325,-0.18707491521840314,0.0,-0.2024,6.663759031221163,0.01920054999017872
2008-06-04,-0.0008115951116831111,-0.188039121962276,0.0,-0.20800000000000002,7.413003306757533,0.0043383428009875265
2008-06-05,0.010072008291223363,-0.17619250133673767,0.0,-0.1863,3.4861097748130643,-0.05356336588959391
2008-06-06,-0.02013619165138341,-0.23559999999999998,0.03525835018864057,-0.23559999999999998,1.1395203769705233,0.1141851232240506
2008-06-09,0.0041358289726732105,-0.2305108177089316,0.0,-0.23120000000000002,1.512876618136577,-0.01755445234581159
2008-06-10,-0.00032476641135193964,-0.23091057611943303,0.0,-0.2318,1.977263352847256,0.0014088987865290797
2008-06-11,-0.007176886718978384,-0.23980854157554252,0.0,-0.2412,2.367022001099528,0.03108080556373611
2008-06-12,0.003622533244131598,-0.2353335048865016,0.0,-0.23329999999999998,1.7076166675487165,-0.015105939181029785
2008-06-13,0.009425712970261192,-0.1061,0.11762703342515488,-0.1061,-1.8042219607217191,-0.040302491103202824
2008-06-16,0.0015785334750265747,-0.10435673592397292,0.0,-0.10475,-1.7425237995873353,-0.01487778958554736
2008-06-17,0.00015593815314345118,-0.10418455142429428,0.0,-0.10565,-1.5193616742040597,-0.0014942797104832495
2008-06-18,-0.0030457642162055867,-0.10755791167906176,0.0,-0.1112,-0.739310582898149,0.02923431712828165
2008-06-19,0.001879470160164601,-0.2158,0.11038069938866685,-0.2158,2.119993948587446,-0.017987152034261315
2008-06-20,-0.005297102612924702,-0.22227451351927419,0.0,-0.22870000000000001,8.706042927300702,0.02454635131105052
2008-06-23,-5.973381771059578e-05,-0.2223475290037507,0.0,-0.22640000000000002,8.738968400401715,0.0002687389425122555
2008-06-24,-0.0012694762979637635,-0.22390124262230815,0.0,-0.2242,8.537647678051112,0.005709423907932654
2008-06-25,0.009519229235583938,-0.2123605050584881,0.0,-0.2114,8.465440226788498,-0.042515303283249845
2008-06-26,-0.018280306554571097,-0.2349355046587745,0.0,-0.23929999999999998,6.107310734225887,0.08608147993213877
2008-06-27,0.0013234810805221517,-0.23330325113934514,0.0,-0.23440000000000003,8.28216211254081,-0.005633380456667904
2008-06-30,0.002938195414724013,0.0,0.22954947329773093,0.0,8.369224752763843,-0.013085844866985713
2008-07-01,-0.00011825,-0.2365,0.2365,-0.2365,7.447166250953412,-0.0022730749896181495
2008-07-02,-0.012440966359777558,0.0,0.25191737204362535,0.0,8.703304476071786,0.0520719140539355
2008-07-03,-0.0,0.0,0.0,0.0,7.599373726386169,-0.008053915329563682
2008-07-07,0.0,0.0,0.0,0.0,9.378872468099491,0.009837585051926449
2008-07-08,-0.0,0.0,0.0,0.0,3.1447485496343823,-0.05876941732349318
2008-07-09,0.0,0.0,0.0,0.0,3.6935359091159583,0.05338165325270136
2008-07-10,0.0,0.0,0.0,0.0,4.1312364938417865,0.006511490243335187
2008-07-11,0.0,0.0,0.0,0.0,9.36913933356649,0.02526612529978543
2008-07-14,0.0,0.0,0.0,0.0,10.157851834685765,0.02653208363374192
2008-07-15,0.0,0.0,0.0,0.0,10.050073845880991,0.00949233156653702
2008-07-16,-0.0,0.0,0.0,0.0,1.4045672000982776,-0.05060269961290848
2008-07-17,-0.0,0.0,0.0,0.0,1.8092389067469412,-0.019012944983818725
2008-07-18,-0.0,0.0,0.0,0.0,0.5962289458401884,-0.008234459314510108
2008-07-21,-0.00011525000000000001,-0.2305,0.2305,-0.2305,0.27503406739130654,-0.026084061589679644
2008-07-22,0.008830322310673802,-0.1059,0.11376062885748356,-0.1059,-0.46663215480284137,-0.03855619360131256
2008-07-23,7.427553268063592e-05,-0.21309999999999998,0.10734147768013305,-0.21309999999999998,2.5436754346867687,-0.0012081800899027616
2008-07-24,-0.010266684444444446,-0.22568370785726719,0.0,-0.23440000000000003,1.3286031520211665,0.04817777777777779
2008-07-25,0.0009336999969000422,-0.22454035453203663,0.0,-0.2291,1.799850113946853,-0.00413720602946916
2008-07-28,-0.007252154784115849,0.0,0.2333408388036836,0.0,2.1743823896415435,0.03177818249902131
2008-07-29,-5.5075000000000004e-05,-0.11015000000000001,0.11015000000000001,-0.11015000000000001,-0.48041101230839445,-0.06052757477275353
2008-07-30,0.0049280483133488425,-0.2121,0.10745310214977388,-0.2121,0.183284914548544,-0.04522718896435523
2008-07-31,-0.010395038702387345,0.0,0.2246931425398278,0.0,0.6647008074832179,0.04848039665779081
2008-08-01,-0.00011285,-0.2257,0.2257,-0.2257,0.2464385118719754,0.006338422748284026
2008-08-04,0.0008968469968176806,0.0,0.22446441841685674,0.0,0.666616943736301,-0.004470887044865347
2008-08-05,-5.2850000000000004e-05,-0.1057,0.1057,-0.1057,-5.092801223781198,-0.048297786860905884
2008-08-06,0.0030420332893386242,-0.10234662487075309,0.0,-0.10115,-5.959571508354614,-0.02877987974776371
2008-08-07,-0.004281317264237278,-0.10708641304392055,0.0,-0.10575,-3.831786695579794,0.04183154324477114
2008-08-08,0.0030545852685344974,-0.10371502139889525,0.0,-0.1033,-5.743238017443435,-0.02852448953801157
2008-08-11,0.0015757249063330463,-0.10197860626276085,0.0,-0.10060000000000001,-4.473827773186198,-0.015192832099727365
2008-08-12,-0.004017681577639353,-0.10642386504240225,0.0,-0.10585000000000001,-2.9205297724946,0.03939729836361252
2008-08-13,-0.0019675419658104327,-0.10860509208458981,0.0,-0.10775,-1.236199324757873,0.018487789040799344
2008-08-14,0.0036642947514850164,-0.10455766722187615,0.0,-0.1017,-1.400547434039833,-0.03373962197491613
2008-08-15,0.001393847993784824,-0.10302022469458152,0.0,-0.09789999999999999,-1.7759011848328292,-0.013330901796297874
2008-08-18,-0.001484244366247146,-0.10465980979388774,0.0,-0.10490000000000001,-1.1949732847946173,0.01440731051254649
2008-08-19,-0.0033200943009125683,-0.21280000000000002,0.10451850910894851,-0.21280000000000002,2.8364026630404453,0.031223399438558314
2008-08-20,0.004354183294826022,-0.20754214018540626,0.0,-0.20420000000000002,1.959175329159045,-0.020461387663656117
2008-08-21,0.0024036060778710564,-0.2046466441897448,0.0,-0.19820000000000002,3.0559710063863257,-0.01158129175946539
2008-08-22,0.005388878202455495,-0.19818974558734345,0.0,-0.1881,3.1862813331103492,-0.02633259990063175
2008-08-25,-0.009077356284197606,-0.20916577412574042,0.0,-0.2097,3.436022581427995,0.045801341826725135
2008-08-26,0.0021613329257312163,-0.20655800059225593,0.0,-0.20489999999999997,3.30126699046151,-0.010333109873090073
2008-08-27,0.004911627205429415,-0.2006608023310341,0.0,-0.19760000000000003,1.9318578844148604,-0.023778440880268457
2008-08-28,0.005170635582809691,-0.194484557972465,0.0,-0.1943,0.930395132151272,-0.025768040009526084
2008-08-29,-0.00445196484741176,-0.19982614177866934,0.0,-0.2065,1.5168921386315688,0.022891096824469048
2008-09-02,-0.00282667696342741,-0.20322727660321116,0.0,-0.21989999999999998,3.902900290337282,0.014145681532290622
2008-09-03,0.0026375902378941384,-0.20006200477455013,0.0,-0.2143,4.322765614788565,-0.012978524743230566
2008-09-04,-0.015235923863797239,-0.2403,0.021684474376377105,-0.2403,1.1999454853776328,0.07610181475371196
2008-09-05,0.0050465523276163856,-0.23407219011652083,0.0,-0.2306,0.14151573089214153,-0.021001050052502645
2008-09-08,0.007883940834885998,-0.11320000000000001,0.11115143166095527,-0.11320000000000001,-1.7305233940376823,-0.03391909370679273
2008-09-09,-0.008380121142401461,0.2547,0.37709417500332787,0.2547,-1.2258510369360245,0.07236372840017488
2008-09-10,-0.005089195437070864,-0.1226,0.37362825491546925,-0.1226,-2.2517955938171,-0.01924766906012222
2008-09-11,-0.0011789694095914111,0.2439,0.36761827978637707,0.2439,-3.0978921869487515,0.008117131074210625
2008-09-12,0.002424924892471974,0.24572905040135026,0.0,0.2566,-0.9682175833069131,0.009942291482049915
2008-09-15,0.016297655232465225,0.317,0.05915363498355419,0.317,-3.07715390272293,0.06644404486685504
2008-09-16,-0.00501985497586296,0.3135541413407488,0.0,0.303,-6.4299557569628085,-0.015835504655719115
2008-09-17,0.018025705476060288,0.36219999999999997,0.03647920177587871,0.36219999999999997,-5.6182657967190295,0.05754650536520685
2008-09-18,-0.01769485155956408,0.35071092622021993,0.0,0.331,-10.944083376458096,-0.048853814355505475
2008-09-19,-0.007947697434117662,0.3207,0.024817417966210287,0.3207,-16.92406194226983,-0.022626294568740626
2008-09-22,0.022799611512188813,0.3358425322476721,0.0,0.3385,-15.0440147724631,0.07109326944867107
2008-09-23,0.02971256919923392,0.35500693337285716,0.0,0.35719999999999996,-12.25149875722704,0.08847172810536678
2008-09-24,-0.004184884053180229,0.3522963687753582,0.0,0.3519,-12.748935560077832,-0.011788175553137504
2008-09-25,-0.010797305186843869,0.3452265803350018,0.0,0.3282,-15.241541346298803,-0.03064835787089469
2008-09-26,0.009431812575477526,0.35134457671350705,0.0,0.34740000000000004,-13.186813171146284,0.02732064421669114
2008-09-29,0.04921196099298838,0.4672,0.08540589946112875,0.4672,-10.72427851044882,0.14018905429948367
2008-09-30,-0.027945147846173565,0.39390000000000003,0.05799913498043929,0.39390000000000003,-22.021654466256983,-0.05975202970608593
2008-10-01,0.013242158916915162,0.40182117900830505,0.0,0.3981,-17.161850048285707,0.03361807290407505
2008-10-02,0.026899830142706336,0.4526,0.03509946170484213,0.4526,-11.93862661256221,0.06698845476485553
2008-10-03,0.015637940179755408,0.46102840555255653,0.0,0.4514,-6.105121342394348,0.03455134816561071
2008-10-06,0.017016289765970874,0.5205,0.050440606269670785,0.5205,-2.802060817626952,0.036964121654675365
2008-10-07,0.05090131533242247,0.5437249977669655,0.0,0.5367999999999999,-3.2276816137724325,0.09779311303059073
2008-10-08,0.03209788405668105,0.0,0.5580344720404873,0.0,1.5632197213417456,0.05954646452833804
2008-10-09,0.0,0.0,0.0,0.0,6.378607811391589,0.10314765066653145
2008-10-10,0.0,0.0,0.0,0.0,14.493733519654228,0.046358911306097414
2008-10-13,-0.00027495000000000004,0.5499,0.5499,0.5499,-43.14221998272129,-0.07841078781845334
2008-10-14,0.012343083866339852,0.5553878846280271,0.0,0.5513,-39.098612549551085,0.022446051766393617
2008-10-15,0.07939678802267372,0.6925,0.1043880306251721,0.6925,-33.58921987423619,0.14305134166042807
2008-10-16,0.018195226063839675,0.6761,0.021898295938410195,0.6761,-39.81174281974188,0.026290505721023653
2008-10-17,0.050940405581072844,0.6917998410947829,0.0,0.7033,-37.19721350086843,0.07534448392408348
2008-10-20,-0.04334581759369218,0.5297,0.1481602964207357,0.5297,-58.46370938410426,-0.06254950474837301
2008-10-21,-0.012894596632099374,0.5235564526388109,0.0,0.5311,-57.02440768864183,-0.024343206781384512
2008-10-22,0.05634135455688211,0.6965,0.1475003172375109,0.6965,-43.14655439763138,0.10775362318840583
2008-10-23,0.02434230440305723,0.6779999999999999,0.025716043875336325,0.6779999999999999,-39.16002190076972,0.034967928822677526
2008-10-24,0.07772660280606804,0.7913,0.09006458937416562,0.7913,-30.513940732595046,0.11470742640229369
2008-10-27,0.046778487024421715,0.0,0.800702618922234,0.0,5.22304529298448,0.05962193647653587
2008-10-28,-0.0003348,0.6696,0.6696,0.6696,-33.926363783049766,-0.08871228896260179
2008-10-29,0.031794106456497176,0.6797810746034432,0.0,0.6995999999999999,-16.49691934498715,0.04748223783825743
2008-10-30,-0.009835537042513212,0.629,0.04760803902052724,0.629,-22.779391329824442,-0.014433666057453448
2008-10-31,-0.004137563842159751,0.5989,0.028563928768674307,0.5989,-25.611287268148487,-0.0065552971029815815
2008-11-03,-0.020773522517701242,0.5367999999999999,0.05360218830507013,0.5367999999999999,-26.15356047124201,-0.034641378232674415
2008-11-04,-0.04879599027579241,0.47729999999999995,0.03574736772830489,0.47729999999999995,-31.992967386859597,-0.09086832450061151
2008-11-05,0.031909748911342135,0.5456,0.05212375325639135,0.5456,-22.742885158955332,0.06690930397647252
2008-11-06,0.06569566370715854,0.6368,0.06317550965938434,0.6368,-19.593616661595668,0.12046783625730983
2008-11-07,-0.01826593322352377,0.561,0.06905538978809589,0.561,-23.3329896219254,-0.02862971973716979
2008-11-10,0.01166041966779187,0.5998,0.033732842059930546,0.5998,-16.71469139487774,0.020815126718042486
2008-11-11,0.017732955395147947,0.0,0.6068902842876882,0.0,10.286908501158187,0.03007069112586161
2008-11-12,0.0,0.0,0.0,0.0,11.44538640199842,0.07828341013824883
2008-11-13,-0.00029915,0.5982999999999999,0.5982999999999999,0.5982999999999999,-2.4221212895473343,-0.06971726524924711
2008-11-14,0.04613765315379364,0.0,0.6161291568276092,0.0,0.5050433038781676,0.07762947974629358
2008-11-17,0.0,0.0,0.0,0.0,3.753974821188635,0.056201462166665196
2008-11-18,0.0,0.0,0.0,0.0,4.830028803136614,0.014716126785092296
2008-11-19,0.0,0.0,0.0,0.0,7.772150631761207,0.09239755960365191
2008-11-20,0.0,0.0,0.0,0.0,10.65275351228702,0.052941176470588325
2008-11-21,-0.00036335,0.7267,0.7267,0.7267,-2.374563197947566,-0.05189670183958915
2008-11-24,-0.04672172205646539,0.647,0.06631509323657636,0.647,-21.61390581881612,-0.06424737100570675
2008-11-25,-0.01646305907187287,0.609,0.03209712056936509,0.609,-24.60891329659271,-0.025420418101372782
2008-11-26,-0.03824498513979882,0.5492,0.04426091565660084,0.5492,-29.651572944461208,-0.06276330818057557
2008-11-28,-0.00045639736876357067,0.5489941621222957,0.0,0.5584,-22.74552356311078,-0.0008310221572534061
2008-12-01,0.07069121354907662,0.6851,0.10630776125148678,0.6851,-18.849170097700025,0.12886178453377273
2008-12-02,-0.02277231842685251,0.6297999999999999,0.04796979993652151,0.6297999999999999,-26.66550729290355,-0.03320439866717888
2008-12-03,-0.0017143603237374174,0.6072,0.021968334182316696,0.6072,-29.249195463095162,-0.002704630290006763
2008-12-04,0.02786181960360831,0.6178474649914694,0.0,0.6364,-20.07081605973157,0.04588573716009274
2008-12-05,-0.015564588872764988,0.6118053752546914,0.0,0.5992999999999999,-11.327963229112164,-0.0251916366978699
2008-12-08,-0.026562923489940667,0.6012124110404202,0.0,0.5849,-10.563381356694556,-0.04341727706933379
2008-12-09,0.009512307291646952,0.6049700572453046,0.0,0.5891,-4.241599411457983,0.01582187446061793
2008-12-10,-0.01133474302991394,-0.27865,0.8792687551893945,-0.27865,-7.418255489951946,-0.018009335374265422
2008-12-11,-0.00303749590740136,-0.28254572739802664,0.0,-0.2789,-6.0747330717506,0.010900756890010264
2008-12-12,0.003987779208448018,-0.27745153273598205,0.0,-0.27140000000000003,-7.537263121517952,-0.014113748047693428
2008-12-15,-0.002670674009597683,0.0,0.28069210377137577,0.0,17.456400977113326,0.009119891797893976
2008-12-16,-0.00026185,-0.5236999999999999,0.5236999999999999,-0.5236999999999999,10.958696127020424,-0.04843438601870311
2008-12-17,0.0023044995556759447,-0.4984,0.02178019051931418,-0.4984,8.672677565443315,-0.00442121376921062
2008-12-18,0.016846245438832324,-0.47357578072518464,0.0,-0.47340000000000004,6.953657112832325,-0.033800652967159554
2008-12-19,0.02744085424941105,0.0,0.4339167791087267,0.0,7.0972609056760945,-0.05840208423795051
2008-12-22,-0.0,0.0,0.0,0.0,11.26665410299195,-0.03711324346672313
2008-12-23,0.0,0.0,0.0,0.0,12.263391940026885,0.014866510912757843
2008-12-24,-0.0,0.0,0.0,0.0,11.532763876174961,-0.009716185118895448
2008-12-26,-0.00021690000000000001,-0.4338,0.4338,-0.4338,12.747969667328864,-0.011328322792664868
2008-12-29,-0.011190063233965708,-0.4500258813026636,0.0,-0.439,13.979301551357757,0.02579544313961666
2008-12-30,0.01943735736617598,-0.4223786001417081,0.0,-0.4163,10.19727113742033,-0.04319164335595944
2008-12-31,0.020947245417379544,-0.39319500250986716,0.0,-0.4,19.067590972056763,-0.049593529147432515
2009-01-02,0.02923021405626655,-0.39189999999999997,0.038297021772292716,-0.39189999999999997,13.847422114353709,-0.07438894792773641
2009-01-05,-0.007996847712796745,-0.4031205412914043,0.0,-0.3908,16.57999148959949,0.020405327156919485
2009-01-06,0.005232717959848479,-0.3958166265609437,0.0,-0.3856,16.63856772234249,-0.012980529206190703
2009-01-07,-0.0342625496954122,-0.44533757712379435,0.0,-0.4339,16.289927010635473,0.08656167375560414
2009-01-08,0.000985781880773533,-0.4439141926752634,0.0,-0.42560000000000003,16.68712410628681,-0.0022135609735432376
2009-01-09,-0.01541266925441488,-0.4282,0.0382886218551306,-0.4282,13.601165663525776,0.034676802853987915
2009-01-12,-0.03442108241427935,-0.45840000000000003,0.020696806794966327,-0.45840000000000003,13.748436852323799,0.08036135920336727
2009-01-13,0.010064861987681539,-0.44386767116128656,0.0,-0.43270000000000003,11.206911262662665,-0.021956505208729358
2009-01-14,-0.03853736825468453,-0.5017408097705005,0.0,-0.4914,16.34745843317299,0.08682175062189053
2009-01-15,0.0024520289475376445,-0.4980675048831616,0.0,-0.51,19.80480320745711,-0.004887043070423589
2009-01-16,0.016818680777461067,-0.47328873200651367,0.0,-0.4611,20.796652424740213,-0.033767874058369764
2009-01-20,-0.061818230520867615,0.0,0.5698891712688245,0.0,23.576611776540247,0.13001215066828667
2009-01-21,-0.0002321,-0.4642,0.4642,-0.4642,3.4043839267502776,-0.06813130307855615
2009-01-22,0.005356503031488394,-0.4563987954371847,0.0,-0.4729,5.537998845400232,-0.01153921376882463
2009-01-23,0.0033322181709981662,-0.4727,0.021153427021594118,-0.4727,5.494550555969809,-0.0073242850724592684
2009-01-26,0.02371186016555452,-0.43858839318500736,0.0,-0.4569,3.902342497479836,-0.05016259819241489
2009-01-27,0.02179042022975787,-0.4079094545254487,0.0,-0.4225,1.0874371308411597,-0.04968307544920856
2009-01-28,0.02568269328859142,-0.19829999999999998,0.1742393716188298,-0.19829999999999998,-5.398905978652898,-0.06317532650568439
2009-01-29,-0.00389331482621312,-0.20298359386167275,0.0,-0.21315,-2.639883144475249,0.01963345852855835
2009-01-30,-0.007536650306186628,0.4484,0.6601159366463756,0.4484,-1.635212941445424,0.03550332418872491
2009-02-02,0.002770486385516188,0.4499239781295909,0.0,0.45520000000000005,-0.6649636318054917,0.006178604784826467
2009-02-03,-0.01902809736647257,0.0,0.4393796011788141,0.0,5.92114153485641,-0.041803523439832777
2009-02-04,0.0,0.0,0.0,0.0,13.69020329485316,0.00918692581713643
2009-02-05,-0.0,0.0,0.0,0.0,13.885490860834267,-0.013047530288909618
2009-02-06,-0.00021684999999999999,-0.4337,0.4337,-0.4337,10.738044549979989,-0.012128869235628517
2009-02-09,-0.002499949301961336,0.0,0.436978408900892,0.0,10.991196652859905,0.005260456761611461
2009-02-10,0.0,0.0,0.0,0.0,5.820242587141358,0.0637236084452975
2009-02-11,-0.00022265000000000002,-0.44530000000000003,0.44530000000000003,-0.44530000000000003,8.277189828000438,-0.017861453053342916
2009-02-12,0.0094394380083806,-0.43178475654920945,0.0,-0.4125,8.605312575423753,-0.021197929504560068
2009-02-13,-0.008468348778506697,0.0,0.44369015273850687,0.0,11.556745158363395,0.019098644815631907
2009-02-17,0.0,0.0,0.0,0.0,10.556767036078952,0.04670755126060822
2009-02-18,0.0,0.0,0.0,0.0,11.651131749033325,0.01760019027232736
2009-02-19,-0.0,0.0,0.0,0.0,10.181792049023002,-0.0066889632107024356
2009-02-20,0.0,0.0,0.0,0.0,14.30318477391701,0.047659191817006806
2009-02-23,0.0,0.0,0.0,0.0,22.09803469169993,0.05010213955488645
2009-02-24,-0.0,0.0,0.0,0.0,5.453030104165123,-0.08860499717818475
2009-02-25,-0.0,0.0,0.0,0.0,9.548874536973834,-0.0218566922036953
2009-02-26,0.0,0.0,0.0,0.0,10.158871957514783,0.01238479262672806
2009-02-27,0.0,0.0,0.0,0.0,11.868972435332594,0.008195788275469585
2009-03-02,0.0,0.0,0.0,0.0,14.441910132746003,0.06693780715133026
2009-03-03,0.0,0.0,0.0,0.0,15.791432078906098,0.010184595798854288
2009-03-04,-0.0,0.0,0.0,0.0,8.238409850016957,-0.07551836648773819
2009-03-05,0.0,0.0,0.0,0.0,7.770119256720356,0.04734740444951518
2009-03-06,-0.0,0.0,0.0,0.0,6.342415032833486,-0.01049065675882425
2009-03-09,0.0,0.0,0.0,0.0,8.898594605104542,0.01351052048726466
2009-03-10,-0.00022185,0.4437,0.4437,0.4437,-4.1042615900525306,-0.07688516510596348
2009-03-11,-0.0015821942232259597,0.4428184305395116,0.0,0.4361,-5.299287656194949,-0.0035659099013431593
2009-03-12,-0.008078912559502488,0.4118,0.026487846439923357,0.4118,-11.999958660693025,-0.018214392355927124
2009-03-13,0.006011678832116789,0.41531493880583586,0.0,0.4236,-9.351676349127445,0.014598540145985403
2009-03-16,0.014051447239741536,0.4234167676741818,0.0,0.4374,-0.7580899353174004,0.03383323335332933
2009-03-17,-0.018817431192760734,0.41235887116631775,0.0,0.408,-4.191895651446295,-0.04444186586214909
2009-03-18,-0.0030398810993527343,0.4105670651282652,0.0,0.4006,-4.8363969741072665,-0.007371930888147794
2009-03-19,0.027358467506806435,0.0,0.42638264708208495,0.0,6.402389615847916,0.06715506715506715
2009-03-20,-0.00022945000000000002,-0.45890000000000003,0.45890000000000003,-0.45890000000000003,4.8705677894717,0.07631467729276085
2009-03-23,0.03484548773989009,0.43229999999999996,0.8415027199384776,0.43229999999999996,-5.158659007574521,-0.07684950773558362
2009-03-24,0.005957185544781863,-0.21465,0.6504942703922842,-0.21465,-3.6920965461788455,0.014532576173902396
2009-03-25,0.005368292046753196,0.4225,0.6302856290509007,0.4225,-4.277961249697789,-0.026477683956574176
2009-03-26,-0.012473657685226262,-0.2018,0.6171881597792821,-0.2018,-4.037511896636552,-0.028793049953459462
2009-03-27,-0.00681660802251935,-0.21004842580699287,0.0,-0.2052,-5.66842718966803,0.033779028852920466
2009-03-30,-0.015432877517900293,0.45539999999999997,0.6839889174885881,0.45539999999999997,-5.73492090173481,0.07184478056037684
2009-03-31,-0.008310972545496684,-0.2207,0.6717218378765224,-0.2207,-5.235376879892783,-0.017512322412293422
2009-04-01,0.005295443531706166,-0.21426990230011939,0.0,-0.2114,-6.783210387943619,-0.0239938537911471
2009-04-02,0.0035826311888794327,-0.20993515089201215,0.0,-0.2102,-7.918865224687202,-0.016720179317865104
2009-04-03,0.004581250364675899,-0.20441741317866538,0.0,-0.1985,-7.755714251427911,-0.021822216742695143
2009-04-06,-0.0016343253859060873,-0.4093,0.20303361135076917,-0.4093,7.986280833611289,0.007498424700693154
2009-04-07,-0.001074882761208044,-0.41081646229454893,0.0,-0.4039,6.739823797871168,0.002626148940161358
2009-04-08,0.009137217434375086,-0.39804224630759427,0.0,-0.3885,5.182198061014084,-0.022241604884430957
2009-04-09,0.017104574959157504,-0.18265,0.19175191365297187,-0.18265,-1.3181932812347625,-0.043212626487621704
2009-04-13,0.0015864222514283266,-0.37810000000000005,0.1974395805098343,-0.37810000000000005,1.8025230523169142,-0.009226071950086196
2009-04-14,5.048064085448064e-05,-0.37803043614046666,0.0,-0.37670000000000003,6.27211044870992,-0.00013351134846464066
2009-04-15,0.007075637950807413,-0.36834849758105187,0.0,-0.3617,4.736039285588561,-0.018717111836408545
2009-04-16,0.013765601069394942,-0.3497681279948902,0.0,-0.3579,4.781761570759311,-0.03737113402061845
2009-04-17,0.007059780718175051,-0.34030586251028305,0.0,-0.3394,5.569128164478382,-0.020184173894421245
2009-04-20,-0.026514925141496202,-0.3768119277073628,0.0,-0.3918,2.8126838681975315,0.07791498196918367
2009-04-21,0.014859396159367317,-0.1857,0.1708387069952584,-0.1857,-0.3144727778369827,-0.03966120606583157
2009-04-22,-0.002676100652129158,-0.381,0.19223299997936036,-0.381,2.978183870184452,0.013893291072371985
2009-04-23,0.006454261141516852,-0.37214382542697444,0.0,-0.3715,2.0790133800461135,-0.016940317956737144
2009-04-24,-0.0005922085064082981,-0.3729569021833794,0.0,-0.3682,7.08033631515287,0.0015913430935709742
2009-04-27,-0.008968824280483864,-0.38538215125934316,0.0,-0.3832,8.10253600713164,0.024047883892155394
2009-04-28,0.004685921537017931,-0.3789206373469605,0.0,-0.3795,9.215965046134603,-0.012159155585450394
2009-04-29,0.0162953141931724,-0.35681097618921237,0.0,-0.3608,5.949197533872518,-0.04300455712115653
2009-04-30,-0.004100153488357559,-0.362397013054817,0.0,-0.365,7.120070707492083,0.0114911080711354
2009-05-01,0.0052342314446411605,-0.3553030432488261,0.0,-0.353,5.9820840036326075,-0.014443362544628422
2009-05-04,0.016280417116433625,-0.3335916154857397,0.0,-0.3453,12.525067275136784,-0.04582121494814248
2009-05-05,0.0006715193271985271,-0.332696683905204,0.0,-0.3336,11.511911158233467,-0.0020129982170587054
2009-05-06,0.011903931822144042,-0.31701897976165155,0.0,-0.3245,11.193604255330722,-0.035780133671352896
2009-05-07,-0.004447728969790365,-0.3229028932843318,0.0,-0.3344,9.377649954606717,0.01402985074626875
2009-05-08,0.013338697839566968,-0.3054893651103567,0.0,-0.32049999999999995,6.823981761050444,-0.04130869718724258
2009-05-11,-0.002033886466552439,-0.3287,0.020563483654581216,-0.3287,5.59132417936366,0.00662414131501478
2009-05-12,0.0024818120927966873,-0.32541057999464856,0.0,-0.318,4.539172261589737,-0.007550386652864884
2009-05-13,-0.011048444034873768,-0.34021790248478767,0.0,-0.33649999999999997,3.706529232812212,0.03395231966660538
2009-05-14,0.014511664087028862,-0.3210473077121945,0.0,-0.31370000000000003,1.2409653978191457,-0.04265402843601897
2009-05-15,-0.008295078169347114,-0.3320971577650204,0.0,-0.3312,2.5954631430463095,0.025837557176412472
2009-05-18,0.0246516658653073,-0.3000487894001311,0.0,-0.3024,1.3227398801452992,-0.0742302825811894
2009-05-19,0.005015468060005422,-0.14400000000000002,0.14946479431279736,-0.14400000000000002,-0.05416660363871273,-0.016964575885602948
2009-05-20,-0.0002515994924851745,-0.2903,0.1460957004432291,-0.2903,1.5535937868802279,0.0012399419601636106
2009-05-21,-0.016180655737704944,-0.3115212742310081,0.0,-0.3135,3.8140001524884894,0.05573770491803288
2009-05-22,-0.005137341611124443,-0.31829379982453404,0.0,-0.32630000000000003,8.866107427573464,0.01649114213405167
2009-05-26,0.014973120871572373,-0.29884602135325095,0.0,-0.3062,4.1505270205392435,-0.047041823874127024
2009-05-27,-0.008999568947212658,-0.31064122744469896,0.0,-0.3236,4.3813389596897565,0.030114401076716087
2009-05-28,0.0051933984363206126,-0.3038697125185394,0.0,-0.31670000000000004,6.26541043783412,-0.016718316750937875
2009-05-29,0.01072126035554892,-0.29003886992529226,0.0,-0.2892,2.520733327734842,-0.035282425045552394
2009-06-01,0.007082604569334958,-0.2809662922109152,0.0,-0.3004,2.670070476632734,-0.02441950132807814
2009-06-02,-0.0008619353341556694,-0.282071354812537,0.0,-0.2963,5.003342559642004,0.003067753527916557
2009-06-03,-0.014875624970500753,-0.3014309536033415,0.0,-0.3102,5.079841568242902,0.05273709902370983
2009-06-04,0.00353540888838476,-0.2968460724718576,0.0,-0.3018,4.645264726414876,-0.01172875196167501
2009-06-05,0.0013612251113850255,-0.2950831727357975,0.0,-0.2962,6.1287436574818805,-0.004585626146406488
2009-06-08,0.00226759538019492,-0.2921530923530731,0.0,-0.2977,6.066903539943116,-0.007684597393919205
2009-06-09,0.010126666147026366,-0.27919907043122955,0.0,-0.2827,7.306477789287165,-0.0346621905161561
2009-06-10,-0.0015727480351876177,-0.28121409738554737,0.0,-0.2846,10.742625268604257,0.00563307045671202
2009-06-11,0.006471353091132279,-0.2729762187970969,0.0,-0.2811,11.074683365940242,-0.023012193027648925
2009-06-12,0.004180157358198471,-0.26767712891882695,0.0,-0.2815,12.854788953782545,-0.015313265663283221
2009-06-15,-0.013271022104438583,-0.3081,0.023388459541869355,-0.3081,15.717684096829753,0.049534780682321713
2009-06-16,-0.010982244880761754,-0.322625395984213,0.0,-0.3268,16.631839385062953,0.03564506614982718
2009-06-17,-0.0019303494955237848,-0.32518346321390446,0.0,-0.3154,16.330039645487616,0.005983253394033005
2009-06-18,0.0024791232908487593,-0.3003,0.02159205863792557,-0.3003,15.234389878787491,-0.007656967840735069
2009-06-19,0.009448986551701925,-0.2881284912096955,0.0,-0.2799,12.92028975771771,-0.031465156682324094
2009-06-22,-0.01255395126418438,-0.30450518573529217,0.0,-0.31170000000000003,10.549430969473217,0.043570669500531296
2009-06-23,0.00616454348509188,-0.2965127763465268,0.0,-0.30579999999999996,10.422999313717874,-0.02024446142093208
2009-06-24,0.012406069904311508,-0.28062524997412136,0.0,-0.2905,7.7502095961576885,-0.041839916839916724
2009-06-25,0.01292590733471534,-0.2642832419439207,0.0,-0.2636,1.645187617223982,-0.046061098692677646
2009-06-26,0.004608937864611124,-0.2584829721217405,0.0,-0.2593,1.3726974733530817,-0.017439387494683118
2009-06-29,0.00930732291954994,-0.24687787707852774,0.0,-0.2535,2.951498121057206,-0.036007489557828086
2009-06-30,-0.004416419983515712,-0.25240904139648696,0.0,-0.2635,4.755286180178668,0.017889087656529558
2009-07-01,0.0023801729780809217,-0.2494351695680172,0.0,-0.2622,4.603114593003301,-0.009429824561403564
2009-07-02,-0.013810576315354811,-0.26693223387026543,0.0,-0.27949999999999997,2.330706007344382,0.05536739802680021
2009-07-06,0.002459015052092299,-0.29,0.02619203978105178,-0.29,3.5448371744201097,-0.009261193510201252
2009-07-07,-0.01122895622895623,-0.30464985612858186,0.0,-0.3085,8.220848081248402,0.03872053872053873
2009-07-08,-0.004354488234847594,-0.31035578497773186,0.0,-0.313,8.696391452994487,0.014293419633225493
2009-07-09,0.004614955910449552,-0.3043363303209033,0.0,-0.2978,7.767050157013173,-0.014869888475836455
2009-07-10,-0.0014112370156009611,-0.3061796594052811,0.0,-0.2902,11.440024458965112,0.004637096774193543
2009-07-13,0.014855876948090692,-0.2631,0.02394408234642864,-0.2631,3.492948387953433,-0.0485592315901814
2009-07-14,0.004847400376858126,-0.25700678483746564,0.0,-0.2502,2.639471777025424,-0.018424174750505992
2009-07-15,0.007689453941997267,-0.12945,0.11789188115201857,-0.12945,-1.1057673060917779,-0.030148619957537162
2009-07-16,0.0015899018895348868,-0.12765713578906146,0.0,-0.12710000000000002,-1.575540941027029,-0.01228197674418607
2009-07-17,-2.0489316154384715e-05,-0.2434,0.115785040623475,-0.2434,2.1588589545878847,-0.00029299736302369517
2009-07-20,0.005589895013123371,-0.2364881609950676,0.0,-0.244,2.229276461850734,-0.022965879265091912
2009-07-21,0.004597113680123713,-0.23082989604206733,0.0,-0.23870000000000002,6.62525796171877,-0.01943908591779186
2009-07-22,0.005390430313832225,-0.22423076541305875,0.0,-0.2347,6.292440933681071,-0.0233523924164912
2009-07-23,0.007831589233176678,-0.21471759616557817,0.0,-0.2343,5.392744745517703,-0.03492647058823527
2009-07-24,0.0018938482969839494,-0.21242145385995867,0.0,-0.2309,6.06657528242506,-0.00882018209408194
2009-07-27,-0.0028856432941621593,-0.24280000000000002,0.026886198281616674,-0.24280000000000002,8.62320849398534,0.01352123405065706
2009-07-28,-0.00855792819745699,-0.2535275991873763,0.0,-0.2501,7.966227355726982,0.035246821241585624
2009-07-29,-0.0029172539280819827,-0.25719515669661513,0.0,-0.2561,12.836586653857978,0.011506652283351246
2009-07-30,0.005803961500675815,-0.24994054986705322,0.0,-0.254,12.846075046758264,-0.022566371681415877
2009-07-31,-0.0023438969509624384,-0.25287716483363726,0.0,-0.25920000000000004,13.541467721023364,0.009377817853922419
2009-08-03,0.0065676538407384195,-0.24470239039875855,0.0,-0.2556,12.114777240400201,-0.025971715734234624
2009-08-04,0.0016900564949387104,-0.2426023222733745,0.0,-0.2489,11.36988462239426,-0.006906579425663365
2009-08-05,0.0012153317902391472,-0.2410939813032222,0.0,-0.249,11.015115537965862,-0.005009563712542126
2009-08-06,-0.002854482474446158,-0.24464680379152054,0.0,-0.25670000000000004,14.743053890580992,0.011839708561020009
2009-08-07,0.008091303271405496,-0.2346568210165661,0.0,-0.24760000000000001,12.551037744368172,-0.03307340682979297
2009-08-10,-8.662119638855766e-05,-0.23476377773225054,0.0,-0.24989999999999998,12.496872079587794,0.00036913990402368256
2009-08-11,-0.004613356146437241,-0.24048658413976465,0.0,-0.25989999999999996,11.723332492387403,0.01965105601469235
2009-08-12,0.0031915364466181067,-0.23654012127500984,0.0,-0.2545,10.780452164195982,-0.013271162123385924
2009-08-13,0.004598203080843324,-0.2308802837620658,0.0,-0.24710000000000001,10.363468171721129,-0.019439421338155533
2009-08-14,-0.0036432485144105766,-0.23538108406130306,0.0,-0.2427,8.95915325104391,0.015779816513761456
2009-08-17,-0.01455747701514889,-0.2789,0.025285297735119117,-0.2789,9.803681102559338,0.061792707023531464
2009-08-18,0.006674047859791022,-0.2704211484531331,0.0,-0.2618,7.517234151263736,-0.023929895517357556
2009-08-19,0.006824405893792335,-0.2618100445482715,0.0,-0.2626,6.924424851616784,-0.025236213708984667
2009-08-20,0.005079207213458536,-0.2554334379740964,0.0,-0.2509,5.273854340844366,-0.01940035273368609
2009-08-21,0.003948264262747574,-0.2504961487194041,0.0,-0.2501,3.8739164250717444,-0.015457115928369443
2009-08-24,-0.0003101676286648249,-0.2508841324845113,0.0,-0.2514,4.082697951770758,0.0012382131631582984
2009-08-25,-0.0028741696677358473,-0.2544897488691967,0.0,-0.2492,5.457073966531873,0.011456163605377826
2009-08-26,-0.004577921663878736,-0.2602591163801741,0.0,-0.2495,5.871583031372147,0.017988628949575917
2009-08-27,0.0036793289893220496,-0.2556392066470284,0.0,-0.2468,5.826214660938458,-0.014137176213060914
2009-08-28,-0.002542736629018154,-0.25884010549334335,0.0,-0.24760000000000001,6.604193470588299,0.009946583164487032
2009-08-31,-0.0037366603208136445,-0.2635616060094223,0.0,-0.2601,13.660334911450184,0.014436172144543269
2009-09-01,-0.01289389785235902,-0.28006665469932635,0.0,-0.2915,11.374519749066508,0.048921760826947096
2009-09-02,-0.0038401014017173728,-0.2850011895685972,0.0,-0.289,11.515270732134809,0.01371138383410915
2009-09-03,0.01325421505564441,-0.26819229614359846,0.0,-0.271,10.022078906992878,-0.04650582362728785
2009-09-04,0.009136297913295436,-0.2567106135870667,0.0,-0.2526,9.858747036732968,-0.0340662205613974
2009-09-08,0.008409961025140217,-0.24622986896074125,0.0,-0.2562,9.49517291066704,-0.0327604726100967
2009-09-09,0.007050684950445667,-0.2375046138040857,0.0,-0.2432,7.753822925503567,-0.02863456403646068
2009-09-10,0.011199878044142492,-0.22379822295633642,0.0,-0.23550000000000001,6.304659213260006,-0.04715646515137225
2009-09-11,-0.002841252904376268,-0.2272852507394982,0.0,-0.2415,6.886110203540966,0.012695600826690226
2009-09-14,0.0057540569807467785,-0.22026378339828284,0.0,-0.2386,6.5376418494977315,-0.025316455696202483
2009-09-15,-0.0004339745510753113,-0.22079357674270536,0.0,-0.23420000000000002,7.164404145021109,0.001970249236528344
2009-09-16,0.009237094125727974,-0.2369,0.027296156581747305,-0.2369,14.35723865909887,-0.041897696212417
2009-09-17,-0.0013693641618497305,-0.2385960890954145,0.0,-0.2365,15.01024991206389,0.005780346820809331
2009-09-18,-0.005908823119079275,-0.24595823592525687,0.0,-0.23920000000000002,14.731889077267496,0.02476496216464109
2009-09-21,0.0003843383402359181,-0.24547955038206523,0.0,-0.24059999999999998,14.973154722365223,-0.00156261626609126
2009-09-22,0.005200837931823396,-0.23903552741222292,0.0,-0.23079999999999998,14.224708426785678,-0.02118644067796602
2009-09-23,-0.002045359275903464,-0.24157499434363344,0.0,-0.2349,12.822487187603196,0.008556716643949707
2009-09-24,-0.004612626249167075,-0.2473284543133321,0.0,-0.2495,13.133581676445553,0.019093972295020516
2009-09-25,-0.0007977167563250818,-0.2483242634956498,0.0,-0.2561,13.408149338025616,0.0032253335288081383
2009-09-28,0.009015490502357186,-0.2371705640258786,0.0,-0.2488,9.853042985639782,-0.036305314573157374
2009-09-29,-1.7884817436522937e-05,-0.23719269099129076,0.0,-0.2519,10.088859366424554,7.540909433672998e-05
2009-09-30,-0.0026035736324132417,-0.2404222215804571,0.0,-0.2561,12.71456878166962,0.01097661829937601
2009-10-01,-0.010893957586289079,-0.2827,0.02863399096408442,-0.2827,10.714198997957094,0.04525222551928784
2009-10-02,-0.0005009213976894252,-0.2833428538960884,0.0,-0.2868,11.268879784037303,0.001771918633496375
2009-10-05,0.009549533053658892,-0.2712034544895154,0.0,-0.26839999999999997,6.986733204312458,-0.03370310181586946
2009-10-06,0.0063747362833509015,-0.26315119871172954,0.0,-0.257,4.469719445322593,-0.023505365355135425
2009-10-07,0.0031406975827149523,-0.25919644348551135,0.0,-0.2468,3.7359296927013403,-0.011934954497985956
2009-10-08,0.0031216733878571138,-0.2552778759458055,0.0,-0.2418,3.827332803455061,-0.012043658261196822
2009-10-09,0.00515791226749596,-0.24883648690987645,0.0,-0.23120000000000002,3.048675401866955,-0.020205089251804042
2009-10-12,0.006443053262854275,-0.24084167788847155,0.0,-0.23010000000000003,4.753088123394583,-0.0258927191219663
2009-10-13,0.0023632482439004785,-0.23791617466260415,0.0,-0.2299,4.79108247749916,-0.009812455487853089
2009-10-14,0.0021225594680748714,-0.2352941892852788,0.0,-0.2286,3.3487634824114103,-0.008921459295842054
2009-10-15,0.005465383651800626,-0.2285795308026929,0.0,-0.21719999999999998,10.189289308246805,-0.023227873448137756
2009-10-16,-0.0031358289380085426,-0.23244426519397085,0.0,-0.2143,9.087114895965133,0.013718765311122073
2009-10-19,0.006392077524375231,-0.22461642208637173,0.0,-0.21489999999999998,10.061847717404156,-0.02749939870119467
2009-10-20,0.0010682863863066268,-0.22330957711889712,0.0,-0.209,9.502904451047467,-0.004756047560475515
2009-10-21,0.00010245237029869153,-0.22318425899225136,0.0,-0.22219999999999998,9.208670148811882,-0.000458790758643292
2009-10-22,0.008181907661630414,-0.21325749817242382,0.0,-0.2069,7.333475592762463,-0.036659877800407414
2009-10-23,-0.0035733946895790437,-0.21760849389850712,0.0,-0.2227,7.401970901027367,0.016756244072083544
2009-10-26,-0.0044979018995144095,-0.22310992234152197,0.0,-0.24309999999999998,8.495275598810574,0.020669698222405955
2009-10-27,-0.0006429721574497222,-0.2483,0.02441809810572851,-0.2483,8.90259723428628,0.0028271405492729606
2009-10-28,-0.01819199513643515,0.0,0.2712542343006059,0.0,13.235476101025831,0.07271996785857772
2009-10-29,-0.0001238,-0.24760000000000001,0.24760000000000001,-0.24760000000000001,5.348084711548111,-0.05521759475900788
2009-10-30,-0.02492414408917144,0.0,0.2793069716168547,0.0,7.2359174359954785,0.10009891196834818
2009-11-02,0.0,0.0,0.0,0.0,6.467427271147354,0.008543933806997027
2009-11-03,-0.00014404999999999998,-0.28809999999999997,0.28809999999999997,-0.28809999999999997,5.143237019288122,0.004992867332382331
2009-11-04,0.003960225257183398,-0.2830189559252996,0.0,-0.2772,4.00117118981931,-0.013746009223128769
2009-11-05,0.012714238810660375,-0.26691114507492963,0.0,-0.25429999999999997,0.12515660111907323,-0.04492362982929027
2009-11-06,0.008222327033502582,-0.12095,0.13554467932150338,-0.12095,-0.6547450216261623,-0.031059397579056
2009-11-09,0.0071971792890262775,-0.11293997148728226,0.0,-0.11574999999999999,-3.5448003868164584,-0.05950540958268936
2009-11-10,-0.0006014828469212169,-0.11360978867333284,0.0,-0.1142,-3.6022638948629506,0.005325686194182789
2009-11-11,-0.0003691625952017202,-0.11402104357288753,0.0,-0.1152,-0.39735378664038734,0.0032493907392362946
2009-11-12,-0.005181339486452852,-0.24239999999999998,0.12264579632951422,-0.24239999999999998,1.4770303520657606,0.04490413723511611
2009-11-13,0.004015100154083196,-0.23743158823939262,0.0,-0.2336,8.736298519885459,-0.016563944530046188
2009-11-16,0.004334215833733562,-0.23209143802011825,0.0,-0.2289,7.6189704068141,-0.018254588051542446
2009-11-17,0.0016088731096660805,-0.23011234334903563,0.0,-0.2241,6.986419064217168,-0.006932065755595083
2009-11-18,0.008242421501157468,-0.22005612649935846,0.0,-0.2163,5.910907848103335,-0.03581911939706476
2009-11-19,-0.0027056081126970366,-0.2233660756785126,0.0,-0.2263,5.994831981130833,0.012295081967213144
2009-11-20,0.004378798770851418,-0.21803255621848608,0.0,-0.22190000000000001,5.25101998502268,-0.019603687612588745
2009-11-23,0.011313893924960104,-0.2044060341060286,0.0,-0.2116,7.1493811978872746,-0.05189084658358395
2009-11-24,0.0015854334929536966,-0.20249955104254394,0.0,-0.2047,6.469637384287024,-0.007756294964028838
2009-11-25,0.002846013478785458,-0.19908693346765946,0.0,-0.2048,6.578534995885166,-0.014054418709242114
2009-11-27,-0.013779873859973375,-0.24850000000000003,0.0326790734792666,-0.24850000000000003,9.322305800995744,0.06913328807422488
2009-11-30,-0.00033965934181474575,-0.24892420877472896,0.0,-0.2451,9.128252076463722,0.001366838397644852
2009-12-01,0.009634938075683297,-0.23700573511760573,0.0,-0.2192,7.06026281320241,-0.03870631194574855
2009-12-02,0.002645120765366658,-0.2112,0.022528477291505505,-0.2112,6.270018432599004,-0.011208104321586454
2009-12-03,-0.004591304347826091,-0.21678663778041796,0.0,-0.22460000000000002,7.100321305126812,0.021739130434782625
2009-12-04,0.004944056794361601,-0.2108003719747407,0.0,-0.2125,7.262796662340241,-0.022806095638465553
2009-12-07,0.0008549913688803603,-0.2097660324586239,0.0,-0.221,8.265461050713558,-0.004055929127975212
2009-12-08,-0.005810842684523556,-0.2369,0.020075405370828026,-0.2369,10.185795515705374,0.027653690704105505
2009-12-09,0.001949192636017697,-0.23449373390466302,0.0,-0.2266,8.992436570738114,-0.008227913195515817
2009-12-10,0.0036945259280623337,-0.22994965302136433,0.0,-0.2232,8.423477930135544,-0.015755329008341003
2009-12-11,0.001480465055796953,-0.22813144732966745,0.0,-0.2159,10.648854735843717,-0.00643821391484946
2009-12-14,0.004824675021278469,-0.22223456276455414,0.0,-0.2115,9.901442659620022,-0.0211486626580966
2009-12-15,0.0021451662757673937,-0.2196182787636409,0.0,-0.21489999999999998,11.568563248231275,-0.009652712202287297
2009-12-16,0.009789016901495888,-0.20779515161097628,0.0,-0.2054,10.597559183151326,-0.04457286960176521
2009-12-17,-0.0030177719113627073,-0.21145103451492672,0.0,-0.22510000000000002,11.45230029009208,0.014522821576763396
2009-12-18,0.0030140188185207822,-0.20781067042505538,0.0,-0.2168,10.629715306604714,-0.014253980007404585
2009-12-21,0.00718866380490563,-0.19919009598683352,0.0,-0.20489999999999997,8.340217608179168,-0.03459237097980559
2009-12-22,0.0050114338782112616,-0.19321040095963038,0.0,-0.1954,9.418434442571158,-0.025159051474840988
2009-12-23,0.0016731465542656433,-0.19121731980561604,0.0,-0.1971,9.611465698163268,-0.008659712654989172
2009-12-24,0.002531178588753569,-0.18820974873068066,0.0,-0.19469999999999998,9.445028714309565,-0.01323718265336354
2009-12-28,0.0017242876800659885,-0.18616445996582945,0.0,-0.1993,9.969576982617673,-0.009161521609241205
2009-12-29,-0.0010977116867863176,-0.18746795742037406,0.0,-0.20010000000000003,10.315010632237055,0.005896462122726341
2009-12-30,-0.0029639202754209283,-0.19099798048271213,0.0,-0.1996,10.759353878369085,0.01581027667984187
2009-12-31,-0.005138627559681991,-0.1971496868566584,0.0,-0.2168,10.896147282591164,0.026904093680441325
2010-01-04,0.007281306394968436,-0.1884958841748226,0.0,-0.2004,8.859217603658504,-0.03693288338957624
2010-01-05,0.003814080723452226,-0.1839800885421627,0.0,-0.1935,8.238724312112165,-0.020234291799787068
2010-01-06,0.006615908076874777,-0.17619846760035776,0.0,-0.1916,8.743446097906178,-0.03595991353900566
2010-01-07,0.002982177367919316,-0.17270126443024353,0.0,-0.1906,8.614120980721525,-0.016925103881625703
2010-01-08,0.004532655699625,-0.1674097977566438,0.0,-0.1813,7.670248008551409,-0.026245642813204788
2010-01-11,0.0025590860090535022,-0.16442992143617324,0.0,-0.17550000000000002,7.170662682162275,-0.015286357449481734
2010-01-12,-0.004623505190488596,-0.1698386766296045,0.0,-0.1825,6.418805810550694,0.02811839323467233
2010-01-13,0.0032484230878322704,-0.16605085012646725,0.0,-0.17850000000000002,5.523776719323438,-0.01912652142784089
2010-01-14,0.00371601570941949,-0.16173382896785862,0.0,-0.17629999999999998,5.360933319698107,-0.022378781599668458
2010-01-15,-0.004274527858369227,-0.16672101042988588,0.0,-0.1791,5.186476691235082,0.02642939875750239
2010-01-19,0.008024915044147065,-0.15743271125276562,0.0,-0.17579999999999998,6.2013815997736454,-0.048133795635325306
2010-01-20,0.0006977690581878879,-0.1868,0.030191794204147027,-0.1868,5.916354762905021,-0.004528061224489892
2010-01-21,-0.010922618811962829,-0.2227,0.02280771738360146,-0.2227,6.2058434305919405,0.058411214953271035
2010-01-22,-0.020160660987454466,0.0,0.24769992766480667,0.0,8.688557436347779,0.08997220935618348
2010-01-25,-0.0,0.0,0.0,0.0,6.559242663112638,-0.015285001592187611
2010-01-26,-0.00012275,-0.2455,0.2455,-0.2455,5.957315725743257,0.009150608246312829
2010-01-27,0.00753051443178188,-0.23619084698633275,0.0,-0.2314,4.174186632305435,-0.030674193204814175
2010-01-28,-0.002330830726838808,-0.23907893022989116,0.0,-0.2373,5.618637081034823,0.009868421052631571
2010-01-29,-0.0057774817339906505,-0.24627928604044072,0.0,-0.2462,6.921688438241286,0.024165583008235802
2010-02-01,0.01399875920652478,-0.22907377817274682,0.0,-0.2259,1.9465867202363505,-0.056840993132593734
2010-02-02,0.008624495949526943,-0.21856427551433522,0.0,-0.2148,0.923649102061237,-0.03764942464529102
2010-02-03,-0.0007082281812754678,-0.2194279087243276,0.0,-0.21600000000000003,1.311455668641404,0.003240365698414499
2010-02-04,-0.02639090093957988,0.0,0.2523197630220027,0.0,2.6722411456679716,0.11969644705070714
2010-02-05,0.0,0.0,0.0,0.0,4.71712966081396,0.012732313379197106
2010-02-08,0.0,0.0,0.0,0.0,5.418108140724332,0.012781497261107635
2010-02-09,-0.00013000000000000002,-0.26,0.26,-0.26,3.434249549606548,-0.024549098196392782
2010-02-10,0.0008811748998664747,-0.2588906971160259,0.0,-0.254,3.133897963493304,-0.003389134230255672
2010-02-11,0.00704246718584554,-0.2500870004360033,0.0,-0.2396,1.44467376044393,-0.027202472952086602
2010-02-12,0.0004122539437128709,-0.2273,0.022257958934666477,-0.2273,0.9812519489430045,-0.0016929425457623771
2010-02-16,0.012419186785260458,-0.21224490410642216,0.0,-0.2225,0.4659046170950738,-0.05463786531130865
2010-02-17,0.0073057030023220984,-0.20345283511576392,0.0,-0.21719999999999998,0.714935131083724,-0.03442109968708097
2010-02-18,0.008450750358334078,-0.10314999999999999,0.09016463365936955,-0.10314999999999999,-0.3665797105752375,-0.04175824175824173
2010-02-19,0.00205661841864629,-0.2002,0.0993686840398347,-0.2002,8.821800419552687,-0.02041980378736023
2010-02-22,0.00375635858234887,-0.19570849015103375,0.0,-0.19940000000000002,8.594891328508467,-0.01876302988186249
2010-02-23,-0.006364316949029854,-0.20336709978006892,0.0,-0.2137,8.477326566861436,0.03251937074430614
2010-02-24,0.004509044293766214,-0.1979654206360208,0.0,-0.2027,7.927713549469367,-0.022171945701357366
2010-02-25,0.0007968705833537465,-0.19701155733804365,0.0,-0.201,7.826826722925002,-0.00402530189764238
2010-02-26,0.0041590324174162535,-0.19205376707746527,0.0,-0.195,7.835409304786481,-0.021110601193207915
2010-03-01,0.0037320199094643485,-0.1876215398458518,0.0,-0.19260000000000002,7.119582419142855,-0.019432161973469808
2010-03-02,0.0019451809032086393,-0.1853158860200957,0.0,-0.1906,9.001836127218647,-0.010367577756833158
2010-03-03,0.001752396085296407,-0.18324237671119017,0.0,-0.1883,8.854633289959366,-0.009456264775413678
2010-03-04,0.00043422364149571746,-0.18272880790132134,0.0,-0.18719999999999998,8.968659941015588,-0.002369668246445531
2010-03-05,0.008341123927555006,-0.17294512723483382,0.0,-0.17420000000000002,5.749924593249418,-0.04564755838641187
2010-03-08,0.0024609463639892987,-0.170065658407148,0.0,-0.1779,6.1196290952304935,-0.014229636898920537
2010-03-09,-0.00044123780906227744,-0.1705821635163053,0.0,-0.17920000000000003,9.626307425571726,0.0025945144551519396
2010-03-10,-0.0011274708482105812,-0.1719034504936543,0.0,-0.1857,10.753621572032696,0.006609547123622984
2010-03-11,-0.0012456771774902663,-0.17336508460040492,0.0,-0.18059999999999998,10.768110634074498,0.007246376811594307
2010-03-12,0.0014034316372413872,-0.17172065476350065,0.0,-0.17579999999999998,10.207656726424325,-0.008095238095238176
2010-03-15,-4.0915095249826374e-05,-0.17176859778728987,0.0,-0.18,11.28631413859269,0.00023826542768647134
2010-03-16,0.0049111531976044715,-0.16604198695451713,0.0,-0.1769,10.570566441291525,-0.028591682419659804
2010-03-17,0.0063965517589280665,-0.15863074542194028,0.0,-0.1691,9.898700997857203,-0.038523700398021825
2010-03-18,0.0023676230659991143,-0.1558940240687047,0.0,-0.16620000000000001,9.227706518166064,-0.014925373134328393
2010-03-19,-0.003089438035963624,-0.1594761538000474,0.0,-0.1697,10.982911419433222,0.019817552689524936
2010-03-22,0.0021904268767124237,-0.15694195704254515,0.0,-0.16870000000000002,10.74216661453729,-0.013735137351373548
2010-03-23,0.0033640866840433654,-0.153062953315433,0.0,-0.1635,9.830092117589382,-0.02143522833178001
2010-03-24,-0.00329098255442119,-0.1568701929381222,0.0,-0.17550000000000002,10.026924808360924,0.02150084317032035
2010-03-25,-0.0017220675891377575,-0.184,0.025148758733798682,-0.184,10.775713473314852,0.010897501799115982
2010-03-26,0.0019015197568389248,-0.1817528735632184,0.0,-0.1777,10.103506981563074,-0.010334346504559375
2010-03-29,0.0036891903140636837,-0.17740918699486735,0.0,-0.1759,9.573205202429698,-0.020297837617299003
2010-03-30,0.0030917783625661445,-0.17378011902046955,0.0,-0.17129999999999998,9.830150016107538,-0.017427385892116135
2010-03-31,0.0008223034023050726,-0.17281570867295093,0.0,-0.1759,10.456193586556871,-0.004731861198738237
2010-04-01,0.0005817486511186972,-0.17213382140341893,0.0,-0.1747,9.658525811729518,-0.003366294971596829
2010-04-05,0.006546112338274782,-0.16451080286870584,0.0,-0.1702,9.297261188441386,-0.03802920474839794
2010-04-06,0.004504207118960658,-0.15928912454101452,0.0,-0.1623,8.683817245704791,-0.02737940026075621
2010-04-07,-0.002902601824969595,-0.16266387482591044,0.0,-0.16620000000000001,8.70710645447216,0.018222222222222206
2010-04-08,0.002826479145541447,-0.1593868919541878,0.0,-0.1648,9.156888622822779,-0.017376194613379654
2010-04-09,0.0018398882646426839,-0.1572576671532248,0.0,-0.16140000000000002,8.689009156535153,-0.011543535620052864
2010-04-12,0.0002783321542534893,-0.15693565476010277,0.0,-0.1558,8.302415084067022,-0.001769911504424741
2010-04-13,-0.0007090205889988127,-0.15775652797548514,0.0,-0.162,9.172548972962957,0.004517906336088163
2010-04-14,0.003716776837118754,-0.15346933985080102,0.0,-0.1559,7.257853038075178,-0.023560209424083732
2010-04-15,-0.0,-0.15346933985080102,0.0,-0.1589,8.255103719132176,0.0
2010-04-16,-0.006451074266665679,-0.18359999999999999,0.022654464580409206,-0.18359999999999999,6.206971191360651,0.04196113074204941
2010-04-19,0.0045943617358251455,-0.17818698280853718,0.0,-0.1734,5.68509066698255,-0.02502375673107378
2010-04-20,0.00868267747191232,-0.1680452228657856,0.0,-0.1573,3.3982894442187455,-0.04872789995687789
2010-04-21,-0.0007951666697119009,-0.16897475262680917,0.0,-0.1632,4.48649892621223,0.004731861198738061
2010-04-22,0.0004518041514085871,-0.16844684349221914,0.0,-0.16469999999999999,4.651255972335694,-0.0026737967914438883
2010-04-23,0.0012798547159499334,-0.16695331279154949,0.0,-0.16620000000000001,4.805584570898393,-0.007597973873633626
2010-04-26,-0.002184435868300647,-0.169508028076345,0.0,-0.1747,5.314053277317491,0.013084112149532706
2010-04-27,-0.019396901197649138,0.0,0.19252451313270996,0.0,5.311990821314566,0.11386268343815514
2010-04-28,-0.0001054,-0.2108,0.2108,-0.2108,4.239284580882185,-0.011257035647279543
2010-04-29,0.009966903073286069,-0.1988511666229729,0.0,-0.1844,0.21592819193795165,-0.04728132387706864
2010-04-30,-0.01738106493445247,-0.22005705756423388,0.0,-0.2205,3.568287358120511,0.08740740740740753
2010-05-03,0.008193613845476793,-0.21014162439559833,0.0,-0.20190000000000002,0.5856302803523796,-0.03723404255319149
2010-05-04,-0.02173200701517417,-0.2370246528288176,0.0,-0.2384,1.5514244814209306,0.10341600374356567
2010-05-05,-0.010847867527204095,-0.25059089721250616,0.0,-0.2491,2.571825582770572,0.0457668322587464
2010-05-06,-0.044108495304174856,0.0,0.30808715073663157,0.0,6.247040568773283,0.17540322580645168
2010-05-07,0.0,0.0,0.0,0.0,15.235327220389472,0.09281180305369705
2010-05-10,-7.21e-05,-0.1442,0.1442,-0.1442,-8.235874808467084,-0.142992125984252
2010-05-11,0.0006496689959543911,-0.14345713135355664,0.0,-0.1416,-7.121792858078628,-0.004505332842956942
2010-05-12,0.007897695389499332,-0.13449721790629826,0.0,-0.1276,-10.547696136883769,-0.05505265102530945
2010-05-13,-0.003413301772146166,-0.1383828621470456,0.0,-0.1334,-8.878681858687678,0.025378233284528984
2010-05-14,-0.014603610556691026,0.3124,0.46737983065594646,0.3124,-4.440853517147463,0.10384176492963108
2010-05-17,0.002616596148864518,0.3141944760927258,0.0,0.3084,-3.714449338793873,0.008375787928503579
2010-05-18,0.021353632929531064,0.0,0.3286407530208033,0.0,0.12369833827906973,0.06848609680741502
2010-05-19,0.0,0.0,0.0,0.0,1.8971998975549127,0.024373741441804243
2010-05-20,0.0,0.0,0.0,0.0,11.205242746759907,0.13586097946287534
2010-05-21,-0.0,0.0,0.0,0.0,4.791686041917316,-0.005272407732864749
2010-05-24,-0.0,0.0,0.0,0.0,13.741715485031765,-0.018037252447912797
2010-05-25,-0.00017305,-0.3461,0.3461,-0.3461,9.755516986489134,-0.036887089518668495
2010-05-26,0.009230936623825702,0.0,0.33356750548022246,0.0,13.03924863017064,-0.027153193806893423
2010-05-27,-7.42e-05,-0.1484,0.1484,-0.1484,-0.7711489054082143,-0.08926002876778004
2010-05-28,-0.003154919377128497,0.0,0.1519467819204735,0.0,2.1947709766708137,0.020747614462050267
2010-06-01,0.0,0.0,0.0,0.0,5.117082111747511,0.060369926357252905
2010-06-02,-7.5425e-05,-0.15085,0.15085,-0.15085,-3.6573286583498827,-0.06927735163504231
2010-06-03,0.001358303030303032,-0.14928891738082792,0.0,-0.14730000000000001,-4.3727183589925716,-0.009004329004329015
2010-06-04,-0.01480644091199726,0.0,0.1664629963495573,0.0,2.4343997299088187,0.09862225322636893
2010-06-07,0.0,0.0,0.0,0.0,4.196770552275332,0.04688493324856976
2010-06-08,-0.0,0.0,0.0,0.0,1.1349535194112903,-0.04229101696204454
2010-06-09,-0.00016865,-0.3373,0.3373,-0.3373,1.10935375513575,0.007789523885223679
2010-06-10,0.02064675787654207,-0.15285,0.15729667789867344,-0.15285,-5.308743065852205,-0.06144502287427041
2010-06-11,0.0038863430393555488,-0.14838697427603573,0.0,-0.14395,-2.6710016533941605,-0.02542586221364441
2010-06-14,0.0030197246181882507,-0.14492960217026968,0.0,-0.1429,-2.208400145332579,-0.02035033487892833
2010-06-15,0.008902963153241837,-0.1348262855645581,0.0,-0.12935,-5.162607293695686,-0.061429570080391474
2010-06-16,0.003307271923806854,-0.1310854783186891,0.0,-0.12960000000000002,-2.6557793270388004,-0.024529874942102826
2010-06-17,0.0023576524877462067,-0.12842504420598175,0.0,-0.12525,-3.507711403307127,-0.017985611510791366
2010-06-18,0.002085304111945193,-0.2395,0.11348692936322585,-0.2395,3.8394680663731826,-0.016679360243716655
2010-06-21,-0.0021479820627802676,-0.2421681549157158,0.0,-0.2488,6.614509274381298,0.008968609865470847
2010-06-22,-0.011060698376916997,-0.25606106752661606,0.0,-0.2705,5.865742616332071,0.045673628643561996
2010-06-23,-0.0034440962298901696,-0.2604020133489371,0.0,-0.2691,5.953036497152876,0.013450292397660865
2010-06-24,-0.015890526318915677,-0.28075386637055133,0.0,-0.2974,12.184776307483151,0.061023054755043195
2010-06-25,0.0072046817031954005,-0.27159244752991113,0.0,-0.2853,11.034553636856057,-0.025661914460285096
2010-06-28,-0.004424438368281749,-0.27724353282216924,0.0,-0.29,11.475425690087082,0.016290726817042564
2010-06-29,-0.027632019450065826,-0.34130000000000005,0.027779487285638393,-0.34130000000000005,16.525218053525407,0.09961685823754796
2010-06-30,-0.005224304648123925,-0.3483441606658374,0.0,-0.3454,17.25573478011379,0.0153070748553294
2010-07-01,0.0032866683459464954,-0.34392711794801856,0.0,-0.3286,16.221375361755022,-0.009435118245313028
2010-07-02,0.010675025309170742,-0.3012,0.028513436015124627,-0.3012,14.191451144220323,-0.031080079090459775
2010-07-06,0.01725744843391901,-0.27912555666533995,0.0,-0.2965,12.11285321791599,-0.057295645530939604
2010-07-07,0.01813846209980154,-0.25633752606426485,0.0,-0.26839999999999997,1.21843599351201,-0.06498316498316493
2010-07-08,0.004795831481130889,-0.12855,0.12171537575544689,-0.12855,-0.7271285804941883,-0.018946461891775537
2010-07-09,0.002108298709818498,-0.12617568525574635,0.0,-0.1249,-0.426957988629141,-0.01640061228952546
2010-07-12,0.0031301705733853165,-0.12266156306716275,0.0,-0.12215,-0.8995962646405964,-0.02480803307737741
2010-07-13,0.0006938917808144016,-0.12188309760669887,0.0,-0.12279999999999999,-1.7183938551691718,-0.005656961834364238
2010-07-14,-0.0037649006367943046,-0.2489,0.12284658909987553,-0.2489,5.886709773716621,0.030385487528344687
2010-07-15,-0.0019655747294530664,-0.2513596408875861,0.0,-0.2514,7.67756414426897,0.007897045919859647
2010-07-16,-0.01176886179878294,-0.26626210459763167,0.0,-0.2625,2.2474567897910696,0.04682080924855494
2010-07-19,0.003736240840412502,-0.26154865499068797,0.0,-0.2597,2.5269388773889574,-0.014032191498142822
2010-07-20,0.01612435473699882,-0.24152978826810204,0.0,-0.23929999999999998,0.29130090337687164,-0.061649541793946154
2010-07-21,-0.0026430087140972016,-0.244819858000278,0.0,-0.2564,5.439823487126532,0.010942785703780017
2010-07-22,0.013153233272111995,-0.22865901930744284,0.0,-0.2463,2.068106534712765,-0.053726169844020816
2010-07-23,0.005790417869144565,-0.22158552863375355,0.0,-0.2347,0.820987595432566,-0.02532337402076878
2010-07-26,0.008435672562827666,-0.11365,0.09765818235703405,-0.11365,-0.2433041226189303,-0.038289962825278835
2010-07-27,0.0005081542107524477,-0.23190000000000002,0.11888174368912276,-0.23190000000000002,1.1501224650481703,-0.004994237418363477
2010-07-28,-0.00275965451055663,-0.23530902612587962,0.0,-0.2425,1.8292662314979609,0.011900191938579687
2010-07-29,0.0001109424922800014,-0.23517199306657433,0.0,-0.2413,1.504344337086195,-0.0004714757190004782
2010-07-30,0.002250238582813376,-0.23239880173350064,0.0,-0.235,7.104938929023536,-0.00956848030018762
2010-08-02,0.01354437983928414,-0.21592978684260458,0.0,-0.22010000000000002,2.972236474700683,-0.058280764523114564
2010-08-03,-0.0024878680248055407,-0.21896240443203108,0.0,-0.2263,3.3361327061952366,0.011521652761223702
2010-08-04,0.0022212339115227514,-0.21626080468740344,0.0,-0.22210000000000002,5.225833254216351,-0.010144362075692553
2010-08-05,-0.0014812383882698776,-0.21806504939798158,0.0,-0.221,7.7803368666928225,0.006849315068493109
2010-08-06,-8.413814966643567e-05,-0.21816754376109734,0.0,-0.21739999999999998,7.382577202723013,0.00038583968361146487
2010-08-09,0.003757190765116487,-0.21360778778834555,0.0,-0.2214,8.422129605029038,-0.017221584385763492
2010-08-10,-0.0012373496106681608,-0.21511130528886316,0.0,-0.2237,8.247801284692855,0.005792624058698625
2010-08-11,-0.017775762851364552,-0.23710173230533504,0.0,-0.2539,5.517611292574362,0.08263518659558265
2010-08-12,-0.0037273634772891032,-0.24173011177260634,0.0,-0.25730000000000003,5.784721989354296,0.01572052401746722
2010-08-13,-0.005285523455226097,-0.24832817964594472,0.0,-0.26239999999999997,6.295461875936038,0.02186539118551415
2010-08-16,0.003381700694339845,-0.24412093501615786,0.0,-0.261,11.335023618163362,-0.013617869301668958
2010-08-17,0.007956473730260883,-0.2343002574425619,0.0,-0.2433,7.472904063085672,-0.03259234497743613
2010-08-18,0.0032422436720943603,-0.23031128845286927,0.0,-0.2459,8.29207226591581,-0.013837985956499379
2010-08-19,-0.0071602075316382265,-0.2644,0.025231642063901105,-0.2644,8.637348422788325,0.03103448275862064
2010-08-20,0.002456947488384301,-0.26130104955420136,0.0,-0.25489999999999996,7.677740552336719,-0.009292539668624436
2010-08-23,0.004786913713869474,-0.25529207470687537,0.0,-0.2566,8.668460921232587,-0.018319534965650915
2010-08-24,-0.006787138751239982,-0.26387013668812626,0.0,-0.2746,9.79992884943039,0.02658577928450356
2010-08-25,0.005451673812972202,-0.2570172884542072,0.0,-0.267,13.016173922250962,-0.02066044260027671
2010-08-26,-0.002978079536161831,-0.2607719676508346,0.0,-0.2737,13.64759213125748,0.011587078651685472
2010-08-27,0.01602949503301341,-0.2408812675363021,0.0,-0.2445,7.837634446475764,-0.06146939480272816
2010-08-30,-0.007388509888830445,-0.2721,0.021996075949211824,-0.2721,9.34678483920106,0.030627171329310646
2010-08-31,0.004823361848487525,-0.2659936545064264,0.0,-0.2605,10.111894859271139,-0.017726430902195976
2010-09-01,0.016379796663046328,-0.2455911251511554,0.0,-0.2389,0.580310266500458,-0.061579651941097685
2010-09-02,0.006120073347168691,-0.23801438630213628,0.0,-0.23190000000000002,1.2882758018661598,-0.02491976590522941
2010-09-03,0.011598688321374924,-0.10654999999999999,0.11719879450921629,-0.10654999999999999,-1.1047532744125093,-0.04897723998847587
2010-09-07,-0.0032536271939785136,-0.23800000000000002,0.127909173699926,-0.23800000000000002,0.4415961648816946,0.029935923107729245
2010-09-08,0.006127868852459011,-0.23045990308568154,0.0,-0.2325,1.9273531895142924,-0.025747348119575676
2010-09-09,0.0021273918187227872,-0.22784778974314512,0.0,-0.2281,1.4911699665548532,-0.009231071393499003
2010-09-10,0.004953700101646346,-0.2217953818359533,0.0,-0.21989999999999998,1.6341744136129783,-0.021741269060501736
2010-09-13,0.010997935226226564,-0.20850432949950337,0.0,-0.2121,1.3199170018938808,-0.04958595230968775
2010-09-14,-0.0,-0.20850432949950337,0.0,-0.21559999999999999,4.552641538058825,0.0
2010-09-15,0.003327975360378198,-0.20449579716485963,0.0,-0.221,5.415831871699034,-0.015961181086103657
2010-09-16,0.0008114912585906955,-0.20351915189355158,0.0,-0.21719999999999998,10.587889112457933,-0.003968253968253884
2010-09-17,0.00032304627284691293,-0.20313048507459971,0.0,-0.22010000000000002,11.13125674673094,-0.001587301587301615
2010-09-20,0.005466115150404734,-0.1965897875082811,0.0,-0.215,9.99867871453475,-0.026909378709932694
2010-09-21,-0.0007608600271931676,-0.2235,0.02601466986363296,-0.2235,13.56254431938799,0.003804127883447907
2010-09-22,-0.004125270845036513,-0.22856817647957087,0.0,-0.22510000000000002,12.71949100262751,0.018457587673541446
2010-09-23,-0.007173579489354924,-0.23744508717614066,0.0,-0.23870000000000002,12.60482130081456,0.03138485680659087
2010-09-24,0.01320939017638983,-0.22131229652413067,0.0,-0.21710000000000002,7.052179581885376,-0.055631347582234404
2010-09-27,-0.0010782787610201408,-0.22263063316844883,0.0,-0.2254,8.014075700934715,0.004872204472843519
2010-09-28,0.0002994478015557943,-0.22226462871246144,0.0,-0.226,8.130196433942073,-0.0013450431205000587
2010-09-29,-0.003505474784519527,-0.22656431900432245,0.0,-0.2325,8.669116942215197,0.01577162684330883
2010-09-30,-0.005865459572368474,-0.2338011296506308,0.0,-0.237,8.94985775270959,0.02588871715610511
2010-10-01,0.004788275198396254,-0.22792150356951146,0.0,-0.225,7.708189901879299,-0.020480120030007456
2010-10-04,-0.0032661973222858414,-0.23194527994406744,0.0,-0.2353,10.154382999060314,0.014330360545773238
2010-10-05,0.01143416662800272,-0.21801825624619908,0.0,-0.21760000000000002,4.963139649653417,-0.04929682824655892
2010-10-06,0.0026960072385457767,-0.21474329951772433,0.0,-0.21489999999999998,5.066149244792886,-0.012365970102527955
2010-10-07,0.0015230021242391893,-0.21289605624757796,0.0,-0.21559999999999999,6.022883243452771,-0.007092198581560329
2010-10-08,0.008398266518642129,-0.20279466607468163,0.0,-0.2071,8.4553958263419,-0.03944773175542406
2010-10-11,0.005098837318449122,-0.19669292353742504,0.0,-0.18960000000000002,7.20349099861482,-0.025142857142857064
2010-10-12,0.006497511286766342,-0.18896759318113124,0.0,-0.1893,7.185593007736818,-0.03303378265934438
2010-10-13,0.004298758213134427,-0.1838783862449086,0.0,-0.1907,7.214005550833088,-0.022748653040280488
2010-10-14,-0.005603607765408615,-0.19054976012585523,0.0,-0.19879999999999998,7.884460372792871,0.03047453199825857
2010-10-15,0.0017791910644321869,-0.18843530664761204,0.0,-0.19030000000000002,7.050985350495431,-0.00933714670255716
2010-10-18,0.006302929422455811,-0.18099159994464775,0.0,-0.1909,8.531587867283893,-0.033448771011065116
2010-10-19,-0.004669432347425333,-0.18653203099141533,0.0,-0.20629999999999998,11.230834071120174,0.02579916608756083
2010-10-20,0.00927537657886901,-0.1979,0.022285337202263944,-0.1979,9.351120667002736,-0.049785118395550686
2010-10-21,0.005253982300884968,-0.1916391490021013,0.0,-0.19269999999999998,8.947582251363722,-0.026548672566371743
2010-10-22,0.007706261950157909,-0.18252629163580694,0.0,-0.18780000000000002,8.66159115945359,-0.040212357392974074
2010-10-25,0.0013656397784301828,-0.18091358906369281,0.0,-0.1985,9.715490087607158,-0.007481879822305444
2010-10-26,-0.0034933577759519332,-0.18505340458953398,0.0,-0.2022,10.08636759532089,0.019309537741369193
2010-10-27,-0.003548969403086974,-0.18927410198937802,0.0,-0.2071,11.033128613724706,0.019178082191780934
2010-10-28,0.0004117670789538988,-0.20879999999999999,0.020027299426489453,-0.20879999999999999,11.499175236214525,-0.002228412256267441
2010-10-29,0.0001391072618254517,-0.20863187052993556,0.0,-0.212,11.844228481561004,-0.0006662225183211288
2010-11-01,0.0013601414763830032,-0.2069901931067036,0.0,-0.2183,12.778248120027024,-0.006519337016574575
2010-11-02,0.00466895172421136,-0.20138100320037644,0.0,-0.2157,15.535838758148005,-0.022556390977443615
2010-11-03,0.01168213576744173,-0.18750836920633474,0.0,-0.1956,14.99942609115513,-0.05801011804384482
2010-11-04,0.011788782405617733,-0.17367220298976638,0.0,-0.1852,8.60115378651908,-0.06287069988137609
2010-11-05,4.369112024899845e-05,-0.17362092617675404,0.0,-0.1826,8.381045387333444,-0.0002515723270440287
2010-11-08,-0.0010422466804007272,-0.17484540489999512,0.0,-0.18289999999999998,8.025975319402463,0.00600300150075039
2010-11-09,-0.0008860044000617741,-0.17588724617408186,0.0,-0.19079999999999997,7.620563568914237,0.005067358793721429
2010-11-10,0.0018500860042772968,-0.17371577105305705,0.0,-0.18469999999999998,7.386019161443299,-0.01051859099804315
2010-11-11,-0.0016015590447423973,-0.17559856156231332,0.0,-0.1864,7.0958658454536,0.009219422249539116
2010-11-12,-0.010554639667342148,-0.1881389399482045,0.0,-0.2061,6.93005205907609,0.060106640814348036
2010-11-15,0.0029550618840032197,-0.18463826057803845,0.0,-0.20199999999999999,6.45146607087117,-0.015706806282722554
2010-11-16,-0.008639810670036382,-0.22579999999999997,0.03085608588875116,-0.22579999999999997,7.05878424810852,0.04670961803957669
2010-11-17,0.004729678340103193,-0.22002965217980153,0.0,-0.21760000000000002,6.461804115100003,-0.020946316829509273
2010-11-18,0.01529354084657814,-0.20165213615218025,0.0,-0.1875,5.0867039448434905,-0.06950672645739914
2010-11-19,0.0024329353349699686,-0.19873568973533356,0.0,-0.1804,4.484352519462332,-0.012065011466746437
2010-11-22,0.006653741015597568,-0.190812332874209,0.0,-0.1837,4.8022916414556445,-0.03348035284683236
2010-11-23,-0.008842091421418393,-0.20143553571796807,0.0,-0.20629999999999998,5.823708919287499,0.04633920296570897
2010-11-24,0.008744366235703733,-0.19102081353011496,0.0,-0.1956,2.5850934474549376,-0.043410246382479444
2010-11-26,-0.012625839522767376,0.0,0.20612484613264528,0.0,4.507550291334727,0.06555713415871722
2010-11-29,-0.00010765000000000001,-0.21530000000000002,0.21530000000000002,-0.21530000000000002,4.499046189228139,0.009659090909090885
2010-11-30,-0.015600867294600399,-0.23456021000345798,0.0,-0.2354,6.337519276580366,0.07246106500046631
2010-12-01,0.011857960755022467,-0.22009240218089585,0.0,-0.21359999999999998,2.8632077779730665,-0.050554016620498646
2010-12-02,0.018565617598932695,-0.19785351193870335,0.0,-0.19390000000000002,0.23527137759073113,-0.08435374149659856
2010-12-03,0.007624835893165175,-0.09005,0.09868098072009636,-0.09005,-0.12814351535947566,-0.03878716282732826
2010-12-06,0.0021811418685121035,-0.08767762080182552,0.0,-0.0901,-0.20246985112824945,-0.024221453287197152
2010-12-07,0.00032715530149935357,-0.08732189767856365,0.0,-0.08994999999999999,-0.18299413673356923,-0.0037313432835821424
2010-12-08,0.002509381911776807,-0.17739999999999997,0.09285000270216298,-0.17739999999999997,2.1379729306378614,-0.029268797186885975
2010-12-09,0.003384061042814749,-0.17342904448405413,0.0,-0.1725,2.8311939822892285,-0.019075879610004225
2010-12-10,0.0006713382367124573,-0.17264180520225433,0.0,-0.1761,5.697669686563957,-0.0038709677419354245
2010-12-13,-0.0022266784849817836,-0.17525872852735322,0.0,-0.17550000000000002,5.484258748281459,0.012897678417884778
2010-12-14,-0.001981475481025642,-0.17759209839697637,0.0,-0.1761,6.679100294048503,0.011306001690617002
2010-12-15,-0.003105920521621086,-0.18126100118193803,0.0,-0.1794,10.58780576122004,0.01748906933166778
2010-12-16,0.0033077499451082673,-0.17736656698462233,0.0,-0.1739,12.2801272893167,-0.018248547252523242
2010-12-17,0.0030074562640072396,-0.17383630563432326,0.0,-0.1611,11.01165034654301,-0.016956162117452416
2010-12-20,0.0055090890709340095,-0.16740496768549307,0.0,-0.1641,11.539205984727376,-0.031691245685597814
2010-12-21,0.0031626528888628893,-0.16372451099894172,0.0,-0.1649,11.252220999711627,-0.018892228424216336
2010-12-22,0.00026366950628774015,-0.16341775321434532,0.0,-0.1545,10.236505197591324,-0.0016104461371055459
2010-12-23,-0.0050935403599276586,-0.1693740069144142,0.0,-0.16469999999999999,10.966453998615552,0.03116883116883124
2010-12-27,-0.004906656467715603,-0.17514001527081416,0.0,-0.17670000000000002,12.558463459355135,0.028969359331476218
2010-12-28,-0.0008976693526154581,-0.17619585023824652,0.0,-0.1752,12.428746567416848,0.005125438359859778
2010-12-29,0.002190963240026332,-0.17362448214028223,0.0,-0.1728,12.18194563356668,-0.012434817488969121
2010-12-30,0.0012639150762436236,-0.17214299293999202,0.0,-0.1752,13.272413468709857,-0.007279590186033941
2010-12-31,0.0026533668462897712,-0.16904109804847997,0.0,-0.1775,14.081531016946839,-0.015413737155219083
2011-01-03,0.0029097238188672703,-0.1656493802822249,0.0,-0.1761,11.773498405287562,-0.017213114754098313
2011-01-04,0.001167673585956249,-0.16428986975491566,0.0,-0.17379999999999998,11.386775628864266,-0.007049067035245328
2011-01-05,0.0030912316389967672,-0.16070187140658088,0.0,-0.1702,11.240201348222518,-0.018815716657443363
2011-01-06,0.0004053010628160988,-0.16023162829452026,0.0,-0.174,11.389926827511669,-0.0025220680958386236
2011-01-07,-0.0006262542702745159,-0.16095868362775442,0.0,-0.1714,11.057292196453968,0.0039084310441094925
2011-01-10,0.0001556660383247164,-0.1607779899166896,0.0,-0.1754,11.338499823507867,-0.000967117988394598
2011-01-11,0.0050367383485855,-0.1549607547919179,0.0,-0.1689,10.563715739734905,-0.03132728771640564
2011-01-12,0.007465358239024635,-0.14640244981793157,0.0,-0.1624,8.835037038304355,-0.048175799408367345
2011-01-13,0.000989496428390362,-0.14526921002506632,0.0,-0.16390000000000002,8.978697604341896,-0.006758742286217993
2011-01-14,0.006658438890527513,-0.1376939444200224,0.0,-0.15460000000000002,7.7139125653265435,-0.045835169678272454
2011-01-18,0.0039887362907164185,-0.15869999999999998,0.025540401070717367,-0.15869999999999998,9.363454640208165,-0.029060874885285873
2011-01-19,-0.007841822451855317,-0.16785813615266384,0.0,-0.17309999999999998,8.546392076861647,0.04941286989196798
2011-01-20,0.00089524339281422,-0.1668135540277744,0.0,-0.17989999999999998,9.491443478557336,-0.0053333333333334095
2011-01-21,-0.001756166147147435,-0.16886627741471236,0.0,-0.18469999999999998,10.029405374758197,0.01052771855010675
2011-01-24,0.00398582873520173,-0.16422587247792456,0.0,-0.1765,9.033569200667966,-0.02360346184107015
2011-01-25,0.0017543156360307008,-0.16218702959990536,0.0,-0.1759,9.090937755454807,-0.010682334089998627
2011-01-26,0.005571642455391267,-0.1557476171087052,0.0,-0.1664,8.119761952233247,-0.03435319377348359
2011-01-27,0.0026890127263243372,-0.15264813161382165,0.0,-0.16149999999999998,8.617208690253658,-0.017265193370165792
2011-01-28,-0.016051280193977127,-0.2004,0.028965815840861026,-0.2004,8.034634901088445,0.10505727856943275
2011-01-31,0.0026770510396975215,-0.19719504775269292,0.0,-0.1953,7.474979982739685,-0.013358538122243122
2011-02-01,0.010341695477865264,-0.18494075134299084,0.0,-0.17629999999999998,2.99512202565489,-0.05244399185336051
2011-02-02,-0.00032155005583240807,-0.1853218916634346,0.0,-0.17300000000000001,3.80104458961112,0.0017386652400695713
2011-02-03,0.0027108255429491796,-0.18211737768125216,0.0,-0.16690000000000002,3.3014875941717303,-0.014627659574468103
2011-02-04,0.004673440700943052,-0.17661852079667756,0.0,-0.1593,2.5367863363375758,-0.025661695552868447
2011-02-07,0.0034916346780232946,-0.1725244936139434,0.0,-0.1628,2.8423393320565467,-0.01976935749588147
2011-02-08,0.0019008974889123402,-0.17029987352308892,0.0,-0.15810000000000002,2.3631098404936637,-0.01101813110181307
2011-02-09,-0.00033495338990211843,-0.17069200077728056,0.0,-0.15869999999999998,2.2299430045244915,0.0019668446192751053
2011-02-10,-0.00047679329826055854,-0.17125044514010807,0.0,-0.1609,2.4288037808205107,0.002793296089385465
2011-02-11,0.0024708721274377364,-0.1683635681648159,0.0,-0.15689999999999998,7.200262971360949,-0.014428412874583766
2011-02-14,0.0018174673697870188,-0.1662439578262554,0.0,-0.1595,7.641069957162676,-0.010794896957801751
2011-02-15,-0.001924337174160488,-0.1684925314422386,0.0,-0.1637,10.99724513669473,0.011575381140598494
2011-02-16,-0.002126945899479391,-0.17098314924989513,0.0,-0.1672,11.320503392799552,0.012623383845405251
2011-02-17,-0.0014015012233597828,-0.17262658684590387,0.0,-0.1659,11.18985583154534,0.008196721311475332
2011-02-18,-0.0013986802345723756,-0.1742690137054445,0.0,-0.1643,11.024735881876005,0.008102345415778369
2011-02-22,-0.022995869009192278,-0.20190793104895557,0.0,-0.20800000000000002,8.581687614782242,0.13195615514333883
2011-02-23,-0.010240618030632802,-0.2143435596007862,0.0,-0.2213,9.866438406780853,0.05071924603174608
2011-02-24,0.0034379908132688777,-0.21018296169610048,0.0,-0.2132,9.071038479846514,-0.01603962731454175
2011-02-25,0.014996892753606621,-0.19230213445577102,0.0,-0.19219999999999998,5.6275875661092325,-0.07135161019992829
2011-02-28,0.008629734463811755,-0.18210091742893106,0.0,-0.18350000000000002,4.729516150710186,-0.04487591616304483
2011-03-01,-0.016523519487511053,-0.2019615525659943,0.0,-0.2101,5.128490232673252,0.09073825503355701
2011-03-02,0.0009432815876975934,-0.20082883283800182,0.0,-0.207,4.718557829774776,-0.004670599803343067
2011-03-03,0.010947995080710034,-0.18782453566479693,0.0,-0.18600000000000003,0.37881303594961224,-0.05451406018746926
2011-03-04,-0.0037388959090182087,-0.19228235528536797,0.0,-0.1906,0.5983116745299171,0.019906323185011725
2011-03-07,-0.007411468471119015,-0.20118489929447325,0.0,-0.2066,2.031373192322473,0.03854471441292462
2011-03-08,0.004427592844235888,-0.1958899853528317,0.0,-0.19820000000000002,3.418804710923336,-0.022007580388800674
2011-03-09,-0.004299904891755865,-0.2010544050644332,0.0,-0.2022,4.1962987143118085,0.021950611124968912
2011-03-10,-0.00911100483420259,-0.2120978342921959,0.0,-0.2188,3.0525563624599528,0.04531611645754654
2011-03-11,0.006691328648799183,-0.2040411989235045,0.0,-0.20079999999999998,1.8035049349610688,-0.031548311990686785
2011-03-14,-0.0025462304641282033,-0.20711479137901348,0.0,-0.2113,3.1869790327543654,0.012479001679865598
2011-03-15,-0.012538039596988907,0.0,0.22230422849621426,0.0,7.384423713925457,0.059999999999999956
2011-03-16,0.0,0.0,0.0,0.0,10.717407902796957,0.05963734049697781
2011-03-17,-0.0,0.0,0.0,0.0,8.877297856009516,-0.030120481927710847
2011-03-18,-0.0,0.0,0.0,0.0,6.637590850779439,-0.0330298013245032
2011-03-21,-0.00010305000000000001,-0.2061,0.2061,-0.2061,0.7979999873492893,-0.07350047060836827
2011-03-22,0.0008934421693414624,-0.20502338129610764,0.0,-0.2021,1.108601371817155,-0.004334993543626698
2011-03-23,0.008902751360351619,-0.09585,0.09848173290689845,-0.09585,-0.08886597556282183,-0.04366327474560591
2011-03-24,0.002500815350842509,-0.18,0.08693107437676366,-0.18,0.5806615077010235,-0.026544401544401575
2011-03-25,0.001353517364203023,-0.17840500835912212,0.0,-0.1791,0.7388388524339291,-0.007519540912239017
2011-03-28,-0.004754155537460949,-0.1840340905874309,0.0,-0.19440000000000002,2.5802355458704156,0.026648105796957366
2011-03-29,0.005938877899149942,-0.17704377134744345,0.0,-0.1816,2.71018875983426,-0.032270531400966175
2011-03-30,0.0027676861596682974,-0.17379507496417826,0.0,-0.1771,7.959321743574961,-0.015632779050084686
2011-03-31,-0.0006134974910485452,-0.17451563736089645,0.0,-0.17739999999999997,8.467179926579849,0.0035300050428643975
2011-04-01,0.0021858171012136326,-0.17195396035252286,0.0,-0.174,8.130655699589532,-0.0125250501002004
2011-04-04,0.0028354573128438355,-0.16864033058109246,0.0,-0.175,10.645794131238912,-0.016489630753667224
2011-04-05,0.0010720496766151685,-0.16738883176151834,0.0,-0.1725,11.06032969292842,-0.006357018353327184
2011-04-06,0.0007574934276979102,-0.1665052117302573,0.0,-0.16899999999999998,10.710702478724132,-0.004525352257533667
2011-04-07,-0.001199728751530423,-0.16790638259655427,0.0,-0.1711,11.534910259909516,0.007205352547606823
2011-04-08,-0.002409894131322679,-0.17072771244014057,0.0,-0.1787,11.761268807300837,0.014352605863192088
2011-04-11,0.0018429378254407938,-0.16857410302384737,0.0,-0.1659,10.3800665418793,-0.010794602698650652
2011-04-12,-0.0022390603339854974,-0.1711964826113658,0.0,-0.1709,10.388032498984478,0.01328235057355606
2011-04-13,0.0030649419735565824,-0.16761780180155234,0.0,-0.16920000000000002,11.526211672033574,-0.0179030662710187
2011-04-14,0.0020174660196776834,-0.1652669153958865,0.0,-0.16269999999999998,10.812598717412271,-0.01203610832497506
2011-04-15,0.005044023087373189,-0.15941878030011863,0.0,-0.1532,10.004271820135342,-0.030520464881253147
2011-04-18,-0.004542551505805894,-0.1647095333446398,0.0,-0.1696,9.640022261473938,0.0284944565330018
2011-04-19,0.009205520793901127,-0.15408557458981198,0.0,-0.1583,7.549932881435989,-0.05588942307692298
2011-04-20,0.00777573494030377,-0.1451809510557177,0.0,-0.1507,3.969522458637977,-0.05046374367622273
2011-04-21,0.0019997376178473515,-0.14289546001106662,0.0,-0.1469,3.3417939673805925,-0.013774104683195593
2011-04-25,0.0035494196671363655,-0.13885319209307043,0.0,-0.1577,4.585300072743394,-0.02483927527761539
2011-04-26,0.0013850176969235765,-0.13727804187874573,0.0,-0.1562,3.9769374734822307,-0.00997469108232836
2011-04-27,0.00252470083000684,-0.1344139859468543,0.0,-0.1535,4.743870215179623,-0.018391148325358875
2011-04-28,0.0020976728109887892,-0.1320393378069669,0.0,-0.1462,4.168525505688573,-0.015606060606060623
2011-04-29,0.00038418796605396016,-0.1316045889415641,0.0,-0.1475,4.385181058376336,-0.0029096477794793136
2011-05-02,-0.003973710148248719,-0.15990000000000001,0.023794373059742274,-0.15990000000000001,5.301336382583768,0.030103911980440115
2011-05-03,-0.004368207324276431,-0.16498891310291702,0.0,-0.16699999999999998,8.473336601113155,0.027318369757826335
2011-05-04,-0.0020535100772466047,-0.1673861523307664,0.0,-0.17079999999999998,7.409883493275347,0.012446351931330459
2011-05-05,-0.002707751796038568,-0.17055572670210722,0.0,-0.182,9.042858850268502,0.016176677451118338
2011-05-06,0.001810420589476471,-0.16844035822001047,0.0,-0.184,9.33653932349074,-0.010614833195478408
2011-05-09,0.006218616972452844,-0.16121918091284804,0.0,-0.1716,7.969726108079929,-0.0369188063844552
2011-05-10,0.006201627742879771,-0.15406211726938365,0.0,-0.1591,6.7360185950861435,-0.03846705899239279
2011-05-11,-0.004189207646403743,-0.15891706148490395,0.0,-0.16949999999999998,6.807759850398851,0.027191679049034162
2011-05-12,0.003182003968078585,-0.1552410797849409,0.0,-0.1603,5.687944059097388,-0.020023048112935652
2011-05-13,-0.0033150793694019707,-0.1590835336949064,0.0,-0.1707,6.34552089163776,0.021354395202574136
2011-05-16,-0.0037904052114494887,-0.16349364607447547,0.0,-0.18239999999999998,7.2731533309231615,0.02382650877443296
2011-05-17,0.0029304821930814804,-0.16009401123225886,0.0,-0.17550000000000002,6.567351417128274,-0.017924135056273514
2011-05-18,0.00516403146150618,-0.15413402680703253,0.0,-0.1623,4.386258690805395,-0.03225624382672492
2011-05-19,0.0034157125054190217,-0.1502052563291902,0.0,-0.1552,4.686935409662812,-0.022160664819944716
2011-05-20,-0.0033944998014830245,-0.1743,0.020188763346415978,-0.1743,5.98623007802065,0.02253187073821535
2011-05-23,-0.004572956609485368,-0.17969469264189156,0.0,-0.1827,5.855525712155027,0.026236125126135216
2011-05-24,0.002235508477093706,-0.1770633575280612,0.0,-0.1782,6.813381109751695,-0.012440592675426352
2011-05-25,0.0031164347635888098,-0.17340651268012336,0.0,-0.1707,6.563510218893093,-0.017600675865953312
2011-05-26,0.004819593781730902,-0.16777829566788213,0.0,-0.1609,5.608792727691505,-0.027793614595210906
2011-05-27,0.003106552493048688,-0.1641617660313056,0.0,-0.1598,5.804604332635201,-0.01851581863245364
2011-05-31,0.004897456319350724,-0.1584881210619182,0.0,-0.1545,4.572810255554108,-0.029833111800324934
2011-06-01,-0.011222944569069098,-0.17163734200630645,0.0,-0.183,2.1184257317681023,0.07081252837040394
2011-06-02,0.0015934821455079694,-0.16977332909210677,0.0,-0.1809,2.8657673076506924,-0.0092840061893374
2011-06-03,-0.001127982254358058,-0.17109430268371384,0.0,-0.1795,2.4490254694960996,0.006644048628781357
2011-06-06,-0.0020097778528082697,-0.1734526818951051,0.0,-0.18489999999999998,2.7075065600714385,0.01174660886589286
2011-06-07,0.0020535422140664744,-0.1710478856272762,0.0,-0.1807,2.9298686171947192,-0.011839207048458016
2011-06-08,-0.0023746756299774475,-0.17383536385943893,0.0,-0.18789999999999998,3.6491943829662983,0.013883104262112955
2011-06-09,0.005435321999428119,-0.16748968150942542,0.0,-0.1777,2.0113202949406546,-0.03126706717640636
2011-06-10,-0.006398482214966822,-0.17500794897337624,0.0,-0.1886,2.619000716951163,0.038202247191011285
2011-06-13,-0.003946304007366158,-0.17966325881899628,0.0,-0.1961,3.7172920065442376,0.02254928436402912
2011-06-14,0.007724904032576213,-0.17062032911797714,0.0,-0.1826,1.7451577068164816,-0.042996570825639714
2011-06-15,-0.015502980327954531,-0.2132,0.024160376817336987,-0.2132,6.142886292647864,0.09079164376030786
2011-06-16,-0.01028944757818851,0.0,0.22567319933644536,0.0,7.307422095830244,0.0477326968973747
2011-06-17,-0.00010925000000000001,-0.21850000000000003,0.21850000000000003,-0.21850000000000003,6.605488932748866,-0.0223845205349521
2011-06-20,0.010037701104865286,-0.2063906116247947,0.0,-0.1999,5.165851375016125,-0.0459391354913743
2011-06-21,0.004836298568201211,-0.2005842278426742,0.0,-0.1886,2.410836588365072,-0.02343274497869749
2011-06-22,-0.0034110134141641124,-0.20469345337208206,0.0,-0.1852,1.8860850862645364,0.017005391953546313
2011-06-23,0.004188048058610388,-0.19966918118683782,0.0,-0.1929,3.0433469545672374,-0.020460097719869685
2011-06-24,-0.010809719205510193,-0.2127789814344893,0.0,-0.21100000000000002,5.358618754486276,0.05413814561294334
2011-06-27,0.004810218766456902,-0.20697317641070842,0.0,-0.20559999999999998,4.177834319660686,-0.022606644387654796
2011-06-28,0.009982629087333215,-0.19504350040295734,0.0,-0.1917,2.711865866727237,-0.04823151125401935
2011-06-29,0.009314221556244952,-0.1840153193921507,0.0,-0.1727,4.152187787935198,-0.047754585705249805
2011-06-30,0.006994615455348058,-0.1757911127029776,0.0,-0.16519999999999999,3.0743987243256043,-0.038011049723756955
2011-07-01,0.007473186984393804,-0.1670693849653699,0.0,-0.15869999999999998,1.44063391544133,-0.0425117451587029
2011-07-05,-0.0007180632591634912,-0.16790801680231815,0.0,-0.1606,1.3032965137439696,0.004297994269341036
2011-07-06,-0.0026077000831184003,-0.17096153329000693,0.0,-0.1634,2.4014799491958634,0.015530527563722604
2011-07-07,0.0047776860723802595,-0.16539364828774217,0.0,-0.1595,2.72754043314778,-0.02794597112249651
2011-07-08,-0.0036161335288717785,-0.16962316181934212,0.0,-0.1595,1.872457180971134,0.0218637992831541
2011-07-11,-0.01408251996447897,-0.18632967312558701,0.0,-0.1839,2.0264585797244976,0.08302238805970154
2011-07-12,-0.004826986050012509,-0.19208384521689423,0.0,-0.19870000000000002,3.262135921361576,0.02590562184241637
2011-07-13,-0.001085901135020129,-0.19337973762849503,0.0,-0.1991,4.308551338270309,0.005653266331658283
2011-07-14,-0.006097831252100514,-0.2007014122243982,0.0,-0.20800000000000002,5.157842566284611,0.03153293787074609
2011-07-15,0.004454631829032239,-0.19537645024147693,0.0,-0.1953,4.412378404458037,-0.022195318805488272
2011-07-18,-0.007981953398908998,-0.20499466147530696,0.0,-0.2095,7.940412698505375,0.040854224698235866
2011-07-19,0.012723245893668663,-0.1898558331323481,0.0,-0.19210000000000002,3.1393196419061127,-0.06206623041840174
2011-07-20,0.0037490011399946106,-0.18541172323059363,0.0,-0.1909,3.0554042488246296,-0.019746568109820412
2011-07-21,0.009582001200547474,-0.17416091196253272,0.0,-0.17559999999999998,0.7569363698329745,-0.05167958656330749
2011-07-22,0.0009683478967268704,-0.1730250156558144,0.0,-0.1752,1.1102474014193007,-0.0055600759425007565
2011-07-25,-0.009677749993238616,-0.1844881962894458,0.0,-0.1935,5.904229906066501,0.0559326635894652
2011-07-26,-0.0029813406095254543,-0.1880301187277482,0.0,-0.2023,6.851072695721916,0.016160061562139144
2011-07-27,-0.014588450274076022,0.0,0.20549252665605658,0.0,5.739274216590232,0.07703927492447141
2011-07-28,0.0,0.0,0.0,0.0,6.774758762667258,0.00116754232340924
2011-07-29,-0.0,0.0,0.0,0.0,8.412283668737555,-0.01654625961314376
2011-08-01,-0.0,0.0,0.0,0.0,7.131633994718488,-0.020616113744075893
2011-08-02,0.0,0.0,0.0,0.0,7.427716257288921,0.0735721200387222
2011-08-03,-0.0,0.0,0.0,0.0,5.290433233873575,-0.01048951048951048
2011-08-04,0.0,0.0,0.0,0.0,6.82739711870385,0.21664766248574677
2011-08-05,0.0,0.0,0.0,0.0,7.430194784428831,0.03496569226431056
2011-08-08,0.0,0.0,0.0,0.0,11.822110501829172,0.195763330898466
2011-08-09,-0.0001753,0.3506,0.3506,0.3506,-13.137270123962956,-0.16153905466882562
2011-08-10,0.05198706019618908,0.4299,0.047194126745499276,0.4299,-7.754221553773313,0.14834756776828817
2011-08-11,-0.014609470776757772,0.39,0.03145689093881865,0.39,-19.83471580028357,-0.033946830265848715
2011-08-12,0.0017255500291133308,0.3636,0.027459118445790798,0.3636,-23.054143165367663,0.00445969125214417
2011-08-15,-0.01777397987628695,0.3187,0.033394967372037954,0.3187,-29.381534583511733,-0.04883741032068464
2011-08-16,0.003919401615271648,0.3213598632481732,0.0,0.3285,-27.457741760121557,0.0122980910425844
2011-08-17,0.011226210550918294,0.32889384227679175,0.0,0.31579999999999997,-28.56366989893794,0.03493345571363013
2011-08-18,0.06410267693308533,0.4267,0.05736101100393409,0.4267,-16.76675897133648,0.1949910554561717
2011-08-19,0.024718029809619277,0.4405290203525428,0.0,0.4305,-16.66015364368372,0.05792835671342694
2011-08-22,0.013766125395426187,0.4244,0.023732644209795928,0.4244,-7.238922377369377,0.03127601379474376
2011-08-23,-0.02354434862574713,0.3627,0.04783554197365253,0.3627,-10.283319834753343,-0.05542043085476038
2011-08-24,-0.0072272324723247254,0.3580605543934462,0.0,0.359,-4.069613613235191,-0.019926199261992624
2011-08-25,0.010766117578236855,0.0,0.3650127905774124,0.0,5.457679726330383,0.030577576443941185
2011-08-26,-0.0,0.0,0.0,0.0,0.5985849474147642,-0.022058823529411766
2011-08-29,-0.00016140000000000002,0.32280000000000003,0.32280000000000003,0.32280000000000003,-4.1642586946598215,-0.0616981132075472
2011-08-30,0.008850967741935499,0.3287412891958211,0.0,0.3289,-3.1779187726007123,0.027419354838709723
2011-08-31,-0.007096617651943876,-0.15810000000000002,0.48220770020602555,-0.15810000000000002,-4.459536472596891,-0.02085382648042499
2011-09-01,-0.0026248072432858306,-0.3182,0.15714367728431589,-0.3182,4.632426624960523,0.016105220775734803
2011-09-02,-0.01928963281392659,0.0,0.3438921083666444,0.0,4.358963185316483,0.06008072520346721
2011-09-06,0.0,0.0,0.0,0.0,6.866877635304171,0.030803906836964753
2011-09-07,-0.0,0.0,0.0,0.0,4.446950625936051,-0.0524807997074242
2011-09-08,0.0,0.0,0.0,0.0,5.3072419869928105,0.027093278286672746
2011-09-09,0.0,0.0,0.0,0.0,7.350436820877437,0.09015309015309007
2011-09-12,0.0,0.0,0.0,0.0,8.230836461464826,0.006967022758941014
2011-09-13,-0.0,0.0,0.0,0.0,10.585889211978788,-0.0016783378667746356
2011-09-14,-0.00017300000000000003,-0.34600000000000003,0.34600000000000003,-0.34600000000000003,7.043496291833726,-0.036636427076064154
2011-09-15,0.017663098046331607,-0.32263811332453374,0.0,-0.3197,2.894203797485517,-0.05104941631887747
2011-09-16,0.007656377784940429,-0.3125884403490755,0.0,-0.3098,2.3174789317995383,-0.023730543505996352
2011-09-19,-0.012748705018158382,-0.32953833235865015,0.0,-0.3273,7.239931968278867,0.04078431372549022
2011-09-20,0.0015325437779374021,-0.3275038745555123,0.0,-0.3286,7.862454711909411,-0.0046505781799899126
2011-09-21,-0.026925277868745174,0.0,0.3639812160341508,0.0,11.6488622112299,0.08165792632842603
2011-09-22,0.0,0.0,0.0,0.0,11.723158306397867,0.07832167832167825
2011-09-23,0.0,0.0,0.0,0.0,13.857814182654383,0.013798489976568708
2011-09-26,-0.0,0.0,0.0,0.0,8.98093166949052,-0.04022692109334711
2011-09-27,-0.0,0.0,0.0,0.0,7.488270093708596,-0.01881067961165051
2011-09-28,0.0,0.0,0.0,0.0,10.203600738620949,0.06922228350799786
2011-09-29,-0.0,0.0,0.0,0.0,9.348729282374151,-0.02137305699481868
2011-09-30,0.0,0.0,0.0,0.0,12.278273075332272,0.08561552778516349
2011-10-03,0.0,0.0,0.0,0.0,12.909874119050471,0.07054912583107605
2011-10-04,-0.0,0.0,0.0,0.0,4.878464357731552,-0.08161849710982655
2011-10-05,-0.00018905000000000001,-0.37810000000000005,0.37810000000000005,-0.37810000000000005,2.3906434649582096,-0.05311355311355308
2011-10-06,0.005058193979933111,-0.37116438456449724,0.0,-0.3627,4.1757786040262275,-0.013377926421404682
2011-10-07,-0.0007316815411848863,-0.3721683748357622,0.0,-0.36200000000000004,3.7684972913446586,0.0019713139827340896
2011-10-10,0.027055036451058015,-0.16510000000000002,0.17081115556253745,-0.16510000000000002,-1.5167294466064192,-0.07292517006802728
2011-10-11,0.0008129418681560967,-0.16415361078882465,0.0,-0.1643,-1.3822830394055217,-0.004923936209304037
2011-10-12,0.010247459135042014,-0.15234500246657848,0.0,-0.1563,-0.6815448456229305,-0.062426035502958596
2011-10-13,0.0010830213445491344,-0.15109833839642012,0.0,-0.1535,-1.3712067814434157,-0.007109004739336482
2011-10-14,0.009318471429122168,-0.2824,0.1420093325153215,-0.2824,0.08734393131961227,-0.06214149139579346
2011-10-17,-0.035792111526691615,-0.33000363856232845,0.0,-0.33390000000000003,8.438924688463747,0.12674260455627342
2011-10-18,0.019555771174063936,-0.30449326673985666,0.0,-0.3156,6.924300729660494,-0.059259259259259345
2011-10-19,-0.027205391693714068,0.0,0.3407402071879243,0.0,8.458512420638364,0.08878692747323517
2011-10-20,0.0,0.0,0.0,0.0,9.713988651391706,0.007385524372230428
2011-10-21,-0.00015659999999999998,-0.3132,0.3132,-0.3132,6.139964251849701,-0.07219074251232614
2011-10-24,0.0177320610687023,-0.29031996753745976,0.0,-0.2926,8.433036558537623,-0.05661577608142497
2011-10-25,-0.02414023029076462,-0.3222391245024068,0.0,-0.3222,8.056149334763756,0.0831504305250717
2011-10-26,0.017437400231128043,-0.29957786513650664,0.0,-0.2986,5.591477473149567,-0.05411323115420704
2011-10-27,0.04039578999133701,-0.1273,0.12174564657302825,-0.1273,-3.3090295564774195,-0.13504556752278377
2011-10-28,0.00019524539877300377,-0.12707994282711366,0.0,-0.12265000000000001,-3.7958739550438096,-0.001533742331288325
2011-10-31,-0.01636202633713377,-0.29960000000000003,0.15386159783177167,-0.29960000000000003,0.3589527816419107,0.12814843299365503
2011-11-01,-0.037253522359404094,0.0,0.3496430094064189,0.0,2.4842861729773063,0.12376068376068386
2011-11-02,-0.00016370000000000002,-0.3274,0.3274,-0.3274,0.18151626915477692,-0.032686726745074106
2011-11-03,0.014969298260713138,-0.1525,0.15522281296360654,-0.1525,-3.0075358958700917,-0.04595879556259908
2011-11-04,-0.002705522238880562,-0.15562657339415922,0.0,-0.1508,-2.5438726484586844,0.017741129435282374
2011-11-07,0.0009193561933360229,-0.15456511680341628,0.0,-0.14925,-2.4298909117459786,-0.005907449950771242
2011-11-08,0.008591923111249544,-0.14472968734656985,0.0,-0.1374,-3.157241993984158,-0.055587724377533294
2011-11-09,-0.029886545118720652,0.3616,0.5412665890292212,0.3616,-0.38122171527071913,0.20462914255654924
2011-11-10,-0.023730186555726118,-0.3281,0.6744081991714961,-0.3281,1.3054665389266447,-0.06469298245614041
2011-11-11,0.014839123840475903,-0.1502,0.15837822058475715,-0.1502,-3.3657648591726073,-0.04546879899655069
2011-11-14,-0.002830464121132329,-0.15346484084700507,0.0,-0.15564999999999998,-0.22560479646545772,0.0188446346280448
2011-11-15,0.0001689347592318144,-0.3122,0.15902166122556774,-0.3122,4.02830873452973,-0.0016189088554314738
2011-11-16,-0.019462081742097986,-0.3382450342474812,0.0,-0.33509999999999995,5.79464228694205,0.06233850654099291
2011-11-17,-0.011395697937893716,-0.35367106076320687,0.0,-0.34509999999999996,7.730143424317596,0.03369065849923435
2011-11-18,0.014436443595094509,-0.33440696981063467,0.0,-0.32,5.253544949239036,-0.04081884326057463
2011-11-21,-0.006180005602249936,-0.34270489357509715,0.0,-0.32909999999999995,5.525557796016695,0.018480492813141725
2011-11-22,0.00653079136812926,-0.33399286449053633,0.0,-0.3197,6.449712024210335,-0.019056603773585052
2011-11-23,-0.013164807046721965,-0.35178890458732814,0.0,-0.3398,12.595109331246345,0.039416432045047446
2011-11-25,-0.008582326253374866,-0.363490827714256,0.0,-0.3447,14.579391985477159,0.024396239169175923
2011-11-28,0.024563722361711043,-0.3308013918073224,0.0,-0.32130000000000003,8.346385169288371,-0.06757728253055355
2011-11-29,0.006171509489417275,-0.322638714430146,0.0,-0.3064,6.626314570744089,-0.018656237979228076
2011-11-30,0.027850038508977645,-0.139,0.14770879581350355,-0.139,-5.280409649233608,-0.08654848800834207
2011-12-01,0.0026679462571977054,-0.13596929497119012,0.0,-0.13705,-4.5726778697357915,-0.019193857965451117
2011-12-02,0.0007661902187366528,-0.13509959276592093,0.0,-0.1376,-3.118400343487888,-0.005635023840485436
2011-12-05,0.0004305651225337172,-0.13461106881204973,0.0,-0.1392,-3.0075460610832714,-0.0031870201361726674
2011-12-06,-0.001287584136463086,-0.13607385949138123,0.0,-0.14065,-0.1713497285829355,0.00956521739130436
2011-12-07,-0.002791540626274582,-0.2867,0.1475301324839581,-0.2867,0.8272818332973237,0.019972796907437935
2011-12-08,-0.014648026315789464,-0.30582779997796666,0.0,-0.3059,2.783953517028742,0.05109182530795069
2011-12-09,0.026253274902959055,-0.1319,0.14043548616461496,-0.1319,-1.4797896942424664,-0.08607292289300658
2011-12-12,-0.0022925840092699935,-0.13450093871058968,0.0,-0.12835000000000002,-1.6693580826988388,0.017381228273464697
2011-12-13,0.001316578914885906,-0.13300924263137037,0.0,-0.12705,-2.724784050505413,-0.009788622499645407
2011-12-14,-0.0007465746976628769,-0.26039999999999996,0.12661608061987423,-0.26039999999999996,7.336730616683372,0.0051369863013699365
2011-12-15,0.009773282442748108,-0.24820097928414128,0.0,-0.2511,6.176121208110931,-0.03753180661577615
2011-12-16,0.0007263710251218443,-0.24729498035063469,0.0,-0.2429,5.273369906925023,-0.0029265437518290064
2011-12-19,0.0043375572085180385,-0.2419081327769907,0.0,-0.2492,6.926990644218602,-0.017540013155009866
2011-12-20,0.015395113778277215,-0.1161,0.10691430946513257,-0.1161,-1.759497925353294,-0.06386131278707959
2011-12-21,0.009083063829787238,-0.10605364415100761,0.0,-0.10715,-3.468547942253153,-0.07823483057525614
2011-12-22,-0.0025972321016573354,-0.10893380262178987,0.0,-0.1058,-1.2675120374462736,0.024489795918367405
2011-12-23,-0.0025475632044384814,-0.11176609702250659,0.0,-0.10365,-0.5112793481718931,0.023386342376052298
2011-12-27,0.0010039915937108028,-0.2191,0.10850918147368147,-0.2191,2.5034899384850924,-0.009468400638831847
2011-12-28,-0.010176638307656935,-0.23163389265298095,0.0,-0.2352,3.3865359444780196,0.046447459186019786
2011-12-29,0.006076893561367998,-0.22419459241646383,0.0,-0.22649999999999998,3.5180831135232893,-0.026234906695938535
2011-12-30,-0.006057266934588683,-0.23165505586115054,0.0,-0.23399999999999999,3.7186184417593324,0.027017899358324864
2012-01-03,0.014713089399854051,-0.21379636148145628,0.0,-0.2297,2.364580921253083,-0.06351292159439328
2012-01-04,0.004738836757055152,-0.2080715078150712,0.0,-0.22219999999999998,3.3552143393378167,-0.022165188987400875
2012-01-05,0.003590001027270986,-0.20375004392081797,0.0,-0.2148,8.29721941940434,-0.01725368871965733
2012-01-06,0.004969513266361411,-0.1977975729914216,0.0,-0.20629999999999998,7.125809342020377,-0.02439024390243901
2012-01-09,0.0019030727387851075,-0.19552240689026196,0.0,-0.2107,7.98813869462948,-0.009621314913038104
2012-01-10,0.004126481585517633,-0.19060937921140156,0.0,-0.2069,7.646385104665791,-0.021104903786468034
2012-01-11,-0.004336959709019371,-0.19579549609820632,0.0,-0.21050000000000002,7.998370031917741,0.02275312855517631
2012-01-12,0.00395692684659344,-0.19108246989656574,0.0,-0.2047,10.556671282344178,-0.02020948860135547
2012-01-13,-0.0028487614529806335,-0.1944852734998652,0.0,-0.2091,10.845016254513272,0.014908544224505197
2012-01-17,0.0011574297338480387,-0.222,0.028912888795198766,-0.222,12.927636730555308,-0.006025577963600676
2012-01-18,0.005915986688031553,-0.21481318139044886,0.0,-0.2089,13.358796533844258,-0.026648588684826818
2012-01-19,0.0060184727544737695,-0.20754560109050102,0.0,-0.19870000000000002,12.244059036143497,-0.028017241379310283
2012-01-20,0.006324675488680382,-0.1999562671004822,0.0,-0.18280000000000002,10.645268652403576,-0.030473666777078467
2012-01-23,0.00485044674217901,-0.19416403803257976,0.0,-0.1867,11.035407558978804,-0.024257537973248713
2012-01-24,0.0010996345196019996,-0.1928523364266571,0.0,-0.1891,10.992706551608943,-0.005663430420712029
2012-01-25,0.005622256915723909,-0.1861833091136765,0.0,-0.18309999999999998,10.455870784207189,-0.029153169828782896
2012-01-26,0.00022085801792844502,-0.18592138886631254,0.0,-0.1857,9.82673152730052,-0.0011862396204033383
2012-01-27,0.003384384620025091,-0.18192131255402486,0.0,-0.18530000000000002,9.69996832670927,-0.018203309692671484
2012-01-30,-0.004184604290208799,-0.18688796904127217,0.0,-0.19399999999999998,10.920815292991744,0.023002276266922295
2012-01-31,-0.0017433579201611147,-0.18896075318710162,0.0,-0.19440000000000002,10.961345653399892,0.00932835820895519
2012-02-01,0.007760150568019686,-0.17980528652273958,0.0,-0.1855,10.742447034727476,-0.04106752559530648
2012-02-02,0.006007813869494887,-0.17275956534050413,0.0,-0.17980000000000002,10.484781613452492,-0.03341288782816234
2012-02-03,0.00831553899969028,-0.1630878628568516,0.0,-0.171,7.151914806337519,-0.04813359528487231
2012-02-06,0.0012538790071003455,-0.16163131773355519,0.0,-0.1776,8.011573408003335,-0.007688364941055869
2012-02-07,-0.0019513670520105437,-0.16390251876041637,0.0,-0.1765,8.076266944546216,0.012072951451322813
2012-02-08,-0.00546341729201389,-0.17029633599929542,0.0,-0.1816,9.141965860604227,0.0333333333333334
2012-02-09,-0.007561820272474793,-0.17921333530376807,0.0,-0.1863,10.495395240601127,0.04440389294403891
2012-02-10,-0.013549060136602141,-0.19541001751903003,0.0,-0.2079,11.291579315723062,0.07560296846011137
2012-02-13,0.014920159198456883,-0.17783650929065867,0.0,-0.19039999999999999,9.68831109850816,-0.07635309278350523
2012-02-14,-0.004520918886520102,-0.1831855953951391,0.0,-0.1954,10.089574732643616,0.025421770279639506
2012-02-15,-0.014298613517568387,-0.20034892069843638,0.0,-0.2114,11.608300251800392,0.07805533773944219
2012-02-16,0.011979626186092066,-0.18613941391514263,0.0,-0.19219999999999998,8.563925864428764,-0.05979381443298966
2012-02-17,0.0015086429139830276,-0.1843526486840484,0.0,-0.1778,9.236668067769301,-0.008104908478280633
2012-02-21,0.00013485928945432144,-0.18419294926433383,0.0,-0.1819,9.703695417215126,-0.0007315288953914037
2012-02-22,0.005888135263368047,-0.17726107680381464,0.0,-0.1819,9.411607749211187,-0.03196721311475409
2012-02-23,0.011879345843460438,-0.16344016867198619,0.0,-0.168,7.898773717708044,-0.06701609883938602
2012-02-24,-0.0074305799515878,-0.1721499223855192,0.0,-0.17309999999999998,8.390932694253566,0.045463609172482516
2012-02-27,-0.0025460170546208844,-0.17514185358634887,0.0,-0.1819,10.65174231352136,0.01478953356086467
2012-02-28,0.00501149116542135,-0.16928200713769218,0.0,-0.1796,11.004265935960499,-0.028613898179115548
2012-02-29,-0.0006436578218163109,-0.17003510938764924,0.0,-0.1843,11.048903120906257,0.0038022813688212385
2012-03-01,0.0065804547983355725,-0.16238608032783744,0.0,-0.1726,10.49718046481227,-0.03870056497175138
2012-03-02,-0.0028133854680119637,-0.16566554683787332,0.0,-0.1729,12.101064785936316,0.017325287132567556
2012-03-05,0.0011970509183949797,-0.1642718541456069,0.0,-0.1805,12.406712749234856,-0.00722570830956457
2012-03-06,-0.01501534367370178,-0.2087,0.026695722635145303,-0.2087,11.517263498641789,0.0913242009132421
2012-03-07,0.01372264052741153,-0.19233797458755308,0.0,-0.1907,8.949490268265535,-0.06575294934073565
2012-03-08,0.0068514634727570535,-0.18422430501817,0.0,-0.1795,6.789674775863604,-0.03562200073827978
2012-03-09,0.004675210478077307,-0.1787135709804702,0.0,-0.1711,5.840018637312793,-0.02537781579697745
2012-03-12,0.009136402544315287,-0.16804187026511322,0.0,-0.1564,4.388689657230609,-0.05112316034082109
2012-03-13,0.006122983127068903,-0.1609334940692779,0.0,-0.14800000000000002,0.44653843284692485,-0.03643724696356276
2012-03-14,-0.008247841571050503,-0.17058832108652153,0.0,-0.1531,1.2082079003884356,0.05125000000000006
2012-03-15,0.0034861830208289027,-0.1665216132449969,0.0,-0.1542,1.2780997107307819,-0.020436235016702747
2012-03-16,0.0021841070099701434,-0.16397935777023037,0.0,-0.1447,0.6155029353301789,-0.013116057233704253
2012-03-19,0.011562332964975915,-0.15067487176841302,0.0,-0.15039999999999998,1.697389705362017,-0.07051090528831794
2012-03-20,0.006268791098834409,-0.14350646859661498,0.0,-0.1558,5.875604239331917,-0.04160475482912326
2012-03-21,0.007601947231956085,-0.13487917697857807,0.0,-0.15130000000000002,5.05955803371001,-0.05297285415979778
2012-03-22,-0.0018629720577151667,-0.1369973713110261,0.0,-0.1557,4.803988472524747,0.013812154696132596
2012-03-23,0.009993974366257312,-0.1482,0.02246583238093644,-0.1482,4.07975105385094,-0.07303211139528282
2012-03-26,0.012417486338797815,-0.13411711620295305,0.0,-0.1426,2.023862781420691,-0.08378870673952642
2012-03-27,-0.01574609820773588,-0.15226072676755206,0.0,-0.1559,6.174006928736485,0.1174055829228244
2012-03-28,-0.0006006779109765865,-0.15295328033543754,0.0,-0.1547,5.595337766982276,0.003945061367621132
2012-03-29,0.003739743110053356,-0.14865759600496747,0.0,-0.1548,5.942928721341463,-0.024450231481481344
2012-03-30,0.0031517511520487863,-0.14504868748503458,0.0,-0.155,5.761625575691017,-0.021201413427561877
2012-04-02,-0.0005852233356389623,-0.14571918909057974,0.0,-0.1564,5.418915992436295,0.004034668260609686
2012-04-03,-0.002739244673549972,-0.14886621474995507,0.0,-0.1566,5.305480630491706,0.018798105387803417
2012-04-04,-0.005332007691795027,-0.15502481595282966,0.0,-0.16440000000000002,4.828114976285876,0.03581744656268045
2012-04-05,-0.004299675938228534,-0.1600124937602953,0.0,-0.16699999999999998,5.747158071566091,0.02773540424351687
2012-04-09,-0.008676023014247665,-0.1701648711125318,0.0,-0.1881,6.558446912767318,0.054220909944973875
2012-04-10,-0.011157666518177449,-0.2039,0.02054379023759975,-0.2039,8.991088150711581,0.06550937658388235
2012-04-11,0.0035030213270142024,-0.19969743430167702,0.0,-0.2002,7.070696611240379,-0.017180094786729782
2012-04-12,0.02177296714048065,-0.17413307347436804,0.0,-0.172,2.0535127474415162,-0.10902977905859756
2012-04-13,-0.015180592510506866,-0.19223185951165842,0.0,-0.1955,3.4674735163990675,0.0871781115879828
2012-04-16,0.0027863111930199655,-0.1889191607464746,0.0,-0.1955,3.818343712222088,-0.01449453384105137
2012-04-17,0.012715036026895488,-0.173991812554563,0.0,-0.18460000000000001,1.038020536724865,-0.06730411026946488
2012-04-18,-0.005377006452123533,-0.1803385002862922,0.0,-0.1864,1.2392667094094598,0.030903790087463627
2012-04-19,0.001316339418148137,-0.1787868167338321,0.0,-0.18359999999999999,1.328291320175012,-0.007299270072992805
2012-04-20,0.006038769447051754,-0.17171112340106703,0.0,-0.1744,0.33831973490766387,-0.03377636873552002
2012-04-23,-0.007542531775900301,-0.18061595677014072,0.0,-0.18969999999999998,2.274762914667644,0.04392570281124508
2012-04-24,0.007218586760946163,-0.17215465668362293,0.0,-0.18100000000000002,3.8369366075489673,-0.03996649515376337
2012-04-25,0.009905724293303697,-0.1606575034554392,0.0,-0.16820000000000002,1.5441667464835156,-0.057539682539682516
2012-04-26,0.0045181639297474764,-0.1554370494554955,0.0,-0.1624,1.9685906126405754,-0.028122956180510163
2012-04-27,8.316589055938887e-05,-0.1553409644952835,0.0,-0.1632,3.9907461886104123,-0.0005350454788657115
2012-04-30,-0.0031630513132523755,-0.15900696299164285,0.0,-0.17149999999999999,4.519960728850162,0.02036199095022622
2012-05-01,0.003713188030422375,-0.15471927320786935,0.0,-0.166,5.792772740498608,-0.023352361183186263
2012-05-02,0.00014308824315696931,-0.1545540700943498,0.0,-0.16879999999999998,6.118032831164362,-0.0009248249438499271
2012-05-03,-0.005490736700720327,-0.16092842239007632,0.0,-0.17559999999999998,6.543653515102031,0.03552631578947372
2012-05-04,-0.00843853187949752,-0.1916,0.020803956467142892,-0.1916,5.158842220111207,0.05237191650853884
2012-05-07,0.005691998083373246,-0.18485580304002253,0.0,-0.1894,5.620763292159417,-0.02970771442261611
2012-05-08,-0.0015234119069718844,-0.1866635804680775,0.0,-0.1905,5.735247709773596,0.008241082410824049
2012-05-09,-0.00798754927361577,-0.19621843415288115,0.0,-0.20079999999999998,9.212012452490884,0.042791150012156616
2012-05-10,0.009463178404816459,-0.18500452492301983,0.0,-0.1883,8.920420054130512,-0.04822777454968039
2012-05-11,-0.0067519899606941535,-0.19306005443305707,0.0,-0.1989,10.317887366952492,0.0364963503649635
2012-05-14,-0.013254532392070688,-0.20908592296377712,0.0,-0.2187,11.557469508471826,0.06865497076023384
2012-05-15,-0.007305906895436623,-0.21798440361669458,0.0,-0.21969999999999998,13.440161736227823,0.03494212710198729
2012-05-16,-0.004172366670759717,-0.22308757344355085,0.0,-0.2227,13.795856730839043,0.019140666036348356
2012-05-17,-0.01645728000813081,-0.2435530745971684,0.0,-0.24489999999999998,14.813073389644071,0.07377049180327873
2012-05-18,-0.018364203701947628,-0.2668171630322154,0.0,-0.251,16.992830527646134,0.07540123947242969
2012-05-21,0.036077686445171724,-0.22270480255078268,0.0,-0.22010000000000002,8.202434923612909,-0.13521501403871727
2012-05-22,-0.0063190779864869245,-0.23048030354974963,0.0,-0.2248,8.400866006191757,0.028374233128834324
2012-05-23,0.0013714530459158524,-0.22879506880982398,0.0,-0.22329999999999997,8.228674774617875,-0.005950413223140439
2012-05-24,0.004629405157110634,-0.22313269201756722,0.0,-0.21539999999999998,7.447470741181759,-0.020233850236338037
2012-05-25,-0.0022595715647348662,-0.2259027069152444,0.0,-0.21760000000000002,7.664915058421936,0.01012658227848105
2012-05-29,0.013345972769178266,-0.20975731868278974,0.0,-0.21030000000000001,6.064064348718468,-0.05907841013248899
2012-05-30,-0.022220054945210763,-0.23724906079455516,0.0,-0.2414,7.700989956307875,0.10593220338983045
2012-05-31,-0.0032321215261208653,-0.2412609670858068,0.0,-0.24059999999999998,7.675051086273328,0.013623326959847094
2012-06-01,-0.01608406447238711,-0.2615518483499262,0.0,-0.2666,7.277456314302949,0.06666666666666662
2012-06-04,0.006947590923295662,-0.25284757590330736,0.0,-0.2612,7.079685504377569,-0.026562958614616966
2012-06-05,0.011181887382005451,-0.23899329244018108,0.0,-0.2468,7.745275124223433,-0.04422382671480137
2012-06-06,0.018098448340639953,-0.21696805889407775,0.0,-0.2216,1.1737912539788091,-0.07572785058463476
2012-06-07,0.002312857480596756,-0.21415988013267243,0.0,-0.21719999999999998,0.7331182703608903,-0.010659898477157306
2012-06-08,0.012322472612506276,-0.10615000000000001,0.09317535254123131,-0.10615000000000001,-0.13262866969253295,-0.057756197291081016
2012-06-11,-0.01221775120840392,-0.23559999999999998,0.11583382891159623,-0.23559999999999998,1.2270994189525801,0.1145533141210374
2012-06-12,0.008350761231266119,-0.11044999999999999,0.1148474722135738,-0.11044999999999999,-0.14712211197520375,-0.03568839120277125
2012-06-13,-0.005690305565411545,-0.2427,0.12596577617774268,-0.2427,3.1181361828841716,0.050949050949050924
2012-06-14,0.01579664673036479,-0.1084,0.11490559140310178,-0.1084,-0.01470596825841497,-0.06532385466034751
2012-06-15,0.006297997554394545,-0.21109999999999998,0.10969704345074083,-0.21109999999999998,5.118189914971879,-0.0586055911081173
2012-06-18,0.01743648757016839,-0.19034457167182675,0.0,-0.1832,2.5198372727295535,-0.08259823576583794
2012-06-19,-0.00040451898925618275,-0.19082628351641454,0.0,-0.1838,2.463353374699132,0.0021251931993816683
2012-06-20,0.01243303680020764,-0.1762025143707463,0.0,-0.1724,4.1314124917406705,-0.06515369146796894
2012-06-21,-0.024987153627147415,-0.2063456586714112,0.0,-0.20079999999999998,1.672348259665828,0.14180929095354533
2012-06-22,0.01286233287635501,-0.09054999999999999,0.10041724470061578,-0.09054999999999999,-0.27113929881406307,-0.06257723851252668
2012-06-25,-0.0024095302983275797,-0.20379999999999998,0.11067657757348154,-0.20379999999999998,1.2491028276736884,0.025998807394156147
2012-06-26,0.006062808195392982,-0.19654557368967301,0.0,-0.1972,1.3683200835259797,-0.029748813520083326
2012-06-27,0.00044345872225434507,-0.19601519032157622,0.0,-0.1945,0.9408306241659936,-0.002256264101650667
2012-06-28,0.0030884990300639116,-0.19233267202052728,0.0,-0.1971,1.8507665755310292,-0.015756426963629805
2012-06-29,0.014471606980082496,-0.08539999999999999,0.08987178871059277,-0.08539999999999999,-4.299175052583223,-0.07547621900083866
2012-07-02,0.005696999356085003,-0.07925150487169219,0.0,-0.084,-4.591665696862531,-0.06670959433354805
2012-07-03,0.001857202594636062,-0.07725083183174043,0.0,-0.0833,-4.462080377683904,-0.02343428806358774
2012-07-05,-0.0037247474656887125,-0.08127832051578575,0.0,-0.0875,-3.7845214033089682,0.04821627647714606
2012-07-06,0.0017085210156015202,-0.07943408469712411,0.0,-0.0855,-0.9305631133682724,-0.021020624008461074
2012-07-09,-7.149031456336703e-05,-0.17980000000000002,0.10034290250456421,-0.17980000000000002,0.13597167085502448,0.0002683843263552677
2012-07-10,-0.006884018143009607,-0.18797806253599522,0.0,-0.18719999999999998,2.5860078353509586,0.038287086446104596
2012-07-11,0.007425878461214844,-0.1792213084207877,0.0,-0.1795,1.8718083069577673,-0.03950396318077217
2012-07-12,-0.0014705824671901709,-0.1809580045567768,0.0,-0.1833,2.517967941734023,0.008205399682371694
2012-07-13,0.010801011077238734,-0.0837,0.0845898798725501,-0.0837,-0.9371596974942911,-0.05992167101827677
2012-07-16,0.00024520268082909257,-0.1711,0.08771316299992026,-0.1711,4.7090025852446615,-0.0034535156789612027
2012-07-17,0.006627943203749656,-0.1633891229691007,0.0,-0.1648,3.633367476084235,-0.038737248414667774
2012-07-18,-0.0008902388385992769,-0.1644257399875023,0.0,-0.1616,3.1891105469426897,0.005448580801597389
2012-07-19,0.003967377104256081,-0.15982427969527893,0.0,-0.1545,2.681333426427006,-0.024128686327077712
2012-07-20,-0.008254410768811862,-0.16947762842523675,0.0,-0.16269999999999998,3.5798858957579025,0.051646788488893716
2012-07-23,-0.014282710885220035,-0.18642296461643898,0.0,-0.1862,4.8087487184349715,0.08427490411526911
2012-07-24,-0.009170090537853436,-0.1974032609294833,0.0,-0.2047,6.6817973169022125,0.04918970448045759
2012-07-25,0.00670952803848058,-0.189422795334578,0.0,-0.1934,5.5513295127586435,-0.033988942264116744
2012-07-26,0.0165756025866009,-0.17002886190479125,0.0,-0.1753,1.7698233809539978,-0.08750584932147881
2012-07-27,0.004152978844685225,-0.16518985309484646,0.0,-0.16699999999999998,0.49045463260247857,-0.02442514052120582
2012-07-30,-0.00703008866826925,-0.17343923496346567,0.0,-0.18030000000000002,1.962803244526448,0.04255763012412639
2012-07-31,-0.0034584094708567303,-0.17751155206717797,0.0,-0.1893,2.4358456143797405,0.019940179461615082
2012-08-01,0.002040561436329944,-0.17511366044836255,0.0,-0.18960000000000002,2.8422047628895584,-0.011495372625426136
2012-08-02,0.007396745971787423,-0.16648546379290383,0.0,-0.1757,1.145433398449896,-0.04223968565815328
2012-08-03,0.011968776344896665,-0.0782,0.07444678677257956,-0.0782,-2.935854241390672,-0.07211440245148112
2012-08-06,0.0016020376862401326,-0.0764754457675682,0.0,-0.07975,-1.3386536688907498,-0.020486415425065633
2012-08-07,-0.003223632688186761,-0.15990000000000001,0.07998649902035371,-0.15990000000000001,0.03559369408623425,0.041629563668744325
2012-08-08,0.006954493103652645,-0.0766,0.07524615783993333,-0.0766,-0.5641189486845803,-0.04372805617618893
2012-08-09,0.0010216841901454436,-0.1528,0.07734036832483827,-0.1528,0.7322099736961167,-0.013842746400885937
2012-08-10,0.0011613278193807843,-0.15146277424728527,0.0,-0.1474,2.9106293497398674,-0.007600312954062725
2012-08-13,0.0032251403235441277,-0.14776108369446753,0.0,-0.13699999999999998,1.8495578658448348,-0.02129328701109496
2012-08-14,-0.005956208566139999,-0.15463835052868022,0.0,-0.1485,3.9306431259670696,0.04030972443634705
2012-08-15,0.0004039312595437867,-0.1541721443206944,0.0,-0.1463,3.824692014156094,-0.0026121027427078707
2012-08-16,0.0021737937919403746,-0.15166865414993094,0.0,-0.1429,4.6228770925994045,-0.014099783080260291
2012-08-17,0.004891467472857733,-0.1460627256057756,0.0,-0.13449999999999998,9.672942845932972,-0.03225101126052261
2012-08-20,8.192883419663743e-05,-0.14596883771487595,0.0,-0.1402,10.117940910403986,-0.0005609154139555356
2012-08-21,-0.003900737228768537,-0.15045646608220029,0.0,-0.1502,10.876626647506061,0.026723082062131167
2012-08-22,-0.002016226680344392,-0.1527807333533743,0.0,-0.15109999999999998,10.957697713201998,0.013400731340073134
2012-08-23,-0.002412327368737495,-0.15556834249241538,0.0,-0.15960000000000002,9.773628996108457,0.015789473684210565
2012-08-24,0.005860162494971746,-0.1488359769872008,0.0,-0.1518,8.317088053088362,-0.037669376693766944
2012-08-27,-0.0018513489799945322,-0.1509668182321424,0.0,-0.1635,9.506212813025751,0.012438853948287917
2012-08-28,-0.00151091002617855,-0.1527084569970801,0.0,-0.1649,9.603721062739899,0.010008225939128005
2012-08-29,-0.001956216749558065,-0.15496782440037274,0.0,-0.17059999999999997,10.18151608301815,0.012810140237324704
2012-08-30,-0.003197748757468006,-0.1586729694487392,0.0,-0.1783,11.1991933774383,0.020634920634920617
2012-08-31,0.005937263747124773,-0.1747,0.022878872558782543,-0.1747,10.291665014508133,-0.037490337541870665
2012-09-04,0.0031379058009579587,-0.17102543250228178,0.0,-0.17980000000000002,10.814613251514412,-0.01796168174560938
2012-09-05,0.004008948572732991,-0.16634959695028026,0.0,-0.17739999999999997,10.680340981018922,-0.023440657416139
2012-09-06,0.016742164289250742,-0.1471439248962513,0.0,-0.156,2.924360502671002,-0.10064445358563001
2012-09-07,0.008461666383259011,-0.13751862181371902,0.0,-0.1438,2.861730836415701,-0.05750605326876518
2012-09-10,-0.009727300953527362,-0.1486922974944463,0.0,-0.1628,4.250013903845781,0.07073442727417557
2012-09-11,0.0007476394727611827,-0.14783413138963683,0.0,-0.1641,4.3835685986973125,-0.005028098195800003
2012-09-12,0.006361042767172014,-0.14057886047879886,0.0,-0.158,3.847359389051608,-0.04302824190448028
2012-09-13,0.008899583668909835,-0.130517723410125,0.0,-0.1405,0.4603609461910594,-0.06330669944683474
2012-09-14,-0.0072000963787534405,-0.1387165926251115,0.0,-0.1451,2.3201278446699565,0.055165660192590275
2012-09-17,0.004376928041888235,-0.13375423193474686,0.0,-0.1459,1.7364726856595016,-0.03155302447283362
2012-09-18,0.004902983379500922,-0.1282225753991869,0.0,-0.1418,1.3371463707623974,-0.03665665981987683
2012-09-19,0.0016174099308828287,-0.12640072368254915,0.0,-0.1388,1.1640776063451845,-0.01261408083441978
2012-09-20,-0.002756402074074264,-0.12951411874214616,0.0,-0.1407,5.074338950804838,0.021806853582554384
2012-09-21,0.002671609305161805,-0.12650453873415698,0.0,-0.1398,4.972768418984206,-0.020627938722887797
2012-09-24,0.0012856944189181341,-0.125058057868197,0.0,-0.14150000000000001,5.8746999727411335,-0.010163227594702805
2012-09-25,-0.009095835220992339,-0.13538533579491863,0.0,-0.1543,5.027626333422656,0.07273290003095007
2012-09-26,-0.004607029735010947,-0.1681,0.027475442534595634,-0.1681,6.080332999943254,0.033927544565842474
2012-09-27,0.014212196812196798,-0.15173136713548993,0.0,-0.1484,6.275842874253316,-0.08454608454608446
2012-09-28,-0.002742959333573167,-0.15489920869932802,0.0,-0.1573,7.513046366346124,0.01807773425730631
2012-10-01,-0.00406008822684147,-0.15960731671367645,0.0,-0.1632,7.895811084977575,0.026211161831836284
2012-10-02,0.0031939714608225636,-0.15591535605530926,0.0,-0.15710000000000002,7.217321050416704,-0.020011435105774685
2012-10-03,0.0015176999645075938,-0.15416368187628965,0.0,-0.1543,6.588969217246621,-0.009734127560656735
2012-10-04,0.004507709996382738,-0.1489843934402911,0.0,-0.14550000000000002,4.888149023483519,-0.029239766081871343
2012-10-05,0.0009378513975557852,-0.1479078264809607,0.0,-0.1433,4.67310809838464,-0.006294964028776951
2012-10-08,-0.00133250294126991,-0.14943945793947677,0.0,-0.15109999999999998,5.311540790590749,0.009009009009008967
2012-10-09,-0.006221109286073042,-0.1566350107454223,0.0,-0.1637,6.796504230595524,0.04162962962962969
2012-10-10,-0.0007545466655347518,-0.1575084048526323,0.0,-0.1629,6.583249620084203,0.004817228676678873
2012-10-11,0.005198662238815802,-0.15152203075418602,0.0,-0.1559,7.386229363220009,-0.03300561797752802
2012-10-12,-0.003945886217556921,-0.15608380591026808,0.0,-0.16140000000000002,8.082905756102962,0.026041666666666623
2012-10-15,0.007586036921611577,-0.1473797408331983,0.0,-0.1527,6.113477313883468,-0.048602331788172554
2012-10-16,0.0032934020297921292,-0.1436133622646186,0.0,-0.1522,4.6914172157683005,-0.02234636871508372
2012-10-17,0.002254783575330646,-0.14104056274495524,0.0,-0.1507,4.498826165654723,-0.015700374531835242
2012-10-18,-0.0021434735979476483,-0.143491606813635,0.0,-0.1503,4.986905225691945,0.015197568389057751
2012-10-19,-0.007696368001822256,-0.1523605980470047,0.0,-0.17059999999999997,4.061560336388844,0.053636363636363746
2012-10-22,0.0022676054567881375,-0.1497534109384,0.0,-0.16620000000000001,3.617839163355873,-0.014883148831488308
2012-10-23,-0.015334712745915276,-0.1883,0.02065311730076086,-0.1883,4.981780655408487,0.10233079895300998
2012-10-24,0.004149920886075939,-0.18338902915157076,0.0,-0.1833,4.689529221776656,-0.022038878842676256
2012-10-25,0.0038541343308990624,-0.17884559985434284,0.0,-0.1812,4.327507305699161,-0.0210161662817552
2012-10-26,0.0003581125085422699,-0.17842359162582033,0.0,-0.17809999999999998,4.058195329576739,-0.0020023557126030906
2012-10-31,-0.006475897504213134,-0.1861046839885976,0.0,-0.18600000000000003,5.838504652613823,0.03629507423992458
2012-11-01,0.018409674020905008,-0.164663606646229,0.0,-0.16690000000000002,3.838679196751908,-0.09892106757524138
2012-11-02,-0.00782535118333854,-0.17384939036216074,0.0,-0.1759,4.838861556793432,0.04752325873774216
2012-11-05,-0.0028738878617606744,-0.17723262491336794,0.0,-0.18420000000000003,5.397916315887956,0.016530905606133156
2012-11-06,0.008922084622785391,-0.166822139049033,0.0,-0.17579999999999998,6.197814813565373,-0.05034109621265579
2012-11-07,-0.015085090275959497,-0.18469334510933574,0.0,-0.19079999999999997,3.103010816559774,0.09042618900555896
2012-11-08,0.0025489353058075767,-0.1816813158830682,0.0,-0.18489999999999998,2.857032399347803,-0.013800904977375577
2012-11-09,-0.0021217648523097136,-0.18419389687177043,0.0,-0.1861,2.8972416899819393,0.011678497824593594
2012-11-12,0.01279124283831739,-0.16923789107131512,0.0,-0.1668,1.1169302217555046,-0.06944444444444445
2012-11-13,0.001412704389537976,-0.16758843376576046,0.0,-0.16649999999999998,1.1047244881943499,-0.008347447374788408
2012-11-14,-0.007745512628434572,-0.17670259860315296,0.0,-0.17920000000000003,1.5296522572727902,0.046217465336901055
2012-11-15,-0.0015160570778705177,-0.17848925558026976,0.0,-0.17989999999999998,3.555492542695669,0.008579710144927468
2012-11-16,0.009516970971772206,-0.16737934028572396,0.0,-0.1641,1.3450289845253938,-0.053319573443412434
2012-11-19,0.014710861883679788,-0.0762,0.07421308443966597,-0.0762,-3.963290405213959,-0.08811104405552193
2012-11-20,0.0008844104457926789,-0.0752490385185057,0.0,-0.0754,-3.424281251300103,-0.011606436296491848
2012-11-21,-0.00023897488808541763,-0.1531,0.07763569973244229,-0.1531,0.526726042137545,0.0026599281819391306
2012-11-23,0.003257446808510619,-0.14935603385567442,0.0,-0.1514,0.5165902872754238,-0.021276595744680722
2012-11-26,0.007717485032056122,-0.1405538267693278,0.0,-0.155,0.7120696387157839,-0.05167173252279633
2012-11-27,0.0025525105383296938,-0.1592,0.021562270550149643,-0.1592,0.6950051244254336,-0.018237082066869345
2012-11-28,0.00919392097264437,-0.14863949921813072,0.0,-0.1551,0.24415278922078087,-0.05775075987841941
2012-11-29,0.010843002982477614,-0.13631839546703747,0.0,-0.1506,2.7438059148708103,-0.07294832826747716
2012-11-30,0.007442752447006744,-0.15869999999999998,0.030793698124328223,-0.15869999999999998,3.786422324305045,-0.05471124620060782
2012-12-03,0.0004823708206686998,-0.15814134640828265,0.0,-0.1664,3.636065703247292,-0.0030395136778115935
2012-12-04,-0.0004806727854355164,-0.15869830114817493,0.0,-0.17120000000000002,7.812165033883451,0.0030395136778115935
2012-12-05,0.0033765595988973184,-0.15479905331989013,0.0,-0.1646,7.17212002747965,-0.021276595744680722
2012-12-06,0.00047051383987809224,-0.15425595991598787,0.0,-0.16579999999999998,7.251263724371102,-0.0030395136778115935
2012-12-07,0.0042197679004373516,-0.14940573449299568,0.0,-0.159,9.17398360341528,-0.02735562310030391
2012-12-10,0.004087086961814465,-0.14472713514411295,0.0,-0.1605,9.510162852359619,-0.02735562310030391
2012-12-11,0.007918201922778204,-0.13573416271315278,0.0,-0.1557,9.426306738868039,-0.05471124620060782
2012-12-12,0.0028744427347683066,-0.1595,0.027036348044321312,-0.1595,10.71759549940096,-0.021276595744680722
2012-12-13,-0.0014544072948328474,-0.16118884152178778,0.0,-0.1656,10.453992283623016,0.00911854103343478
2012-12-14,-0.003919485508128599,-0.1657580131603546,0.0,-0.17,10.557312540537563,0.024316109422492533
2012-12-17,0.002519118741038824,-0.16282870956547024,0.0,-0.1634,8.224434454084138,-0.015197568389057751
2012-12-18,0.008908561617563707,-0.152561048447373,0.0,-0.1557,6.401677521296396,-0.05471124620060782
2012-12-19,-0.0022258146885939106,-0.15513215857319243,0.0,-0.1736,6.816003246758793,0.014589665653495563
2012-12-20,-0.0022633263256879328,-0.15775253035377393,0.0,-0.17670000000000002,6.971688438691054,0.014589665653495563
2012-12-21,-0.002301556673854472,-0.16042331036824828,0.0,-0.1784,5.763669826946474,0.014589665653495563
2012-12-24,-0.0023405224612996905,-0.16314567895560758,0.0,-0.1784,5.589929725698859,0.014589665653495563
2012-12-26,-0.0023946804830435155,-0.1948,0.02887914853734741,-0.1948,7.53575860318557,0.014589665653495563
2012-12-27,-0.002842066869300936,-0.1982053798125835,0.0,-0.19469999999999998,7.530834407397606,0.014589665653495563
2012-12-28,-0.002992590391789926,0.0,0.20168033920046743,0.0,9.974610134506598,0.014589665653495563
2012-12-31,-9.010000000000001e-05,-0.1802,0.1802,-0.1802,2.5199493467439353,0.014589665653495563
2013-01-02,-0.0026840132472286714,-0.07339999999999999,0.10991099293754186,-0.07339999999999999,-4.622727880551317,0.014589665653495563
2013-01-03,-0.0010708814589665743,-0.07455071643895372,0.0,-0.0728,-4.201363402329443,0.014589665653495563
2013-01-04,-0.0010876700270728902,-0.07572074565149936,0.0,-0.06915,-4.3714076035638545,0.014589665653495563
2013-01-07,-0.0011047403620887538,-0.07691045209428317,0.0,-0.06895,-4.445926223613277,0.014589665653495563
2013-01-08,-0.001122097781314779,-0.07812020838810609,0.0,-0.0681,-3.873736049728967,0.014589665653495563
2013-01-09,-0.0011397477211638673,-0.07935039554176214,0.0,-0.06905,-3.4553020105969896,0.014589665653495563
2013-01-10,-0.0011576957404269346,-0.08060140318332686,0.0,-0.06745,-3.5221374437023822,0.014589665653495563
2013-01-11,-0.0011759475236473318,-0.08187362979918857,0.0,-0.0668,-3.5573005567004437,0.014589665653495563
2013-01-14,-0.0011945088846082323,-0.08316748298112826,0.0,-0.0676,-1.6047807648674013,0.014589665653495563
2013-01-15,-0.0012133857699374439,-0.08448337968176779,0.0,-0.06775,-0.05957971469136325,0.014589665653495563
2013-01-16,-0.0012567733895949523,-0.13419999999999999,0.04837825352127924,-0.13419999999999999,7.969286753490039,0.014589665653495563
2013-01-17,-0.0019579331306991046,-0.13642504424468285,0.0,-0.13570000000000002,7.695447197620437,0.014589665653495563
2013-01-18,-0.001990395782293262,-0.13869149098567396,0.0,-0.1246,6.780975389292866,0.014589665653495563
2013-01-22,-0.0020234624824657767,-0.14100026220873696,0.0,-0.1243,6.918810075280556,0.014589665653495563
2013-01-23,-0.002057146682680678,-0.1433523056113607,0.0,-0.1246,7.683399556672707,0.014589665653495563
2013-01-24,-0.0020914622095274684,-0.1457485955004691,0.0,-0.12689999999999999,7.771568715016541,0.014589665653495563
2013-01-25,-0.002126423277818412,-0.14819013372819018,0.0,-0.12890000000000001,8.613928999531232,0.014589665653495563
2013-01-28,-0.002162044504241091,-0.15067795066758244,0.0,-0.13570000000000002,9.097553553810409,0.014589665653495563
2013-01-29,-0.0022083974747090897,-0.1331,0.020113106230327027,-0.1331,9.023137895799849,0.014589665653495563
2013-01-30,-0.0019418844984802593,-0.13530463046294885,0.0,-0.1432,8.995470356458405,0.014589665653495563
2013-01-31,-0.0019740493198241943,-0.13755021068261272,0.0,-0.14279999999999998,8.575750976490596,0.014589665653495563
2013-02-01,-0.0020068115844271935,-0.1398376500831659,0.0,-0.129,6.100474530858673,0.014589665653495563
2013-02-04,-0.0020401845604838963,-0.14216788336428632,0.0,-0.1467,5.1016192072368565,0.014589665653495563
2013-02-05,-0.0020741818849500915,-0.1445418713804706,0.0,-0.13720000000000002,3.272312764055302,0.014589665653495563
2013-02-06,-0.002108817576371625,-0.14696060205749523,0.0,-0.1341,2.960261528030543,0.014589665653495563
2013-02-07,-0.0021441060482552676,-0.14942509134787055,0.0,-0.135,2.979741578160029,0.014589665653495563
2013-02-08,-0.002190930315122084,-0.13019999999999998,0.021736384227239697,-0.13019999999999998,2.5066785135706393,0.014589665653495563
2013-02-11,-0.001899574468085122,-0.13235098502005513,0.0,-0.1294,2.4746115637222506,0.014589665653495563
2013-02-12,-0.001930956620353404,-0.13454173589605087,0.0,-0.1264,2.282575840181263,0.014589665653495563
2013-02-13,-0.0019629189431642846,-0.13677312940584174,0.0,-0.1298,2.975256277404517,0.014589665653495563
2013-02-14,-0.0019954742284135135,-0.13904606647647133,0.0,-0.1266,2.8791854291863093,0.014589665653495563
2013-02-15,-0.0020286356203254347,-0.14136147301629928,0.0,-0.1246,3.864992076577458,0.014589665653495563
2013-02-19,-0.0020727267779844156,-0.1231,0.020620300781948167,-0.1231,6.126211618562272,0.014589665653495563
2013-02-20,-0.0018068274903935565,-0.14679999999999999,0.021679296896505162,-0.14679999999999999,6.312135665321298,0.014589665653495563
2013-02-21,-0.0021417629179331485,-0.14926144554708298,0.0,-0.1522,6.292356065327166,0.014589665653495563
2013-02-22,-0.002177674585489375,-0.15176962498775745,0.0,-0.1417,3.9001493398365774,0.014589665653495563
2013-02-25,-0.0022914308906020774,0.0,0.1543256113485814,0.0,5.207534576236911,0.014589665653495563
2013-02-26,-8.435e-05,-0.16870000000000002,0.16870000000000002,-0.16870000000000002,2.4173103782183762,0.014589665653495563
2013-02-27,-0.0025102433913812817,-0.07365000000000001,0.09793359127315916,-0.07365000000000001,-1.272526259470478,0.014589665653495563
2013-02-28,-0.0010745288753799484,-0.07480490891002395,0.0,-0.07755,-0.5119184828966379,0.014589665653495563
2013-03-01,-0.0010913786102374407,-0.07597920960444644,0.0,-0.0768,-0.7572006859821343,0.014589665653495563
2013-03-04,-0.0011085112647457325,-0.07717326830644712,0.0,-0.07005,-2.3114074177325517,0.014589665653495563
2013-03-05,-0.0011259321819785692,-0.07838745945168588,0.0,-0.0674,-3.030563193327236,0.014589665653495563
2013-03-06,-0.0011436468248270375,-0.07962216591374602,0.0,-0.06765,-1.2569223935009344,0.014589665653495563
2013-03-07,-0.0011616607792887055,-0.08087777923709043,0.0,-0.0653,-1.0170993141670603,0.014589665653495563
2013-03-08,-0.0011799797578663747,-0.08215469987782623,0.0,-0.06295,-0.996707694176612,0.014589665653495563
2013-03-11,-0.001214682934354464,-0.11560000000000001,0.03214666254741322,-0.11560000000000001,5.0259588650559985,0.014589665653495563
2013-03-12,-0.0016865653495440871,-0.11748471099220474,0.0,-0.12269999999999999,5.043194553033447,0.014589665653495563
2013-03-13,-0.0017140626527738221,-0.11940343861972942,0.0,-0.1183,6.525236204606242,0.014589665653495563
2013-03-14,-0.001742056247339532,-0.12135690542231771,0.0,-0.113,6.518570719038575,0.014589665653495563
2013-03-15,-0.0017705566748544982,-0.123345852920376,0.0,-0.113,5.978223007604724,0.014589665653495563
2013-03-18,-0.0017995747538535251,-0.125371042236703,0.0,-0.1336,6.799519712672247,0.014589665653495563
2013-03-19,-0.0018291215888637674,-0.1274332547429563,0.0,-0.1439,8.932106856798118,0.014589665653495563
2013-03-20,-0.00185920857983646,-0.12953329273201458,0.0,-0.1267,6.347036751553394,0.014589665653495563
2013-03-21,-0.0018898474319564596,-0.13167198011745665,0.0,-0.1399,6.017490683519388,0.014589665653495563
2013-03-22,-0.001921050165847408,-0.13385016316144407,0.0,-0.13570000000000002,4.866408120057375,0.014589665653495563
2013-03-25,-0.0019528291281912977,-0.13606871123236539,0.0,-0.1374,4.946563884875079,0.014589665653495563
2013-03-26,-0.0019851970027822473,-0.13832851759367393,0.0,-0.1277,3.1644749188841885,0.014589665653495563
2013-03-27,-0.0020181668220353812,-0.14063050022543053,0.0,-0.1315,3.5440463458974367,0.014589665653495563
2013-03-28,-0.002051751978972864,-0.14297560268014722,0.0,-0.127,3.3375277876815197,0.014589665653495563
2013-04-01,-0.002085966239710372,-0.14536479497461707,0.0,-0.1358,3.9893377491817574,0.014589665653495563
2013-04-02,-0.002120823756468595,-0.14779907451951074,0.0,-0.1278,3.4907928591335153,0.014589665653495563
2013-04-03,-0.002156339081135737,-0.15027946708862194,0.0,-0.1421,3.387885430474851,0.014589665653495563
2013-04-04,-0.0021925271794084843,-0.15280702782975178,0.0,-0.1389,3.4728638203656477,0.014589665653495563
2013-04-05,-0.00222940344554047,-0.15538284231933686,0.0,-0.1392,4.277492542720831,0.014589665653495563
2013-04-08,-0.00228003773156047,-0.1319,0.026108027663048428,-0.1319,3.8055362346810906,0.014589665653495563
2013-04-09,-0.0019243768996960646,-0.1340824019767158,0.0,-0.1284,3.7210155233841054,0.014589665653495563
2013-04-10,-0.001956217414857876,-0.13630526211906777,0.0,-0.12359999999999999,2.1646869956242956,0.014589665653495563
2013-04-11,-0.001988648201129273,-0.13856947625989272,0.0,-0.12240000000000001,2.055521556121642,0.014589665653495563
2013-04-12,-0.0020318203109304846,-0.1206,0.020275965037318447,-0.1206,1.674816538760684,0.014589665653495563
2013-04-15,-0.0018208012710089817,0.0,0.12257518639483359,0.0,1.1998932403080893,0.014589665653495563
2013-04-16,-3.49e-05,-0.0698,0.0698,-0.0698,-3.7257129663396746,0.014589665653495563
2013-04-17,-0.0010183586626139904,-0.07089055066898522,0.0,-0.08255000000000001,-2.04527251404631,0.014589665653495563
2013-04-18,-0.001158069075634021,0.17559999999999998,0.2475992867626805,0.17559999999999998,-1.083226711942423,0.014589665653495563
2013-04-19,0.002435666953493105,-0.07485,0.2525566705214313,-0.07485,-4.159662734864403,0.014589665653495563
2013-04-22,-0.0010920364741641429,-0.07602505861111795,0.0,-0.07195,-4.5530103863608,0.014589665653495563
2013-04-23,-0.0011091801864236148,-0.07721988956904938,0.0,-0.0674,-6.110519834591361,0.014589665653495563
2013-04-24,-0.00112661237061228,-0.07843486763182302,0.0,-0.06805,-4.905558120465226,0.014589665653495563
2013-04-25,-0.001144338494324479,-0.07967037600426648,0.0,-0.0681,-4.943209726069986,0.014589665653495563
2013-04-26,-0.0011623641483905238,-0.08092680657125918,0.0,-0.06805,-4.934816005117508,0.014589665653495563
2013-04-29,-0.0012081427702103765,-0.1371,0.05489543986119472,-0.1371,0.07222284442823401,0.014589665653495563
2013-04-30,-0.0020002431610942418,-0.13937903512289876,0.0,-0.1352,1.6476483159810265,0.014589665653495563
2013-05-01,-0.002033493521549908,-0.14170067605119802,0.0,-0.1449,4.642840681305314,0.014589665653495563
2013-05-02,-0.002067365486461265,-0.14406587836236237,0.0,-0.1359,4.336366716285076,0.014589665653495563
2013-05-03,-0.002101872997384028,-0.14647562451969934,0.0,-0.1285,3.348018229312123,0.014589665653495563
2013-05-06,-0.0021481958505393207,-0.1266,0.022330924819901066,-0.1266,3.149245869462618,0.014589665653495563
2013-05-07,-0.0018470516717325382,-0.12868473903409192,0.0,-0.1283,4.024166579127467,0.014589665653495563
2013-05-08,-0.0018774673172147307,-0.13080779370883197,0.0,-0.1266,3.9331403507179026,0.014589665653495563
2013-05-09,-0.0019084419750832787,-0.1329700012156621,0.0,-0.1313,3.8773395431247355,0.014589665653495563
2013-05-10,-0.0019399878596814087,-0.13517222154410524,0.0,-0.1259,3.683967326680378,0.014589665653495563
2013-05-13,-0.0019721175179687254,-0.13741533825788999,0.0,-0.1255,3.795161241518006,0.014589665653495563
2013-05-14,-0.0020048438408446123,-0.13970025930316296,0.0,-0.1277,3.208693057633212,0.014589665653495563
2013-05-15,-0.0020381800749397806,-0.14202791785035052,0.0,-0.1281,6.090073707562929,0.014589665653495563
2013-05-16,-0.0020721398348987484,-0.14439927317131798,0.0,-0.1307,5.3425557887327955,0.014589665653495563
2013-05-17,-0.0021178947719540857,-0.1245,0.022315311553568334,-0.1245,4.832119796756621,0.014589665653495563
2013-05-20,-0.0018164133738601976,-0.12654627371785349,0.0,-0.13019999999999998,5.209629091985031,0.014589665653495563
2013-05-21,-0.0020372243376734593,-0.1288459862344954,0.0,-0.13369999999999999,5.596892999622512,0.016098651329834
2013-05-22,0.000789372642938617,-0.12795560893435343,0.0,-0.1382,4.617057794874432,-0.006126482213438805
2013-05-23,-0.0012428738285222023,-0.12935926000160863,0.0,-0.1407,4.856727101437633,0.009713320415362553
2013-05-24,0.00033718786111667506,-0.12897858212825425,0.0,-0.1399,4.755198415869025,-0.002606600108198532
2013-05-28,0.001344453924106732,-0.12746276039575596,0.0,-0.1448,4.941451269534387,-0.010423854115327678
2013-05-29,-0.00055574537496718,-0.1483,0.020221721160378847,-0.1483,5.835590883419735,0.004280736684917724
2013-05-30,-0.0012011815119389846,-0.14968097553243753,0.0,-0.14529999999999998,5.782380460656835,0.008099673040721407
2013-05-31,-0.0055208689467540996,-0.15606345033587427,0.0,-0.163,5.140103788715345,0.036884239477432225
2013-06-03,0.0012781790895282875,-0.15458768050562502,0.0,-0.1628,6.096916820119507,-0.008190124508829168
2013-06-04,-0.0009145454381058099,-0.15564456997516757,0.0,-0.16269999999999998,6.0021796393553934,0.005916030534351229
2013-06-05,-0.005773768654857696,-0.16235574313064915,0.0,-0.175,5.854688861897506,0.03709585664169895
2013-06-06,0.0041770453494747225,-0.15752072656283925,0.0,-0.1663,3.6523134317993797,-0.025727733857332142
2013-06-07,0.003471409081658682,-0.15351639925861066,0.0,-0.1514,0.2637030257374047,-0.0220377924696395
2013-06-10,0.001824423376276372,-0.15141572948592424,0.0,-0.15439999999999998,0.5654780813159643,-0.011884224650182061
2013-06-11,-0.00839608329852638,-0.16116496727449156,0.0,-0.1707,1.8679258155505938,0.05545053560176446
2013-06-12,-0.008893595200805194,-0.17158456614933473,0.0,-0.1859,3.2117967851391285,0.05518317877146264
2013-06-13,0.00805136318945304,-0.08205,0.080130862654727,-0.08205,-1.114863417608447,-0.04715708878931577
2013-06-14,-0.0028515939717964635,-0.17149999999999999,0.08640262048228954,-0.17149999999999999,0.9381630256931075,0.034227820372398764
2013-06-17,0.004713138798826616,-0.16600445914400352,0.0,-0.168,0.33677629574023626,-0.027481858885286394
2013-06-18,0.001359330092793689,-0.08305,0.08132434406894264,-0.08305,-0.027635992153847155,-0.008433461800045457
2013-06-19,0.0004090620375353054,-0.1664,0.08383821495336655,-0.1664,0.04988711485792763,-0.005430236544394807
2013-06-20,-0.02000615917931352,0.0,0.1900961364048612,0.0,0.03213571578256236,0.11965811965811954
2013-06-21,-4.7249999999999997e-05,-0.09449999999999999,0.09449999999999999,-0.09449999999999999,-0.15179492534781502,-0.031488677475545956
2013-06-24,-0.00562672368835909,-0.2011,0.10046230209132646,-0.2011,0.5550304536761423,0.05901050304035373
2013-06-25,0.0063764754885166745,-0.09234999999999999,0.10107980825232352,-0.09234999999999999,-1.884202412678718,-0.03195930080876597
2013-06-26,0.0025849549185842985,-0.08953360474944004,0.0,-0.08605,-3.666480874297239,-0.027990849145471564
2013-06-27,0.0029316750933430988,-0.08634878307940257,0.0,-0.0843,-2.5360868195586157,-0.03274385189278815
2013-06-28,0.0007013224046061464,-0.08558743628817472,0.0,-0.0843,-2.411161475631353,-0.008121972071815314
2013-07-01,0.0019501866394124126,-0.0834744588743334,0.0,-0.08185,-2.683687857074741,-0.02278589853826317
2013-07-02,0.0001343407531262056,-0.08332892365084674,0.0,-0.08220000000000001,-1.9225476202754486,-0.0016093635698609182
2013-07-03,0.0010719113113981148,-0.08216893452908137,0.0,-0.081,-0.9899686742097416,-0.012863616430346425
2013-07-05,0.004985029194377632,-0.1489,0.07213759502030245,-0.1489,3.2365786650142923,-0.061107011070110774
2013-07-08,0.005824597089657325,-0.14224687219255705,0.0,-0.1478,3.0351365471853153,-0.03911750899702703
2013-07-09,0.00136044179921558,-0.1406950230031064,0.0,-0.1435,6.423380875849962,-0.009563948776138812
2013-07-10,0.002474362886229505,-0.1378794962086861,0.0,-0.1421,6.420974113872032,-0.017586712261846486
2013-07-11,0.0027061949610479408,-0.13480848320966962,0.0,-0.1401,5.27975951642469,-0.019627247237341276
2013-07-12,-0.001286039086686379,-0.136269770547614,0.0,-0.1384,4.925496986463871,0.009539748953974829
2013-07-15,0.004045614167667902,-0.13169138385167595,0.0,-0.1379,6.066801860991437,-0.02968827313211278
2013-07-16,-0.003583287611985768,-0.1357611426844319,0.0,-0.1442,5.6558513315378,0.027209734662835848
2013-07-17,0.004714021040734562,-0.13043226121991605,0.0,-0.1378,5.3719896846849675,-0.034722903384011745
2013-07-18,0.001254156357883811,-0.12901629825130972,0.0,-0.1377,5.602736819862757,-0.009615384615384638
2013-07-19,0.004525720031513565,-0.12392970706204584,0.0,-0.12539999999999998,5.053692304488738,-0.03507866907402624
2013-07-22,0.0017152900631425118,-0.12200514278982366,0.0,-0.1229,4.845327383205079,-0.013840830449827061
2013-07-23,0.0004099635174389166,-0.12154535011312403,0.0,-0.1266,5.096384553442583,-0.0033602150537633832
2013-07-24,-0.0010938265221731816,-0.12277346951246917,0.0,-0.1318,5.060695095597996,0.008999328408327767
2013-07-25,0.0024424430274363924,-0.12003784089750416,0.0,-0.1297,7.997871727421279,-0.019893899204244055
2013-07-26,0.0004045492076621255,-0.11958491370775322,0.0,-0.1272,7.75449448905115,-0.0033701806416824424
2013-07-29,-0.0013858378357184768,-0.1211386300403487,0.0,-0.13390000000000002,8.33283640760217,0.011588734671877151
2013-07-30,0.0025568886468094287,-0.11827931435750615,0.0,-0.13390000000000002,8.840807905728681,-0.021107128634010337
2013-07-31,0.0029082457731783445,-0.11503651412835285,0.0,-0.13449999999999998,9.027147720895346,-0.024587949202918118
2013-08-01,0.002538736863522272,-0.11221289824349713,0.0,-0.1294,6.15888672607177,-0.0220689655172414
2013-08-02,0.0033731648018132283,-0.10847383332519361,0.0,-0.1198,5.201070231181753,-0.030060401741817653
2013-08-05,0.0011574713289205976,-0.10719228999392369,0.0,-0.1184,4.971387190213033,-0.010670511896178826
2013-08-06,-0.002925264990398846,-0.11044062307251439,0.0,-0.1272,5.235077493109157,0.027289882421251268
2013-08-07,-0.0013832276179923757,-0.11197874278014831,0.0,-0.1298,5.556321899803437,0.01252462707571072
2013-08-08,0.0018598545513657926,-0.1099144633139272,0.0,-0.1273,5.187141271120719,-0.016608996539792455
2013-08-09,-0.0025671788434893346,-0.1341,0.02134075826578842,-0.1341,5.687927896388276,0.02325907243940031
2013-08-12,0.0018279716466739356,-0.13203068001376977,0.0,-0.1281,5.25112287212153,-0.013631406761177745
2013-08-13,0.0012896104389844047,-0.13057268168144281,0.0,-0.1231,4.641030297966257,-0.00976750584674644
2013-08-14,-0.0022562324039508367,-0.13312928469142923,0.0,-0.1304,4.849038902641469,0.017279513408902405
2013-08-15,-0.0059408605744654,-0.13990127926016865,0.0,-0.14730000000000001,6.568572216647645,0.044624746450304245
2013-08-16,0.000847886540970723,-0.1389355911014412,0.0,-0.1437,6.554355182337034,-0.006060606060606088
2013-08-19,-0.0034145339942146967,-0.14283784978942243,0.0,-0.151,7.169489971475306,0.02457638080455309
2013-08-20,0.0025188687454993164,-0.13996642399310757,0.0,-0.1491,6.058183113684944,-0.017634462778687434
2013-08-21,-0.004378877883245721,-0.144980152258588,0.0,-0.1594,6.896668923480442,0.03128520225294426
2013-08-22,0.005853235960750467,-0.1383173124307237,0.0,-0.1476,4.326900471258478,-0.04037267080745355
2013-08-23,0.002183957564695637,-0.13583669329214945,0.0,-0.1398,3.1942064627124136,-0.015789473684210523
2013-08-26,-0.005580091044486719,-0.14221033093069604,0.0,-0.1499,4.155218217875698,0.041079408731522875
2013-08-27,-0.011800132826649783,-0.15584950866050795,0.0,-0.1677,4.213071126032991,0.08297662166611786
2013-08-28,-0.0011584687385262438,-0.1571900771894647,0.0,-0.1649,3.455515615356868,0.007433252427184572
2013-08-29,-0.0,-0.1571900771894647,0.0,-0.1681,5.231409746233213,0.0
2013-08-30,-0.0014858176838613959,-0.15891200914669418,0.0,-0.17010000000000003,5.437875691610403,0.009452363090772624
2013-09-03,0.0053277131089085935,-0.15277037928541373,0.0,-0.1661,5.0860223875349835,-0.03352618305889329
2013-09-04,0.0011461871972110384,-0.1514506013479278,0.0,-0.1588,3.8270945470547453,-0.00750267952840302
2013-09-05,0.0020274199595737494,-0.1491208507990554,0.0,-0.1577,4.236717574967479,-0.013386674873057475
2013-09-06,-0.0008810000513625911,-0.15013411901698326,0.0,-0.1585,5.269683840464365,0.005907960199005059
2013-09-09,0.006153416896535826,-0.14310014725642298,0.0,-0.1563,4.083150083271301,-0.0409861325115562
2013-09-10,0.004560686948114695,-0.13791049371959327,0.0,-0.14529999999999998,2.808225971369666,-0.03187059577194104
2013-09-11,0.005181017065095948,-0.13204534745596147,0.0,-0.1382,7.60347512539423,-0.037567968363816165
2013-09-12,-0.0008780509037992365,-0.13304021444029165,0.0,-0.1429,7.308431761310056,0.006649616368286477
2013-09-13,-0.0,-0.13304021444029165,0.0,-0.1416,7.209288641310486,0.0
2013-09-16,0.0019248752425748811,-0.1308634433953669,0.0,-0.1438,8.293235397682835,-0.014468371467025586
2013-09-17,0.0008018866318694921,-0.1299573457052631,0.0,-0.14529999999999998,8.44458058178341,-0.00612765957446816
2013-09-18,0.005939638891670095,-0.12328543584407702,0.0,-0.1359,6.684798573061562,-0.045704526046114434
2013-09-19,-0.00041933821715673053,-0.12375666996257713,0.0,-0.1316,5.749875758308353,0.0034013605442177355
2013-09-20,-0.002089425459439087,-0.1261095920142503,0.0,-0.13119999999999998,3.9632005224590916,0.016883336147222688
2013-09-23,-0.0028367357780248134,-0.12931315504576268,0.0,-0.1431,5.109213585698832,0.02249421104862717
2013-09-24,0.0023140029356891177,-0.1267059541601776,0.0,-0.1408,5.225034485464445,-0.017894567144929797
2013-09-25,8.286851155015002e-05,-0.12661259345146464,0.0,-0.1401,5.066781768804324,-0.000654022236756059
2013-09-26,0.0020637749543841017,-0.12429230714656883,0.0,-0.1406,5.120511463990521,-0.016299918500407497
2013-09-27,-0.00501848642804403,-0.15460000000000002,0.024650986242302775,-0.15460000000000002,6.14881025511068,0.04027731924727634
2013-09-30,-0.00633666719417628,-0.16196297264963652,0.0,-0.166,7.468331949476019,0.040987498021838806
2013-10-01,0.006977773700318074,-0.1539112411387174,0.0,-0.15539999999999998,5.707343998953094,-0.043082524271844634
2013-10-02,-0.007666356887839345,-0.16282587932806192,0.0,-0.166,9.427897954812064,0.049810246679316925
2013-10-03,-0.007100677444381644,-0.17114177934482874,0.0,-0.17670000000000002,9.582389360938173,0.04360902255639096
2013-10-04,0.004436278842463872,-0.16596921478630802,0.0,-0.1674,7.66220211173715,-0.025921658986175076
2013-10-07,-0.01470712391306925,0.0,0.18326318883365042,0.0,9.689130219473075,0.08806146572104022
2013-10-08,0.0,0.0,0.0,0.0,9.345119611659939,0.04360820540687403
2013-10-09,-0.0,0.0,0.0,0.0,8.501564895321465,-0.023189161021365326
2013-10-10,-8.24e-05,-0.1648,0.1648,-0.1648,0.3387777870840232,-0.10673782521681117
2013-10-11,0.004876217122566129,-0.0786,0.08050131572697475,-0.0786,-0.5417813253528454,-0.02983293556085932
2013-10-14,-0.0012101330705363014,-0.1607,0.08083686828953869,-0.1607,0.12863419628124007,0.0148818656029457
2013-10-15,-0.007986661560215526,0.0,0.16994453822890554,0.0,2.536926191083108,0.04917043740573163
2013-10-16,-3.6775000000000006e-05,-0.07355,0.07355,-0.07355,-2.780873893411165,-0.09870279619486882
2013-10-17,0.004729903536977492,-0.0684961164396056,0.0,-0.0674,-3.011366999953651,-0.06430868167202572
2013-10-18,0.0009669819069736035,-0.06746389816373376,0.0,-0.0652,-3.3972786325550075,-0.014117324561403579
2013-10-21,-0.0011694615546341313,-0.06871371776957538,0.0,-0.0658,-2.047296067681012,0.017334627652198033
2013-10-22,-6.0309322415424296e-05,-0.1333,0.0645563241050588,-0.1333,0.9265429402411574,0.0004079412564590757
2013-10-23,-0.0007590292841648564,-0.1341608613066854,0.0,-0.13419999999999999,0.10091464018713481,0.00569414316702818
2013-10-24,0.0019848950563194907,-0.13191413054478887,0.0,-0.132,3.433864917808073,-0.014794889038332234
2013-10-25,-0.0004489929562450332,-0.13242258030683945,0.0,-0.1309,3.4375866805959348,0.0034036759700477
2013-10-28,-0.00032254485054440375,-0.13278795522855713,0.0,-0.1331,3.6299767048650917,0.0024357239512855554
2013-10-29,0.0006078888484948171,-0.1320997644063909,0.0,-0.1341,5.608296811139266,-0.004577891477043286
2013-10-30,-0.0007305220313814546,-0.13292739282680643,0.0,-0.1365,6.649289105982784,0.005530078230375045
2013-10-31,0.00044457322015654954,-0.13242394746589914,0.0,-0.1375,6.735971766122069,-0.0033444816053512178
2013-11-01,-0.00014181948858462594,-0.1325845700303997,0.0,-0.1328,6.868100130293113,0.0010709504685407923
2013-11-04,0.004418896481482459,-0.12760181434049725,0.0,-0.1293,6.4327040313060255,-0.03332888948140248
2013-11-05,-0.0006666028244348233,-0.12835397828938722,0.0,-0.13269999999999998,6.916318861583346,0.005224085784987637
2013-11-06,0.0023795175909701043,-0.12567541384043135,0.0,-0.1267,6.690326772236962,-0.01853871319520177
2013-11-07,-0.0042616576319592725,-0.13049318876621485,0.0,-0.1391,4.768352163607487,0.03391003460207619
2013-11-08,0.005102696424462964,-0.12475391100612318,0.0,-0.129,1.629967089413702,-0.039103162952088655
2013-11-11,0.0014158921387546113,-0.1231636324484044,0.0,-0.1253,1.26596699440592,-0.011349480968858093
2013-11-12,-0.0004293210835485392,-0.12364603738269858,0.0,-0.1282,1.8115452962724117,0.0034857780256553413
2013-11-13,0.0011806776334633562,-0.1223209381534532,0.0,-0.1252,1.1935456775194844,-0.009548851370052599
2013-11-14,0.0006809794747582678,-0.12155718073360589,0.0,-0.12369999999999999,1.14400174557702,-0.005567153792623551
2013-11-15,0.001914152929612246,-0.1194144502841442,0.0,-0.1219,0.9011968262726455,-0.01574693422519511
2013-11-18,1.6840283497966156e-05,-0.11939559934490486,0.0,-0.131,1.4986760014055935,-0.00014102383302770353
2013-11-19,-0.00174643352065683,-0.12135396950577133,0.0,-0.13390000000000002,1.889823727304158,0.014627285513361411
2013-11-20,0.0026445499991855008,-0.11839631453308382,0.0,-0.134,1.864165336727794,-0.021792035398230065
2013-11-21,0.0037652538190733457,-0.11420106471893526,0.0,-0.1266,3.3981957362704254,-0.03180212014134283
2013-11-22,0.0009150028077442328,-0.11318249960626378,0.0,-0.1226,4.963253194120042,-0.008012209080503603
2013-11-25,-0.000237960148254766,-0.11344745572790269,0.0,-0.12789999999999999,5.389743442078302,0.0021024464831804856
2013-11-26,-0.0006241654745037297,-0.11414286523804892,0.0,-0.1281,5.6630750555774005,0.005501802314551287
2013-11-27,-0.0008145406345625997,-0.1150511196846466,0.0,-0.1298,6.62537543961501,0.007136150234741758
2013-11-29,-0.0007152373776008204,-0.13699999999999998,0.021162598708198102,-0.13699999999999998,7.576989265389314,0.006124721603563469
2013-12-02,-0.002440587695133155,-0.13978173728315074,0.0,-0.1423,8.189131563828472,0.017814508723599676
2013-12-03,-0.003167715629078596,-0.1434037151018253,0.0,-0.14550000000000002,8.353558051988486,0.022661870503597123
2013-12-04,0.0026151124619656035,-0.1404213849262127,0.0,-0.147,8.638855493904716,-0.01823601613186043
2013-12-05,-0.0019482155859559943,-0.14264750861174388,0.0,-0.1508,8.78375872722085,0.013874066168623278
2013-12-06,0.005188089139927045,-0.1367499485488649,0.0,-0.1379,6.330089486666379,-0.03636999475432773
2013-12-09,0.0018787050053712393,-0.1346183354029574,0.0,-0.1349,6.3426773035633595,-0.0137382501807664
2013-12-10,-0.0012780999527028953,-0.13607034685954575,0.0,-0.1391,6.514035284165924,0.0094942486762826
2013-12-11,-0.006303186579470661,-0.14327663278795724,0.0,-0.1542,6.104585831107279,0.04632299927901943
2013-12-12,-0.0015766341984919689,-0.14508200824222983,0.0,-0.15539999999999998,6.386073638267767,0.011004126547455329
2013-12-13,-0.00019732337061166856,-0.14530800427802248,0.0,-0.1576,6.585334078589632,0.0013600816048962888
2013-12-16,-0.002565710092515169,-0.14825409138907125,0.0,-0.1603,6.087335461848754,0.017657045840407476
2013-12-17,0.0013362912593907217,-0.146721737154758,0.0,-0.16210000000000002,6.367189850950435,-0.009013520280420592
2013-12-18,0.009566762601581558,-0.13585527934748748,0.0,-0.138,0.5348423011767771,-0.06520344420057407
2013-12-19,0.00046846648050858416,-0.13532341838143935,0.0,-0.14150000000000001,1.1654098633710248,-0.0034482758620690145
2013-12-20,6.362172937538296e-05,-0.13525119173734554,0.0,-0.1379,1.680952182896302,-0.0004701457451810068
2013-12-23,0.005031225950842167,-0.12956807950250956,0.0,-0.1304,0.7451062827554704,-0.03719912472647696
2013-12-24,0.004485210128362512,-0.12452435149160909,0.0,-0.12480000000000001,0.4745309579603525,-0.03461662892267875
2013-12-26,0.00016625414084326916,-0.12433742573887492,0.0,-0.1233,2.71476661965065,-0.0013351134846461897
2013-12-27,-0.0024221576442637898,-0.12706736056186005,0.0,-0.1246,3.3536799056979927,0.01948051948051942
2013-12-30,-0.0018205678491442067,-0.129123005603591,0.0,-0.1356,4.447626646582023,0.014327580592640877
2013-12-31,-2.0662986974484806e-05,-0.1291463371396476,0.0,-0.13720000000000002,4.692759124594659,0.00016002560409661155
2014-01-02,-0.0024320567798401574,-0.13189918021498495,0.0,-0.1423,3.4585733474728446,0.018831790616022994
2014-01-03,0.0013599977963113523,-0.13036189053482325,0.0,-0.1376,6.386968600727319,-0.010310888923605639
2014-01-06,0.001354515865128834,-0.12883286850535386,0.0,-0.1355,5.9717437169135215,-0.010390428211586925
2014-01-07,0.002473231332563515,-0.12604789157793622,0.0,-0.1292,5.282750399214513,-0.019197207678883096
2014-01-08,-0.00020336865372367463,-0.12627694100314804,0.0,-0.12869999999999998,5.612968500686821,0.0016134236850596623
2014-01-09,-0.0003449635219433693,-0.12666559953641654,0.0,-0.12890000000000001,5.689504844573894,0.0027318013819702005
2014-01-10,0.0027122387884116047,-0.1236180789991944,0.0,-0.12140000000000001,5.2804136988245,-0.021412591882390548
2014-01-13,-0.0030577620842762504,-0.1270643737076562,0.0,-0.1328,3.6417020277700853,0.024735557363710345
2014-01-14,0.0045897777575008986,-0.1219150330431887,0.0,-0.12279999999999999,0.8812965435277995,-0.036121673003802354
2014-01-15,-0.0004394054270888253,-0.12240822530879851,0.0,-0.12279999999999999,0.7994508744336208,0.0036041939711665
2014-01-16,-0.0015535049746316775,-0.12415460508004546,0.0,-0.1253,2.302477589389861,0.012691181256101537
2014-01-17,0.00037797428241001394,-0.12372986409104295,0.0,-0.1244,1.902269628344703,-0.0030443839128345244
2014-01-21,0.0013487705607872612,-0.12221625184771373,0.0,-0.12869999999999998,2.4414205273550014,-0.01090092978518758
2014-01-22,0.0024257565422497575,-0.11950061590463043,0.0,-0.1284,2.810854392303618,-0.01984806853079037
2014-01-23,-0.0030198711600448094,-0.12289160387502908,0.0,-0.1377,2.8351249896243687,0.025270758122743656
2014-01-24,-0.016991132059232136,0.0,0.14221795808849147,0.0,3.016059595817918,0.13768249861393458
2014-01-27,-0.0,0.0,0.0,0.0,2.5615330821713815,-0.005198180636777006
2014-01-28,-7.9e-05,-0.158,0.158,-0.158,1.420290862394495,-0.053859964093357374
2014-01-29,-0.011846055568421667,0.0,0.1717803305028955,0.0,4.260032189720503,0.07443142660234316
2014-01-30,-8.645e-05,-0.1729,0.1729,-0.1729,3.0062346626150998,0.01362834696168033
2014-01-31,-0.00930995716301092,0.0,0.18381244340829045,0.0,4.089868810563923,0.05331434899541223
2014-02-03,0.0,0.0,0.0,0.0,4.185061964490423,0.08402224560348706
2014-02-04,-0.0,0.0,0.0,0.0,1.2079085901201339,-0.02236111111111113
2014-02-05,0.0,0.0,0.0,0.0,2.1860347488966063,0.024456135361865455
2014-02-06,-4.3075000000000003e-05,-0.08615,0.08615,-0.08615,-2.5855932921341918,-0.10240377935250797
2014-02-07,0.006427910216718265,-0.079212916269497,0.0,-0.07644999999999999,-2.8931512985635237,-0.07461300309597521
2014-02-10,-0.00011909726802964643,-0.07934146288899821,0.0,-0.07629999999999999,-2.673936735099625,0.0015035081857667691
2014-02-11,0.0028435430106908805,-0.07628101154109124,0.0,-0.07255,-3.9629236152596388,-0.0358393065510918
2014-02-12,0.0017657031519271447,-0.0743839683817396,0.0,-0.07150000000000001,-3.1113746050885958,-0.023147348419416167
2014-02-13,0.0001444603905718852,-0.07422878487191345,0.0,-0.0707,-2.7863631471539883,-0.0019420903954802786
2014-02-14,0.0013639211354556542,-0.07276561717326072,0.0,-0.06785000000000001,-2.8055120568241847,-0.018374558303886936
2014-02-18,0.0010515297952780668,-0.1387,0.0670971558975632,-0.1387,5.6543553233162065,-0.014911965504850876
2014-02-19,-0.009261833424457818,-0.14934504232928023,0.0,-0.155,5.304947218756414,0.06677601603790785
2014-02-20,0.004363978509621835,-0.14435111864007322,0.0,-0.1479,5.061597155490489,-0.02922077922077929
2014-02-21,-0.0018519563551362738,-0.14647433907833002,0.0,-0.14679999999999999,5.697028202564196,0.012829525483304106
2014-02-24,0.001345664754923124,-0.14493364222925637,0.0,-0.1423,6.570982302932533,-0.0091870341480326
2014-02-25,0.0009621730266791968,-0.14383307689564392,0.0,-0.1367,5.847205003886,-0.0066387141858839736
2014-02-26,-0.003738548538910311,-0.14812539943016936,0.0,-0.1435,7.979929773174877,0.025992272567615046
2014-02-27,0.001671444069480461,-0.14620957423493264,0.0,-0.1404,7.452164834748017,-0.011283980167550053
2014-02-28,-0.001438871845889356,-0.14786119939773484,0.0,-0.14,7.631733810271513,0.009841160220994462
2014-03-03,-0.011535091861516704,-0.1612563986307142,0.0,-0.16,8.650855648241986,0.07801297371116425
2014-03-04,0.012714643210591467,-0.14667681208716743,0.0,-0.141,4.076203821623386,-0.07884737175427489
2014-03-05,-0.0002516760674110664,-0.14696547584758501,0.0,-0.1389,4.991327497948209,0.0017158544955388026
2014-03-06,0.0007037854153809372,-0.14615882598214866,0.0,-0.1421,5.507502689501077,-0.004788780571233064
2014-03-07,-0.003460270712907268,-0.15013861695417888,0.0,-0.1411,5.5417357550163455,0.023674729799279405
2014-03-10,0.0004021121311126249,-0.14967631815979393,0.0,-0.142,5.721012941572802,-0.0026782725142282774
2014-03-11,-0.002055855626315434,-0.15204475585288127,0.0,-0.14800000000000002,5.711484252506876,0.013735343383584633
2014-03-12,0.001680191100468932,-0.15011234732237078,0.0,-0.1447,5.38905133752665,-0.011050634999175423
2014-03-13,-0.0074693945497402185,-0.15876764001713006,0.0,-0.16219999999999998,5.51693725536728,0.04975869529039786
2014-03-14,-0.00568825089471645,-0.16539670888916852,0.0,-0.1782,7.180286343812227,0.03582752060875077
2014-03-17,0.00976352850695033,-0.1541283439027942,0.0,-0.1564,4.560842713249537,-0.05903097209444971
2014-03-18,0.005319273788269799,-0.1480217021541607,0.0,-0.1452,5.395328393001684,-0.0345119765357666
2014-03-19,-0.0037954282603630983,-0.1523955367414254,0.0,-0.1512,5.628368070287225,0.025641025641025664
2014-03-20,0.0024002863142037283,-0.14963608098991052,0.0,-0.1452,4.57307755586783,-0.01575037147102526
2014-03-21,-0.002368730363928932,-0.15236572467229273,0.0,-0.15,4.89677860118055,0.015829941203075532
2014-03-24,0.0004064892610199064,-0.15189749071252232,0.0,-0.1509,4.836902125588907,-0.002667852378835076
2014-03-25,0.0022765464552551933,-0.14928109890072808,0.0,-0.1402,3.6567462669960005,-0.014987386852648754
2014-03-26,-0.0034126525842849624,-0.15321662660174087,0.0,-0.1493,3.9680195917359384,0.022860580538426878
2014-03-27,0.002698663612536172,-0.1501128588791737,0.0,-0.1462,5.247021356061628,-0.017613386173491886
2014-03-28,0.0014102460646268904,-0.14849320086240675,0.0,-0.1441,4.912434074953714,-0.009394572025052176
2014-03-31,0.004038051285471095,-0.14387417826644075,0.0,-0.1388,4.578574913318443,-0.0271935096153846
2014-04-01,0.005055218468908693,-0.1381207293356553,0.0,-0.131,3.891974275612885,-0.03513638465094778
2014-04-02,-0.0009237373617989732,-0.13917302602134482,0.0,-0.1309,4.480217777124453,0.006687898089172008
2014-04-03,0.0013827315312008744,-0.13760003058915413,0.0,-0.13369999999999999,4.991303176110165,-0.009935341428796743
2014-04-04,-0.0034088621203601783,-0.14149121675868667,0.0,-0.1396,3.593950419068678,0.02477370176274416
2014-04-07,-0.0036952581721863783,-0.14572496630349766,0.0,-0.1557,3.907495017934764,0.026116519857827238
2014-04-08,0.0026077099233257463,-0.14274501877819867,0.0,-0.1489,3.302934059377435,-0.017894736842105255
2014-04-09,0.003665163251526427,-0.13857196664682658,0.0,-0.1382,1.5959669584418794,-0.025676295277395726
2014-04-10,-0.008508251539178422,-0.07945,0.06885248126293668,-0.07945,-0.6653954042028403,0.061151079136690684
2014-04-11,-0.0025673984561187992,0.0,0.08218392828353592,0.0,0.32915698581901154,0.031797438539673144
2014-04-14,-4.0274999999999996e-05,-0.08055,0.08055,-0.08055,-0.5367629259555429,-0.005567451820128497
2014-04-15,0.0011548387096774163,-0.07930357844811477,0.0,-0.07805,-1.0752732914667753,-0.014336917562723976
2014-04-16,0.002745477918995959,-0.07634848744269615,0.0,-0.0709,-3.513288334510257,-0.034619849100406205
2014-04-17,0.0014405374989187986,-0.07480019745441772,0.0,-0.0668,-4.389602663048407,-0.01886792452830193
2014-04-21,0.0009277698537291044,-0.07380395451660213,0.0,-0.06625,-3.557964705285521,-0.012403307548679606
2014-04-22,0.0007362486700227247,-0.0730139494234233,0.0,-0.06595,-2.425549648050895,-0.009975734699379913
2014-04-23,-0.000595546080125804,-0.07365335947307139,0.0,-0.06634999999999999,-2.4309962418287157,0.008156606851549784
2014-04-24,-0.0005952588319483125,-0.07429284177523696,0.0,-0.0666,-1.4976345657218921,0.008081896551724118
2014-04-25,-0.0005582242231769199,-0.1406,0.06574247861867284,-0.1406,3.709702908595238,0.007071380920613706
2014-04-28,0.0033476190476190476,-0.136794445261814,0.0,-0.13970000000000002,5.521969373406192,-0.023809523809523808
2014-04-29,0.0017760706985574966,-0.13477899753495373,0.0,-0.1371,5.643943125711967,-0.01298350013524478
2014-04-30,-0.000147460609994481,-0.1349463574171295,0.0,-0.1341,5.693207945316838,0.001094091903719928
2014-05-01,0.0005519278421968467,-0.13432029446464552,0.0,-0.1325,7.029549003775813,-0.004089979550102235
2014-05-02,-0.0003668950955057226,-0.1347366237665962,0.0,-0.1291,6.555974655309529,0.0027314941272876163
2014-05-05,0.0024344478957964025,-0.1319808753066242,0.0,-0.1329,7.067633375297027,-0.018068197255807657
2014-05-06,-0.0015295796807059158,-0.13371498270788604,0.0,-0.138,6.40109982220203,0.01158940397350998
2014-05-07,0.0030550954841459125,-0.1302619246061198,0.0,-0.134,5.41815389556632,-0.0228478172174623
2014-05-08,-0.00018076869914809468,-0.13046627752453868,0.0,-0.1343,5.491142668385143,0.001387732445184539
2014-05-09,0.002650434327820226,-0.12747797120579374,0.0,-0.1292,6.395451559900876,-0.020315091210613565
2014-05-12,0.0038716594179487355,-0.1231295959281416,0.0,-0.1223,4.369830710684795,-0.03037120359955001
2014-05-13,-0.0003023986031173595,-0.12346933148462774,0.0,-0.1213,4.460440427672234,0.002455937590291771
2014-05-14,0.0011698214008018112,-0.12215660866875584,0.0,-0.1217,4.04259360670588,-0.00947459086993969
2014-05-15,-0.0017979760583280093,-0.12417785353471382,0.0,-0.1317,3.8177334141107018,0.014718614718614728
2014-05-16,0.00239345069171217,-0.12149361386884863,0.0,-0.1244,2.9057773235901916,-0.01927437641723355
2014-05-19,0.0024655439774766397,-0.11873532273149763,0.0,-0.1242,2.747999803392462,-0.020293609671848057
2014-05-20,-0.00041698094023353584,-0.1192020086373705,0.0,-0.12960000000000002,3.8466667951796367,0.003511852502194958
2014-05-21,0.002659321499883827,-0.11623358466677376,0.0,-0.1191,2.296051905670657,-0.022309368191721184
2014-05-22,0.0004121758321516712,-0.11577368971772144,0.0,-0.12029999999999999,2.433474118255493,-0.0035460992907800663
2014-05-23,0.0011879762937452782,-0.11444974983434787,0.0,-0.11359999999999999,1.6470306550415685,-0.010261194029850765
2014-05-27,0.0036302567045804865,-0.11041864510307127,0.0,-0.1151,2.532696035943937,-0.03171921921921929
2014-05-28,-0.00012782401516851736,-0.11056060141823251,0.0,-0.1168,2.6642981326272093,0.0011576307158016556
2014-05-29,0.0010388244428558681,-0.10940812114488441,0.0,-0.1157,2.8794871572422593,-0.009395973154362346
2014-05-30,-0.00021064328291275696,-0.10964185974907936,0.0,-0.114,4.96158478740424,0.001925298421255322
2014-06-02,0.0006703361696542968,-0.10889852495932283,0.0,-0.1158,5.104442376218859,-0.006113870844478497
2014-06-03,-0.0004994390596261771,-0.10945262893701892,0.0,-0.11869999999999999,5.256050625692614,0.004586279380852348
2014-06-04,0.0011181312831250554,-0.10821350075344496,0.0,-0.1208,7.406237693495647,-0.010215664018161217
2014-06-05,0.004115364166322299,-0.10367149064943476,0.0,-0.1168,7.563446477870071,-0.03803004373455025
2014-06-06,0.0054413776299192225,-0.09769849859478519,0.0,-0.1073,6.501652099330797,-0.05248673088264204
2014-06-09,-0.0013104420983617406,-0.09913885642418863,0.0,-0.1115,6.8530124661831,0.01341312422616582
2014-06-10,0.0013858551647627593,-0.09761771724181395,0.0,-0.1099,6.981865420364455,-0.01397893030794158
2014-06-11,-0.002375078379017757,-0.10023085174973304,0.0,-0.11599999999999999,6.873772034700841,0.02433040278061744
2014-06-12,-0.005021505892829569,-0.10578355036408028,0.0,-0.12560000000000002,6.4534236760004555,0.05009940357852884
2014-06-13,0.002494424409641582,-0.10303212011903665,0.0,-0.12179999999999999,5.966005065311615,-0.02358045651763816
2014-06-16,-0.00013071174408233583,-0.1265,0.02333655548058594,-0.1265,6.439470365002426,0.0011554015020219688
2014-06-17,0.0035664556962025445,-0.12249666537380921,0.0,-0.1206,5.813841357705031,-0.02819332566168019
2014-06-18,0.006792799954507558,-0.11492321500961249,0.0,-0.1061,3.6085145698336367,-0.05545293770878365
2014-06-19,-0.0009049072048001113,-0.11593303084930245,0.0,-0.10619999999999999,4.182317253643907,0.007874015748031609
2014-06-20,-0.0009020178485408431,-0.11694053114415316,0.0,-0.1085,4.718555876061543,0.007780507780507753
2014-06-23,0.0026028851529455443,-0.11404081085779598,0.0,-0.10980000000000001,4.82757721372955,-0.022258195062727696
2014-06-24,-0.004111483704185063,-0.11864008132300377,0.0,-0.1213,5.119452563032881,0.03605274000824062
2014-06-25,0.0038324084929943695,-0.11436936271300971,0.0,-0.1159,4.548810057579886,-0.03230281411018624
2014-06-26,-0.0006532725736361199,-0.11509782553935585,0.0,-0.11630000000000001,6.007484990466297,0.005711954304365544
2014-06-27,0.0008841150940965244,-0.11411282157727291,0.0,-0.11259999999999999,5.697725098857059,-0.0076814230846977685
2014-06-30,0.0015984134569289215,-0.11233485058348924,0.0,-0.1157,5.932471191003303,-0.014007308160779601
2014-07-01,0.0028803807841920265,-0.10914010473882282,0.0,-0.1115,4.899924138983526,-0.025641025641025595
2014-07-02,0.0013044634032528654,-0.10769515694462811,0.0,-0.1082,5.449099065966704,-0.011952191235059789
2014-07-03,0.0010698948164019205,-0.10651130623379847,0.0,-0.1032,4.593992095802478,-0.009934474741069472
2014-07-07,-0.0025133407720985593,-0.10929935352748166,0.0,-0.1133,5.136239165819162,0.02359693877551019
2014-07-08,-0.001062915293977159,-0.11047969938360766,0.0,-0.1198,4.794960194959614,0.009724808607490119
2014-07-09,0.0018736851346218717,-0.1084029013441873,0.0,-0.1165,5.102561003331758,-0.016959542296689833
2014-07-10,-0.004832391413850357,-0.11378514712603321,0.0,-0.1259,5.8501809783149685,0.04457806344598798
2014-07-11,0.001646445141764209,-0.11195437524704427,0.0,-0.1208,5.355048475450774,-0.01446977205153619
2014-07-14,0.00404410747430623,-0.10747562479519804,0.0,-0.1182,4.752378183384534,-0.03612281757977118
2014-07-15,-0.0020303678339968893,-0.10972878241948308,0.0,-0.11960000000000001,4.783249920900081,0.018891426198878958
2014-07-16,0.002928180749374514,-0.10648878326492787,0.0,-0.11,4.3778991983855,-0.026685621445978934
2014-07-17,-0.008399721023518566,-0.1454,0.029554918702034735,-0.1454,5.665243864377464,0.07874015748031496
2014-07-18,0.007353709371811682,-0.13703854896635498,0.0,-0.1206,1.926139370554754,-0.05057571782538983
2014-07-21,-0.004072530407394743,-0.14168810850399852,0.0,-0.1281,2.7891991431032803,0.029718137254901984
2014-07-22,0.004019371561601625,-0.1371176103188864,0.0,-0.12240000000000001,2.6843293508869106,-0.02836774097727613
2014-07-23,-0.0007015408030831075,-0.1152,0.02270297879486169,-0.1152,2.128613507005392,0.005033557046979916
2014-07-24,-0.0013953065859197498,-0.11675822009938468,0.0,-0.1184,2.806463950910823,0.012112036336108939
2014-07-25,-0.0025086815419742502,-0.1195668568080652,0.0,-0.12689999999999999,3.1923870841426556,0.021486123545210425
2014-07-28,0.0013068368202572005,-0.11810567514284999,0.0,-0.12560000000000002,3.3919897899579983,-0.01092975808802101
2014-07-29,-0.000729154542995688,-0.11892154186835904,0.0,-0.1328,3.8867039159054304,0.006173746876378026
2014-07-30,-0.000866775086504087,-0.11989223655857736,0.0,-0.1333,4.1757125083782025,0.007288629737609433
2014-07-31,-0.012792187670550022,0.0,0.1343265698208263,0.0,4.596730661408637,0.10613718411552338
2014-08-01,0.0,0.0,0.0,0.0,6.483196145991034,0.04826506652752422
2014-08-04,-7.560000000000001e-05,-0.1512,0.1512,-0.1512,3.4574945731782254,-0.05798183401766837
2014-08-05,-0.010154479482781363,-0.16300975873333212,0.0,-0.16870000000000002,5.130710912871425,0.06715925583850108
2014-08-06,-0.00078592911244901,-0.16392452089899992,0.0,-0.1637,4.837461173412789,0.004821362343923915
2014-08-07,-0.003931768951452012,-0.168518867099849,0.0,-0.1666,5.25085678921033,0.02398523985239843
2014-08-08,0.005607174316715691,-0.16200331197301535,0.0,-0.1577,2.0067985244983646,-0.03327327327327324
2014-08-11,0.00967874711949078,-0.15086438660622584,0.0,-0.1423,0.2762796350087875,-0.05974413116383049
2014-08-12,0.0014927215033597578,-0.14914902714284475,0.0,-0.1413,0.23376399685463767,-0.009894459102902398
2014-08-13,0.008238525351653684,-0.0645,0.07521658040953355,-0.0645,-1.6277460962827757,-0.05548902195608782
2014-08-14,0.0023258907106322043,-0.1242,0.06220311844044327,-0.1242,2.1351881076668384,-0.03654251581166552
2014-08-15,-0.00043363398312481913,-0.12468770280834028,0.0,-0.1315,3.1138981170785627,0.0034914169333721346
2014-08-18,0.004726982800721335,-0.11939633558284968,0.0,-0.1232,2.0897261561604754,-0.0379105773404717
2014-08-19,-0.0005731597267703515,-0.12003829642680199,0.0,-0.12210000000000001,4.163243751297289,0.004800480048004767
2014-08-20,1.7852215411481178e-05,-0.12001830161881669,0.0,-0.11779999999999999,3.8917413502614533,-0.00014872099940511287
2014-08-21,0.000889024456435676,-0.1190234623934236,0.0,-0.1176,5.593687454339963,-0.007407407407407381
2014-08-22,-0.0008856259195124497,-0.12001537704158412,0.0,-0.11470000000000001,6.140637307457801,0.007440767573918125
2014-08-25,0.0012792336700168873,-0.11858444615530504,0.0,-0.11699999999999999,6.276391197306084,-0.01065891472868219
2014-08-26,-0.0010188860829590711,-0.11972531869926464,0.0,-0.11630000000000001,6.615524133327747,0.008592071860964624
2014-08-27,-0.0008777854737742821,-0.12070906083319125,0.0,-0.11779999999999999,6.797283640354232,0.007331661200077252
2014-08-28,-0.0003225666828907504,-0.1210706808840101,0.0,-0.12050000000000001,6.951055947982106,0.002672265699560928
2014-08-29,-0.0014703080790468125,-0.12272142726904274,0.0,-0.1198,7.060289387779051,0.012144212523719252
2014-09-02,-4.5885745847459096e-05,-0.12277294654311222,0.0,-0.1225,8.382311242655696,0.0003739016638623634
2014-09-03,0.001806493346415696,-0.12074832215613061,0.0,-0.12359999999999999,8.92864853106472,-0.014714099459862183
2014-09-04,-2.2739797016220766e-05,-0.12077380832503301,0.0,-0.1264,9.128211500642102,0.00018832391713747903
2014-09-05,0.002560975856770269,-0.11791086558824039,0.0,-0.1209,8.221253824322073,-0.021204728842184325
2014-09-08,-0.0007881742352155154,-0.11879266914460818,0.0,-0.1266,8.585626194073546,0.006684491978609665
2014-09-09,-0.0031893664243778375,-0.1223723257560253,0.0,-0.135,8.865557134542462,0.026848175458498803
2014-09-10,0.0006967019464530418,-0.12159091118507862,0.0,-0.1288,7.799247513773709,-0.0056932966023875535
2014-09-11,0.0003358864949864018,-0.12121431044021626,0.0,-0.128,7.6832790253305605,-0.0027624309392264928
2014-09-12,-0.0028998638861295802,-0.12447513527585338,0.0,-0.1331,7.397903845103423,0.023923444976076593
2014-09-15,-0.0033243941846392,-0.12822580257288657,0.0,-0.1412,8.510130805899486,0.026707295214196007
2014-09-16,0.00727743935215198,-0.12007452812456976,0.0,-0.1273,5.703307674987467,-0.05675487465181051
2014-09-17,0.0011996426684989189,-0.11873244894418204,0.0,-0.1265,5.596153790112939,-0.009990817263544565
2014-09-18,0.0016664203360586894,-0.11687127194385506,0.0,-0.12029999999999999,4.5913236507614466,-0.014035087719298196
2014-09-19,-0.0008466526802750832,-0.11781767527468524,0.0,-0.1211,4.930947695898362,0.007244318181818154
2014-09-22,-0.0060508585162881824,-0.12462260755723314,0.0,-0.1369,5.540814777072484,0.05135781623751231
2014-09-23,-0.004123577988749264,-0.1493,0.020032078891927846,-0.1493,6.902992970199433,0.03300815181077109
2014-09-24,0.006924896640826875,-0.14139595101297683,0.0,-0.13269999999999998,4.462203074033498,-0.04638242894056849
2014-09-25,-0.010229456902223483,-0.15319248382624542,0.0,-0.1564,3.6431961998989504,0.0723461798512509
2014-09-26,0.003880001165458092,-0.14873538917743404,0.0,-0.1485,2.2668781400721265,-0.02532762096774201
2014-09-29,-0.008104110294754965,-0.15812092892006632,0.0,-0.1598,3.3706200565804227,0.05448676565526149
2014-09-30,-0.0006384425124632537,-0.15886079491756866,0.0,-0.1631,4.443693374417762,0.004037685060565264
2014-10-01,-0.005106447078806536,-0.16480882956265694,0.0,-0.1671,3.477781690522498,0.03214416169487395
2014-10-02,0.0030124255403551556,-0.16131046824782538,0.0,-0.1616,3.5721069187033105,-0.018278301886792376
2014-10-03,0.011580271309987953,-0.14801612999424957,0.0,-0.14550000000000002,0.061758589887968895,-0.07178871548619453
2014-10-06,-0.004568163102870044,-0.15328452179381918,0.0,-0.15460000000000002,1.319041625328346,0.0308626033057851
2014-10-07,-0.011200971062010819,-0.16634876050848693,0.0,-0.172,1.4773478660866957,0.07307307307307312
2014-10-08,0.016001393128567628,-0.07554999999999999,0.07238859493253787,-0.07554999999999999,-2.9443374590782803,-0.09640941944509215
2014-10-09,-0.007729633381530315,0.18760000000000002,0.2713801651224875,0.18760000000000002,-0.21062838054685784,0.10051546391752578
2014-10-10,0.021787095910009303,0.0,0.2050021818558009,0.0,2.562622987471517,0.11668228678537955
2014-10-13,0.0,0.0,0.0,0.0,4.966010019350854,0.12829950573141244
2014-10-14,-0.0,0.0,0.0,0.0,2.8542595502734684,-0.061266485829202195
2014-10-15,0.0,0.0,0.0,0.0,6.8685334047142526,0.12573654249475688
2014-10-16,-0.0,0.0,0.0,0.0,5.873963790841625,-0.052069425901201616
2014-10-17,-0.0,0.0,0.0,0.0,2.4840416882783387,-0.053270588235294174
2014-10-20,-4.6425000000000004e-05,-0.09285,0.09285,-0.09285,-2.1229809285486994,-0.08726838015540939
2014-10-21,0.007168044332823766,-0.0850721546908633,0.0,-0.08039999999999999,-6.194396073318437,-0.07720026206595332
2014-10-22,-0.00546239027047326,-0.09103179615897906,0.0,-0.08935,-2.4941142939239995,0.06420890937019981
2014-10-23,0.004023504802606812,-0.08665961597530357,0.0,-0.08265,-2.1539869056958096,-0.04419889502762434
2014-10-24,0.0017281830931491242,-0.08478490903580459,0.0,-0.08055,-1.3886853519523044,-0.019942196531791984
2014-10-27,6.212043439794678e-05,-0.1604,0.07572353930741839,-0.1604,1.944994606633319,-0.0011792452830188635
2014-10-28,0.011413167995276056,-0.14730560834997927,0.0,-0.1439,0.02097812573670943,-0.07115441393563626
2014-10-29,-0.0052408602716638225,-0.153350155358515,0.0,-0.1515,1.8444197048620339,0.03557814485387555
2014-10-30,0.0010583983115235083,-0.1521307421263941,0.0,-0.1452,1.7951971308134311,-0.006901840490797644
2014-10-31,0.003005979467764488,-0.14867784012390556,0.0,-0.14029999999999998,1.344842537997069,-0.019759184933621395
2014-11-03,-0.0015674925709365226,-0.15048121087495409,0.0,-0.14730000000000001,1.798410661103338,0.010542879622344535
2014-11-04,0.000561846462507605,-0.1498351800465781,0.0,-0.1489,3.824591638631361,-0.0037336652146857364
2014-11-05,0.004299699489795746,-0.14491240078107887,0.0,-0.1417,4.812958603084514,-0.02869619463505922
2014-11-06,0.003947933995638373,-0.14041013683290565,0.0,-0.1367,5.093811111865255,-0.027243589743589786
2014-11-07,0.00016162982368529986,-0.14022584233104826,0.0,-0.13119999999999998,4.655151299262984,-0.0011511264594638675
2014-11-10,0.005988620073270793,-0.13343811210110942,0.0,-0.1267,4.637354330770904,-0.042706964520367985
2014-11-11,0.00027385964515363564,-0.13312779412549647,0.0,-0.1292,5.995452542183745,-0.002052334530528469
2014-11-12,-0.0030494229765498336,-0.13659374921936893,0.0,-0.13019999999999998,6.16963571412357,0.022905982905982905
2014-11-13,-0.0030733593574358083,-0.14009767908979037,0.0,-0.1379,7.183790252153596,0.022500000000000055
2014-11-14,0.0024594521036569177,-0.13730054287712107,0.0,-0.1331,9.00396090759989,-0.01755526657997399
2014-11-17,-0.0003849759572671958,-0.13773854486254933,0.0,-0.1399,9.68804647582726,0.0028038924624772615
2014-11-18,0.0007225628582953319,-0.13691705082865785,0.0,-0.1386,9.931828556716859,-0.005245901639344198
2014-11-19,-0.0019546740108456182,-0.13914370542426904,0.0,-0.1396,10.351220652479363,0.01427633738103048
2014-11-20,0.0031419546386125237,-0.13557577784158367,0.0,-0.1358,10.257228464578146,-0.0225806451612903
2014-11-21,0.0016902954120509223,-0.13365955829137607,0.0,-0.129,8.98601201353792,-0.012467532467532533
2014-11-24,0.0033619172740538164,-0.12986105888024582,0.0,-0.12619999999999998,8.739352432396974,-0.025152838427947525
2014-11-25,0.0008106183450702075,-0.12894591461126986,0.0,-0.1225,8.202546354313773,-0.006242197253433277
2014-11-26,0.0020036246778318417,-0.12668845382096597,0.0,-0.1207,8.2475665626534,-0.015538489015895702
2014-11-28,-0.004847130880715536,-0.13217626033484803,0.0,-0.1333,9.03159682277847,0.03826024183360404
2014-12-01,-0.006385658291501748,-0.13945241409065773,0.0,-0.1429,8.252914874007274,0.048311688311688306
2014-12-02,0.010972552088120879,-0.12708541071383903,0.0,-0.1285,6.1687402951873365,-0.0786831275720164
2014-12-03,-0.0003616159650402662,-0.12749313023020348,0.0,-0.1247,6.082140078353876,0.002845456162190991
2014-12-04,0.0021597565735132483,-0.12506326744272575,0.0,-0.12380000000000001,6.047562855602997,-0.016940179989412447
2014-12-05,0.0018532853415008429,-0.12298206124984302,0.0,-0.1182,5.490221229395368,-0.01481878236029278
2014-12-08,-0.00779572943633076,-0.13180530921508649,0.0,-0.1421,7.250282537739031,0.063389159013146
2014-12-09,-0.0006219327027338121,-0.13250965400507403,0.0,-0.1489,8.109733237421457,0.004718570947084622
2014-12-10,-0.015864431362790556,-0.18530000000000002,0.03455430145115196,-0.18530000000000002,8.13649268483463,0.11959245030900287
2014-12-11,-0.015519910581222054,-0.20398575119968457,0.0,-0.20079999999999998,9.31478521071514,0.08375558867362144
2014-12-12,-0.0012245485587451246,0.0,0.20533799526080268,0.0,8.070543931470683,0.005499793757734085
2014-12-15,-0.00010210000000000002,-0.20420000000000002,0.20420000000000002,-0.20420000000000002,7.417207633811714,-0.017524644030668064
2014-12-16,-0.0171981646050295,0.0,0.22513211549269188,0.0,11.537782203768277,0.08367090375750809
2014-12-17,-9.72e-05,-0.19440000000000002,0.19440000000000002,-0.19440000000000002,2.679332428261869,-0.11200311769290738
2014-12-18,0.004904144285945233,-0.08405,0.10445930346362618,-0.08405,-4.994039462845123,-0.02549575070821526
2014-12-19,0.003128577085533257,-0.08066904359316929,0.0,-0.08245,-5.419854284320564,-0.037222808870116086
2014-12-22,0.0006072813300881892,-0.0800131717577115,0.0,-0.07625,-6.438568064200435,-0.007528059129482617
2014-12-23,0.002291441515297257,-0.07754404260392762,0.0,-0.07400000000000001,-6.867224111068346,-0.02863830373124051
2014-12-24,-0.0013598446164456287,-0.07901133035259145,0.0,-0.07185,-5.0956568368517825,0.017536416348465592
2014-12-26,0.0019289768542178065,-0.07693394969011784,0.0,-0.0725,-4.929149065667659,-0.02441392703565001
2014-12-29,-0.0011353953125829831,-0.0781580853264209,0.0,-0.0753,-1.3717261386179427,0.014758053072229367
2014-12-30,-0.001603746306949173,-0.07988995485342859,0.0,-0.0796,-0.23729021068372624,0.020519262981574544
2014-12-31,-0.0070343111800474315,-0.192,0.10451718292859835,-0.192,2.604742609470147,0.08739587600710089
2015-01-02,0.0012531693234592652,-0.19050809178005124,0.0,-0.1779,3.4359150159935528,-0.006526923559683672
2015-01-05,-0.012190786637951019,-0.2052004331161362,0.0,-0.19920000000000002,8.438201425452686,0.06399091253313136
2015-01-06,-0.006558917953483812,-0.213157433185056,0.0,-0.2112,9.639235850126948,0.031963470319634736
2015-01-07,0.010612529443386127,-0.20041796221666208,0.0,-0.1931,5.818375120515958,-0.04978728297113942
2015-01-08,0.011122875467692276,-0.1872127427256671,0.0,-0.17010000000000003,0.12952531397637657,-0.05549839617502885
2015-01-09,-0.009702113153164158,-0.17550000000000002,0.0233299421592931,-0.17550000000000002,0.30884399701817955,0.0517616912235747
2015-01-12,-0.007332095006090129,-0.1841825388796184,0.0,-0.196,2.3413925996334832,0.04177831912302067
2015-01-13,-0.0039641580481752136,-0.1888955085783888,0.0,-0.20559999999999998,3.4526191497908165,0.021522985144461413
2015-01-14,-0.00206598944486625,0.0,0.19124269518108633,0.0,4.345245505381605,0.010430994956441928
2015-01-15,0.0,0.0,0.0,0.0,5.33439336570839,0.04499488694466533
2015-01-16,-0.00010475,-0.2095,0.2095,-0.2095,2.030275835088382,-0.032451268648589736
2015-01-20,0.0004249014084507036,-0.20898630001832458,0.0,-0.1989,3.250730631036568,-0.002028169014084504
2015-01-21,0.012013880458370488,-0.1946341086455648,0.0,-0.1885,2.990127739389745,-0.05748644986449865
2015-01-22,0.010311740855394162,-0.1824410826247665,0.0,-0.16399999999999998,0.04255840787313758,-0.052980132450331126
2015-01-23,-0.0050567332813898965,-0.1666,0.021837718805950812,-0.1666,2.606830413187369,0.02765722692166237
2015-01-26,0.01017932317378549,-0.1548444649755564,0.0,-0.1552,2.0862889043064285,-0.0611003791943907
2015-01-27,-0.005538998290471981,-0.16127677504730825,0.0,-0.1722,2.623771718768811,0.035771367683994144
2015-01-28,-0.02236105979946524,-0.18783809369244786,0.0,-0.20440000000000003,4.485646040319439,0.13865021664096358
2015-01-29,0.012537898707507022,-0.17312951466676904,0.0,-0.18760000000000002,2.3410189084547675,-0.06674843457491453
2015-01-30,-0.016103956516861896,-0.19233075733663527,0.0,-0.2097,3.9053665711032437,0.09301681777285624
2015-02-02,0.008285280055295972,-0.18253313910448635,0.0,-0.1943,2.5159973467846513,-0.04307828955716272
2015-02-03,0.007951430508674015,-0.08664999999999999,0.08650414410411066,-0.08664999999999999,-1.048379191512673,-0.043798526776826656
2015-02-04,-0.0037864673649164143,-0.09078020364339258,0.0,-0.09165,-0.0975313388124377,0.043698411597419676
2015-02-05,0.0041984863935013075,-0.08621972490801354,0.0,-0.08425,-0.6715169691706713,-0.04624892019403278
2015-02-06,-0.002214147017263348,-0.08863011202345333,0.0,-0.08645,-0.0427119937270497,0.025680283944603005
2015-02-09,-0.0018857578494178215,-0.1855,0.09486494588008179,-0.1855,1.1006669685406258,0.020741544092726886
2015-02-10,0.00806200650255459,-0.17601892775729344,0.0,-0.1723,0.6096632279756697,-0.043460951496251156
2015-02-11,0.0008777174872584672,-0.17498762057540218,0.0,-0.1696,2.470605075808395,-0.004986494909619732
2015-02-12,0.009215633738355771,-0.16425824303076902,0.0,-0.1534,0.8071258657536795,-0.05266448968248445
2015-02-13,0.001115933713336388,-0.16296045625036218,0.0,-0.1469,3.2036297215731437,-0.006793776024545387
2015-02-17,-0.0005248323872797603,-0.16357113606747428,0.0,-0.158,4.973882836914038,0.0032206119162641574
2015-02-18,0.0029942961084588413,-0.1600974607553017,0.0,-0.1545,6.225563763869561,-0.01830577313606034
2015-02-19,0.002239125325248975,-0.1575056605167197,0.0,-0.15289999999999998,6.546200863697244,-0.013986013986013986
2015-02-20,0.006228470870744638,-0.15034079637506836,0.0,-0.14300000000000002,6.291989972475738,-0.03954442558007918
2015-02-23,-0.0009055343986157906,-0.1513834136621351,0.0,-0.1456,6.932782859656777,0.006023211400029268
2015-02-24,0.007605545028897126,-0.14269261353570117,0.0,-0.1369,7.198588143786836,-0.050240279598077725
2015-02-25,-0.002703007039173082,-0.14578969113625442,0.0,-0.1384,8.440193384811426,0.018942865872288474
2015-02-26,0.003048626849749918,-0.14230722266656987,0.0,-0.1391,8.284360350175497,-0.020911127707244296
2015-02-27,0.0014697586788163346,-0.14063077069202032,0.0,-0.1334,8.887296237100292,-0.010328068043742401
2015-03-02,0.003995314395710364,-0.13609172706004985,0.0,-0.1304,8.03169133662737,-0.028409958759737255
2015-03-03,-0.00349062296494341,-0.14007128607288846,0.0,-0.1386,8.242998476432533,0.025649045980606806
2015-03-04,0.00023384187992135302,-0.13980475198694056,0.0,-0.1423,8.13279706089163,-0.001669449081803029
2015-03-05,0.002749563957383099,-0.13667937933442204,0.0,-0.1404,7.9390093038706055,-0.019667170953101373
2015-03-06,-0.006629421929344189,-0.1442651961185557,0.0,-0.152,6.603725036303185,0.048503453568687675
2015-03-09,0.0023546636498511016,-0.14157716586259902,0.0,-0.1506,5.980410970370135,-0.01632177207811136
2015-03-10,-0.007553564339316272,-0.15026577238159675,0.0,-0.16690000000000002,5.3166317398559855,0.05335298452468687
2015-03-11,-0.0016333236128434363,-0.15214760226585855,0.0,-0.16870000000000002,5.560294043302541,0.01086956521739126
2015-03-12,0.009718219100772548,-0.14105854531567205,0.0,-0.1542,1.4982109760917481,-0.06387362637362631
2015-03-13,-0.003873649798326953,-0.14549579487045639,0.0,-0.16,1.9350782084893154,0.02746129126497222
2015-03-16,0.0031404445977609046,-0.07805,0.06382336572701457,-0.07805,-0.018618313776826767,-0.02180376610505445
2015-03-17,0.0005905470174793677,-0.1566,0.079228917751772,-0.1566,0.07233446291678902,-0.008073817762399151
2015-03-18,0.007255224958431448,-0.06985000000000001,0.0783743781479755,-0.06985000000000001,-2.8938696078966455,-0.046579898770788226
2015-03-19,-0.0,-0.06985000000000001,0.0,-0.07035,-2.9444842309386736,0.0
2015-03-20,0.0014075287584291868,-0.06834627189834248,0.0,-0.06509999999999999,-2.678506811160238,-0.020150733835779335
2015-03-23,0.000374530299708869,-0.06794629365290768,0.0,-0.06705,-2.3406784998711263,-0.005479893625594405
2015-03-24,0.0006995621894186699,-0.1362,0.06903709007979347,-0.1362,0.48504011592658003,-0.01080383778118194
2015-03-25,-0.0055526338534665105,-0.07719999999999999,0.0653066142848992,-0.07719999999999999,-0.14747098392455094,0.04052849152954524
2015-03-26,0.0005937626210177224,-0.158,0.08148305446760339,-0.158,1.5787131405275083,-0.00821896565092648
2015-03-27,0.0018942779291553071,-0.15581057354025835,0.0,-0.1507,1.1735104799923821,-0.011989100817438652
2015-03-30,0.00383691632747559,-0.15139277579945598,0.0,-0.1451,0.9066488078036432,-0.024625519567092843
2015-03-31,-0.004408204974882155,-0.15649082440500367,0.0,-0.15289999999999998,1.0048181275067005,0.02911767058635301
2015-04-01,0.001864283047758218,-0.1543388101299091,0.0,-0.15109999999999998,2.536635738941694,-0.011913050204997251
2015-04-02,0.002692724781454904,-0.15123884077398356,0.0,-0.1467,1.9301261735317965,-0.017446841654334386
2015-04-06,0.0031704256951595637,-0.1476004587916536,0.0,-0.1474,2.4155360353165225,-0.020963038852549493
2015-04-07,0.0002834609114987386,-0.14727525110323592,0.0,-0.1478,2.4387855222117114,-0.0019204609106185757
2015-04-08,0.0034045295193254914,-0.14338257138706637,0.0,-0.1398,1.699211629568767,-0.023116779593463463
2015-04-09,0.005325538698830301,-0.13732569936194014,0.0,-0.1309,3.603209855668659,-0.03714216203065448
2015-04-10,0.006362669352388961,-0.1301350238814284,0.0,-0.1258,3.1828806088389463,-0.04633269214685956
2015-04-13,-0.005938409171285233,-0.13688632003100926,0.0,-0.1394,3.9350707076826854,0.04563267438822598
2015-04-14,0.004148413772571775,-0.13218952939410916,0.0,-0.1367,5.552012205596952,-0.030305539455162667
2015-04-15,0.0023158108007142386,-0.12957365053400033,0.0,-0.1284,6.455003643424469,-0.01751886712456546
2015-04-16,0.0016910101211614992,-0.1276667546386091,0.0,-0.126,6.813626548521519,-0.013050570962479562
2015-04-17,-0.0045754472971476015,-0.13285005033950853,0.0,-0.1389,4.968946220610995,0.03583898807563085
2015-04-20,0.004077067044849543,-0.12825009904235468,0.0,-0.133,3.860508407133338,-0.03068923974383362
2015-04-21,0.0004179433586728688,-0.12777875140315334,0.0,-0.1325,3.9398491623205025,-0.0032588150948315658
2015-04-22,0.0016649781927572205,-0.12590414555367155,0.0,-0.12710000000000002,3.2649342309256912,-0.013030164831585074
2015-04-23,0.0015732842916933683,-0.12413556073423446,0.0,-0.12480000000000001,3.1648855830833345,-0.012495889510029633
2015-04-24,0.0006259074249188473,-0.12343239605614854,0.0,-0.1229,3.257614978379763,-0.005042128308896685
2015-04-27,-0.0036392844046038895,-0.12753581957997823,0.0,-0.13119999999999998,4.145874942386959,0.029484029484029492
2015-04-28,0.0049351779512211225,-0.12199855703997262,0.0,-0.1241,3.370238570115932,-0.038696406762229275
2015-04-29,-0.004582563181521453,-0.12716385662890195,0.0,-0.13390000000000002,4.263968692084537,0.037562437562437594
2015-04-30,-0.0026839829029445253,-0.13019728682369103,0.0,-0.14550000000000002,4.101706137325424,0.021106491845219063
2015-05-01,0.007108028526697859,-0.12222051141530559,0.0,-0.127,2.590411532394418,-0.05459429071147483
2015-05-04,-0.0,-0.12222051141530559,0.0,-0.1285,3.645686926480968,0.0
2015-05-05,-0.005175644075666165,-0.12805894300064913,0.0,-0.1431,3.2557776075607183,0.04234677155031134
2015-05-06,-0.002274129299914845,-0.1515,0.020881689382341195,-0.1515,4.365065966117701,0.017676925970037092
2015-05-07,0.0020479262672811016,-0.14914663242649617,0.0,-0.15130000000000002,4.1782186861211095,-0.013517665130568329
2015-05-08,0.0065769144573110455,-0.0643,0.07729434468318169,-0.0643,-0.18480299639519693,-0.044356091197117566
2015-05-11,-0.001971811777915423,-0.13849999999999998,0.07213579200849136,-0.13849999999999998,0.7466108498681301,0.03010488152272438
2015-05-12,0.0022896862671425906,-0.13589914732151892,0.0,-0.1386,0.8157547132023488,-0.016532030809693798
2015-05-13,0.0019309488740894506,-0.13371001125174842,0.0,-0.1376,0.8565159091808443,-0.01420869013637803
2015-05-14,0.0030846269817769623,-0.13022369275363693,0.0,-0.1274,0.09970758111936995,-0.02306952899711634
2015-05-15,0.0007819711333029526,-0.129340581019612,0.0,-0.12380000000000001,0.7853004958335905,-0.006004829971933916
2015-05-18,0.004496450964022327,-0.12428528735544647,0.0,-0.1273,1.1219916830862555,-0.0347644252760897
2015-05-19,0.0008710607106251362,-0.1233068189195084,0.0,-0.1285,3.404746374115444,-0.007008558528202689
2015-05-20,0.00010827346477228003,-0.12318520776548264,0.0,-0.1288,3.9075915764532176,-0.000878081729145557
2015-05-21,0.004554747177883398,-0.11809257874781866,0.0,-0.1211,3.1776282112632916,-0.036974789915966436
2015-05-22,-0.0008639603383471066,-0.11905940168713079,0.0,-0.1213,5.398346115976992,0.0073159579332419756
2015-05-26,-0.003872900027773298,-0.12341025730384365,0.0,-0.1406,5.545832457362819,0.03252914068853348
2015-05-27,0.003142017188309561,-0.11989153883976664,0.0,-0.13269999999999998,3.7590140624222563,-0.025459935478245713
2015-05-28,0.00023501860950502873,-0.11962840532878392,0.0,-0.1331,3.7329801290145515,-0.001960260179987579
2015-05-29,-0.0011057998537190956,-0.12086786084534516,0.0,-0.1384,5.1652784905337725,0.009243622789085427
2015-06-01,0.0004027868729389749,-0.12041657175801773,0.0,-0.13970000000000002,5.2338515446996325,-0.0033324563711304147
2015-06-02,-0.002257876663122385,-0.12295205900585228,0.0,-0.1424,5.724583598941281,0.018750547621133783
2015-06-03,0.003496965954762519,-0.11903881835600366,0.0,-0.1366,4.968376414938017,-0.028441703075473262
2015-06-04,-0.004023968893260799,-0.1471,0.023553296272264546,-0.1471,5.1445787761957025,0.03370490652154826
2015-06-05,0.0016177142373741628,-0.14524731710979694,0.0,-0.1421,4.935183405658345,-0.010997377548430746
2015-06-08,-0.00361231722988337,-0.14939931204872664,0.0,-0.15289999999999998,5.753643948336652,0.02487011327825565
2015-06-09,0.0027219750435378658,-0.14627916875843885,0.0,-0.1447,6.22168812651503,-0.018219461697722494
2015-06-10,0.006795394852437554,-0.13854232410990017,0.0,-0.1322,4.033132502451931,-0.04645497311827955
2015-06-11,0.002889080271458537,-0.1352624597345536,0.0,-0.1285,3.448018294602649,-0.020853412774905836
2015-06-12,-0.0031050551304844564,-0.1387984918342114,0.0,-0.1378,4.1034577348586225,0.02295577898389535
2015-06-15,-0.006841332454406286,-0.1466430582019078,0.0,-0.1539,5.6607613428858805,0.04928967428967422
2015-06-16,0.003613207614534013,-0.14251491461271046,0.0,-0.1481,4.529013594657425,-0.02463947259991749
2015-06-17,0.0003387206567280637,-0.1421280522487852,0.0,-0.145,4.294993509685048,-0.0023767383059418697
2015-06-18,0.005912526973549468,-0.135414881137888,0.0,-0.1319,2.656716303148656,-0.041600000000000026
2015-06-19,-0.004039711314644926,-0.1400202337751938,0.0,-0.1396,3.1256532733189495,0.029832107673095666
2015-06-22,0.008017287579063517,-0.1309530578718142,0.0,-0.1274,2.529099062385553,-0.05725806451612905
2015-06-23,0.003853202982155734,-0.12661199317996075,0.0,-0.1211,1.9433308828403266,-0.02942430703624739
2015-06-24,-0.004213008529630918,-0.13137850045260863,0.0,-0.1326,3.7027847898204076,0.03327495621716287
2015-06-25,-0.00035152675800585823,-0.13177635012375533,0.0,-0.1401,4.474230268988901,0.00267567948176317
2015-06-26,0.0009966278580788202,-0.1306495133210563,0.0,-0.1402,5.3951356667999555,-0.0075630252100840215
2015-06-29,-0.022916918413585674,0.0,0.15707523821936928,0.0,5.12437187131685,0.17480647431386348
2015-06-30,-9.115e-05,-0.18230000000000002,0.18230000000000002,-0.18230000000000002,4.86544710407278,-0.0028749401054145116
2015-07-01,0.013927063063063051,-0.16606020597604337,0.0,-0.1609,1.9322378175313268,-0.07639639639639632
2015-07-02,-0.009712385324827065,-0.17749650575860845,0.0,-0.1679,4.11132231995235,0.058487132830777167
2015-07-06,-0.003377358015293936,-0.1814868097053308,0.0,-0.17010000000000003,4.3889657640082245,0.019027743677878777
2015-07-07,0.008392453627992182,-0.17165375985766265,0.0,-0.1609,3.274552355564415,-0.04624277456647403
2015-07-08,-0.01854631513469273,0.0,0.19367646624968132,0.0,4.942533517814638,0.10748076195281953
2015-07-09,0.0,0.0,0.0,0.0,5.187084942991685,0.025074082516526063
2015-07-10,-8.414999999999999e-05,-0.16829999999999998,0.16829999999999998,-0.16829999999999998,0.19491025305546472,-0.0910910910910911
2015-07-13,0.018066611784948856,-0.0695,0.07802337386756933,-0.0695,-3.8242723857733107,-0.10757946210268951
2015-07-14,0.0004991646624824541,-0.13369999999999999,0.06476818937543714,-0.13369999999999999,0.0323509057649396,-0.007648183556405361
2015-07-15,0.0016714245995219515,-0.06615,0.06562119569293236,-0.06615,-0.18692548170647605,-0.012746710526315767
2015-07-16,0.004002575893783279,-0.0618996659952708,0.0,-0.06055,-1.3080032556880639,-0.060507572090450164
2015-07-17,0.00018141754394862102,-0.061707053709193965,0.0,-0.05975,-1.3777441540202435,-0.0029308323563891525
2015-07-20,0.000975177319372692,-0.06067270973937854,0.0,-0.06125,-0.8042844404477307,-0.015803336259877152
2015-07-21,5.38515175201586e-05,-0.06061559398013717,0.0,-0.0611,-1.0853121827441239,-0.0008875739644970435
2015-07-22,9.549585305749195e-05,-0.12119999999999999,0.06071787277469478,-0.12119999999999999,3.308331830578968,-0.0020762774260049337
2015-07-23,-0.0008550264550264519,-0.12215947603877177,0.0,-0.1264,2.74862133271769,0.0070546737213403625
2015-07-24,-0.005220490429007341,-0.12804844213439098,0.0,-0.1374,3.6511524136287097,0.04273504273504274
2015-07-27,-0.007175496423808433,-0.13620125014150805,0.0,-0.156,7.130577719450127,0.05603735823882587
2015-07-28,0.011316105758249212,-0.12348774401216953,0.0,-0.1344,2.7984027312052433,-0.08308371433075833
2015-07-29,0.0021998501845264915,-0.12102166429710735,0.0,-0.125,1.207498307823247,-0.01781431997259339
2015-07-30,0.0010505352803568274,-0.11984522737720837,0.0,-0.1213,1.726244778279355,-0.008680555555555495
2015-07-31,-0.0002924073167098085,-0.12017277409233207,0.0,-0.12119999999999999,1.7457881836694185,0.002439874520738881
2015-08-03,0.0011229156949274803,-0.1189163253892419,0.0,-0.12560000000000002,2.1525978544933384,-0.009344177193286002
2015-08-04,-0.0015717636051447615,-0.12067776591480174,0.0,-0.13,2.686895236796719,0.013217391304347816
2015-08-05,0.0010936938429350973,-0.11945342659468253,0.0,-0.1251,1.9778752632042398,-0.009062927496579967
2015-08-06,-0.0032839429991665253,-0.12314176011488336,0.0,-0.1377,2.825488976565353,0.027491408934707865
2015-08-07,0.0016421638288365865,-0.1213004011548469,0.0,-0.13390000000000002,3.7604423723720934,-0.013335555925987683
2015-08-10,0.00400385291787639,-0.11682878297337064,0.0,-0.1223,1.3542370499806538,-0.03300774671606603
2015-08-11,-0.005711809431083653,-0.12324454174029612,0.0,-0.1371,3.3172192326768464,0.04889042995839111
2015-08-12,0.0015024869997993233,-0.12155941330230685,0.0,-0.1361,3.9500534876858584,-0.012191103789126826
2015-08-13,0.0015157034077594406,-0.11986203460024285,0.0,-0.1349,3.848754443991412,-0.012468827930174592
2015-08-14,-0.0004828279339385451,-0.12040299646420421,0.0,-0.1283,2.920252755043501,0.004028197381671735
2015-08-17,0.0012243011809162279,-0.11903296308601381,0.0,-0.13019999999999998,2.8218215370823057,-0.010168361393565585
2015-08-18,-0.001437499721937775,-0.12064388836392821,0.0,-0.1379,3.520185869968172,0.012076484401207677
2015-08-19,-0.004381129631281541,-0.1525,0.026940048902597852,-0.1525,4.3721481549761485,0.03620290812954389
2015-08-20,-0.01560202558736803,0.0,0.17066484723209094,0.0,4.602426984238713,0.10174880763116055
2015-08-21,0.0,0.0,0.0,0.0,7.808863611776637,0.14475582896635525
2015-08-24,0.0,0.0,0.0,0.0,15.702155966651745,0.2571561709492745
2015-08-25,0.0,0.0,0.0,0.0,10.985684259205197,0.0071352502662406616
2015-08-26,-0.00015160000000000003,0.3032,0.3032,0.3032,-4.6386963795827185,-0.06020315907036104
2015-08-27,0.004581955842315775,0.261,0.045393815624390876,0.261,-12.304180113436814,0.015186849439736048
2015-08-28,0.0030596855097785015,0.26325421041677816,0.0,0.2605,-12.187383479660479,0.011722932987657093
2015-08-31,0.020560052065717344,0.2780965822716915,0.0,0.2843,-9.392137813853068,0.07809961342372124
2015-09-01,0.03228439118564844,0.3006738996613582,0.0,0.314,-8.171137910239445,0.11609057156303926
2015-09-02,-0.031453819038544904,-0.13045,0.40856533868316786,-0.13045,-15.871701583027818,-0.10393165620427619
2015-09-03,0.0008696206549918028,-0.12946779147938156,0.0,-0.12805,-15.610154806647493,-0.006666313951642796
2015-09-04,-0.011102183241535838,-0.14214812929984583,0.0,-0.139,-11.391467784440305,0.08575247260090878
2015-09-08,0.014117090045704057,-0.12624877394421158,0.0,-0.1245,-9.45665665817259,-0.09931252782036695
2015-09-09,-0.004349811904291736,-0.13116914696544943,0.0,-0.13115,-8.345639045522187,0.034454290274643674
2015-09-10,0.004908951578814808,-0.12564341793181058,0.0,-0.12185,-4.566673948948253,-0.03742459025145485
2015-09-11,0.0028934958571379824,-0.12239577042003102,0.0,-0.11599999999999999,-2.6870175377299006,-0.023029426489403093
2015-09-14,0.00010401046710191292,0.2425,0.3645745230327463,0.2425,-1.6567425621406997,-0.0023391145595618654
2015-09-15,-0.024594576472794956,-0.1127,0.3362336766963152,-0.1127,-3.9635596529187964,-0.1007276685956569
2015-09-16,0.007539606311309949,-0.21350000000000002,0.10918637795668296,-0.21350000000000002,0.8276197288819773,-0.06738420142225635
2015-09-17,-0.016431701249456514,0.0,0.23362647783267723,0.0,2.1372178730118385,0.07641633728590246
2015-09-18,-0.0001114,-0.2228,0.2228,-0.2228,1.0877637706684844,0.05350056342168428
2015-09-21,0.018607290163400195,-0.20046264326641935,0.0,-0.2014,0.783732058974909,-0.08351566500628453
2015-09-22,-0.020399489011623625,-0.22546143024690976,0.0,-0.22440000000000002,6.33565869083678,0.10176204742802002
2015-09-23,0.006429567804558625,-0.21763257901906705,0.0,-0.2213,7.4926638725652825,-0.02851737344838719
2015-09-24,-0.00735560643517833,0.0,0.2265154314836417,0.0,9.081078900529466,0.03327787021630616
2015-09-25,-0.00011810000000000001,-0.23620000000000002,0.23620000000000002,-0.23620000000000002,9.547160714218837,0.021283456949371147
2015-09-28,-0.016705080120030254,0.0,0.25703735698232744,0.0,9.177921621425881,0.07018019238585559
2015-09-29,-0.0,0.0,0.0,0.0,10.429818097319991,-0.006428964175443039
2015-09-30,-0.0001225,-0.245,0.245,-0.245,5.2823205681719685,-0.031651239175873445
2015-10-01,0.008215309949260953,-0.234855281123092,0.0,-0.2255,3.071513382169062,-0.03353187734392226
2015-10-02,0.011402930944668035,-0.2209330656870013,0.0,-0.2094,1.0074757910152385,-0.048553010560965615
2015-10-05,0.01167924441820465,-0.0977,0.1090730550083495,-0.0977,-2.25788332549228,-0.05311011689998555
2015-10-06,-0.002235470585244314,-0.1001593739194778,0.0,-0.09699999999999999,-1.16215491915478,0.022880968119184383
2015-10-07,0.003956347589277414,-0.09582391362055259,0.0,-0.092,-2.261601871329688,-0.0395005223620715
2015-10-08,0.004022667532140334,-0.09143343975894204,0.0,-0.08710000000000001,-3.075708573896339,-0.04197978750971762
2015-10-09,0.0009198236678653866,-0.09043043603571561,0.0,-0.08539999999999999,-3.366832988710783,-0.01006003569690081
2015-10-12,0.006282329576794629,-0.1617,0.0781192993314907,-0.1617,3.56107951060914,-0.06990333679209214
2015-10-13,-0.014359422840049265,-0.1786243656357486,0.0,-0.17670000000000002,3.6825799582516243,0.088802862337967
2015-10-14,-0.0004807157695132976,-0.1791912214511718,0.0,-0.18030000000000002,4.915826220631089,0.0026912105064858553
2015-10-15,0.01528098911812085,-0.16144322024134852,0.0,-0.1605,1.7919301042269797,-0.085277554304103
2015-10-16,0.001512437217554652,-0.15968926303912964,0.0,-0.1505,1.8582410086195953,-0.009368229990046306
2015-10-19,0.010254841812101205,-0.14791755014901672,0.0,-0.14980000000000002,4.132110105847159,-0.06421747847623542
2015-10-20,-0.009798514110903028,-0.15927673964082903,0.0,-0.1575,5.178535483912071,0.06624308002013081
2015-10-21,-0.010364661682402592,-0.1714180918515156,0.0,-0.16699999999999998,5.767073093232787,0.06507329134043696
2015-10-22,0.020692444558207672,-0.14766999412692566,0.0,-0.1445,1.433226544480295,-0.12071330589849123
2015-10-23,-0.005204988121654036,-0.15367485805937559,0.0,-0.1446,0.7406653015134683,0.035247432306256016
2015-10-26,-0.0029743520914717768,-0.1571165300305485,0.0,-0.15289999999999998,1.319663691706122,0.01935483870967736
2015-10-27,0.004016790512094532,-0.15248723025873515,0.0,-0.1543,2.0921391786213857,-0.025565677343520367
2015-10-28,0.004313511779813769,-0.1475373145347138,0.0,-0.1433,1.2238125164939007,-0.02828769184471873
2015-10-29,-0.0017089264231820254,-0.14950172841189027,0.0,-0.1461,2.7212675437799874,0.011583011583011666
2015-10-30,-0.00382520413847053,-0.15391569149042555,0.0,-0.1507,2.6465884934272808,0.025586353944562833
2015-11-02,0.006683061293226833,-0.1462551977462078,0.0,-0.14150000000000001,0.9105476933531804,-0.04342027267338469
2015-11-03,-0.002441354150941338,-0.14906046127301925,0.0,-0.1454,1.5528988650735087,0.01669242658423495
2015-11-04,-0.005018414073795924,-0.15485600691131074,0.0,-0.1551,3.1264890585914085,0.03366696997270251
2015-11-05,0.005894957803358846,-0.14808807614787953,0.0,-0.1505,4.730527968477384,-0.03806734992679368
2015-11-06,0.0031479396691015803,-0.1444853054541366,0.0,-0.1433,5.13695870969517,-0.021257212268448095
2015-11-09,-0.010195806141610374,-0.1562744556504446,0.0,-0.16519999999999999,6.003076471188265,0.07056638811513458
2015-11-10,0.005752849168595834,-0.14966063144268218,0.0,-0.15289999999999998,4.836960120844839,-0.03681247293200517
2015-11-11,-0.004297762673795229,-0.15462292675961786,0.0,-0.1606,7.167625882699134,0.028716721507627798
2015-11-12,-0.013128361706005301,-0.16998288526724192,0.0,-0.1837,7.221738865891117,0.08490566037735855
2015-11-13,-0.011547379742679704,-0.1836509522961905,0.0,-0.20079999999999998,8.010884793823646,0.06793260230008018
2015-11-16,0.018763385498482544,-0.16185069972555818,0.0,-0.1816,4.900667837743654,-0.10216873511345118
2015-11-17,-0.006105013820326995,-0.16898738385981024,0.0,-0.1884,5.8536178925461435,0.037720033528918624
2015-11-18,0.006407352888497724,-0.1615449554344871,0.0,-0.1685,0.9031449841031662,-0.03791616120770993
2015-11-19,-0.003635329517513091,-0.16578296064232395,0.0,-0.1699,1.0436330747443456,0.022503516174402372
2015-11-20,0.006692106137975197,-0.07735,0.0806369011557605,-0.07735,-0.6271983825209926,-0.04060987065539417
2015-11-23,0.001749395497505379,-0.1562,0.08077477765847947,-0.1562,0.3029152034178324,-0.023138757418676388
2015-11-24,-0.0037866666666666834,-0.16059478558809362,0.0,-0.1593,0.6369085628504294,0.02424242424242435
2015-11-25,0.005734242736319487,-0.15397759792929216,0.0,-0.1519,0.08162035864803308,-0.0357062822140884
2015-11-27,-0.003258155983676441,-0.15774972713034163,0.0,-0.1512,2.434557313936768,0.02115993513012597
2015-11-30,0.0019514939465471804,-0.15549478605009803,0.0,-0.1613,5.180589193073761,-0.012370822961454298
2015-12-01,0.006989860858632981,-0.1474741017400502,0.0,-0.1467,5.221137625277693,-0.04495238095238097
2015-12-02,-0.005042851987930136,-0.15328997236987552,0.0,-0.1591,4.5619547203034045,0.03419483101391643
2015-12-03,-0.011311264356816772,-0.1664843856237649,0.0,-0.18109999999999998,7.463502425996406,0.07378998235790443
2015-12-04,0.014653074554296283,-0.07405,0.07554584835371456,-0.07405,-0.18876201038715124,-0.08824159348896973
2015-12-07,-0.001104826200859212,-0.15839999999999999,0.08320683012265215,-0.15839999999999999,0.6122747782700255,0.014358174014826279
2015-12-08,-0.008916757420047553,-0.16882210316107712,0.0,-0.17600000000000002,2.0441721685591236,0.0562926604800982
2015-12-09,-0.00797912368691717,-0.1782232925430852,0.0,-0.1961,3.763330240406612,0.047263501268575606
2015-12-10,-0.0015541653305023739,-0.18005729668159406,0.0,-0.1934,3.350991201547755,0.0087203266662053
2015-12-11,-0.029427264741987234,0.0,0.2157009360591504,0.0,6.221537990085622,0.16283380243015036
2015-12-14,-0.00011365,-0.2273,0.2273,-0.2273,4.04986100724177,-0.06561944279786601
2015-12-15,0.017363093795829888,-0.20635396298963982,0.0,-0.2095,2.0873454698127567,-0.07638844608812093
2015-12-16,0.00847558484747193,-0.08929999999999999,0.10685196988131049,-0.08929999999999999,-2.294134218515989,-0.041331945889698234
2015-12-17,-0.005665931034482751,-0.09550706749219923,0.0,-0.0947,-1.4595738030077108,0.06344827586206889
2015-12-18,-0.005713056592525773,-0.207,0.10525659295155725,-0.207,1.9004185112087804,0.05926711441027464
2015-12-21,0.01588110081392826,-0.0935,0.094575865749645,-0.0935,-1.015487231573477,-0.07694873790726127
2015-12-22,0.004815643802647411,-0.0882593306984488,0.0,-0.083,-3.772884899091437,-0.051504211793020435
2015-12-23,-0.0002906577071766531,-0.08857573362527245,0.0,-0.07785,-5.43228547969267,0.0032932235592147037
2015-12-24,-0.0016074235213660083,-0.090328353066003,0.0,-0.0787,-5.280700597458187,0.018147448015122934
2015-12-28,0.002098841969646351,-0.0880447191446102,0.0,-0.08455,-1.101479785285754,-0.023235693980966587
2015-12-29,0.0015577228207058476,-0.08635248309036989,0.0,-0.08039999999999999,-2.3879232012950133,-0.017692404903323564
2015-12-30,-0.003959901922063203,-0.09067143500217442,0.0,-0.08645,-1.2491780660583842,0.04585741811175335
2015-12-31,-0.0007517438584035106,-0.1821,0.09065755359297761,-0.1821,0.6069966365677466,0.00779093307159064
2016-01-04,-0.009790560759031747,-0.1937878525033279,0.0,-0.207,3.365301601499521,0.053764748814012886
2016-01-05,0.0032010699905251046,-0.18997864756524113,0.0,-0.1934,4.664571786977918,-0.01651842439644215
2016-01-06,-0.006964321236089203,-0.19832416197419686,0.0,-0.2059,5.197388370523505,0.03665844201621429
2016-01-07,-0.024485520099109592,0.0,0.22825853067007496,0.0,7.132858473948993,0.12288664472937703
2016-01-08,0.0,0.0,0.0,0.0,11.74266342997891,0.06530777811580978
2016-01-11,-0.0001215,-0.243,0.243,-0.243,8.718307630341329,-0.055635216518497184
2016-01-12,0.011250685348766392,-0.229170984018969,0.0,-0.22469999999999998,5.272902524772729,-0.046299116661590096
2016-01-13,-0.02365040575998625,0.0,0.25877873937967494,0.0,8.238454249920583,0.10263522884882113
2016-01-14,-0.0,0.0,0.0,0.0,2.583969310068742,-0.03862952538095707
2016-01-15,0.0,0.0,0.0,0.0,4.451864400105499,0.09742888956372114
2016-01-19,-0.00013025,-0.2605,0.2605,-0.2605,3.2944818930137885,-0.014353180850078816
2016-01-20,-0.007981381098279547,-0.2706414738420127,0.0,-0.2759,5.142236845618168,0.030638699033702674
2016-01-21,-0.0038311229866412077,-0.275528179169337,0.0,-0.2669,3.4423887662442247,0.014155712841253705
2016-01-22,0.025549717492504873,-0.1117,0.13197068059338868,-0.1117,-2.06596464187518,-0.0929694483882841
2016-01-25,-0.006250583386544365,-0.11869248063410362,0.0,-0.12075,-0.7782060310634655,0.05595866953038823
2016-01-26,0.005347273732373002,-0.11274234273390343,0.0,-0.1125,-3.6525048793526445,-0.04505149529107224
2016-01-27,-0.004050935080612777,-0.11726832418279295,0.0,-0.11555,-2.957907493586184,0.0359309109814568
2016-01-28,0.0024241175455407215,-0.11456648401322488,0.0,-0.1121,-0.6949857949014806,-0.020671545896418786
2016-01-29,0.007425181052237355,-0.10635162290571332,0.0,-0.10099999999999999,-4.747312991779452,-0.06481111047608161
2016-02-01,0.0004943259336330635,-0.10580499481923321,0.0,-0.0999,-1.6677319067692942,-0.0046480337594031005
2016-02-02,-0.007221517816475986,-0.11384867285511456,0.0,-0.1099,-2.159723131318433,0.0682530898358237
2016-02-03,0.0016411329189747297,-0.11202369416394223,0.0,-0.10825,-1.2432308805933268,-0.014415037767398999
2016-02-04,-0.0014963619584849076,-0.11369017777950978,0.0,-0.1092,-1.0191159608501472,0.013357548772628774
2016-02-05,-0.003934661597088649,-0.23379999999999998,0.11577549405210225,-0.23379999999999998,0.5297692601485728,0.034099461587448615
2016-02-08,-0.010725137699402462,0.0,0.24702044622620634,0.0,3.4172989868293016,0.04534485661372695
2016-02-09,-0.0001327,-0.26539999999999997,0.26539999999999997,-0.26539999999999997,5.460901664924979,0.023049167968118896
2016-02-10,-0.0015982040040145638,-0.26742560467618404,0.0,-0.26289999999999997,5.738877784652193,0.0060218688922930065
2016-02-11,-0.014035978406908232,0.0,0.28528246735802915,0.0,7.211786725383444,0.05195215764792663
2016-02-12,-0.000127,-0.254,0.254,-0.254,5.82138788403644,-0.028483719993961005
2016-02-16,0.013944580192357689,-0.23675398487962812,0.0,-0.24109999999999998,1.9740796313328595,-0.05489992201715625
2016-02-17,0.008959669625660168,-0.2257714774055173,0.0,-0.2231,0.4506450362463603,-0.03784379650553927
2016-02-18,0.001419358069914128,-0.1082,0.11576339001497891,-0.1082,-0.22613592875553934,-0.006543075245365414
2016-02-19,0.0019045953059881491,-0.1060933398169998,0.0,-0.10265,-1.332108065566473,-0.01760254441763539
2016-02-22,0.006283944611581367,-0.09918611515156804,0.0,-0.0969,-0.571004565014281,-0.05923034021193537
2016-02-23,-0.005278304333814801,-0.20980000000000001,0.10483948874069733,-0.20980000000000001,1.2251289885200443,0.05268766279895816
2016-02-24,0.003772533153517658,-0.20525314256130617,0.0,-0.2072,1.0705833377905272,-0.01798156889188588
2016-02-25,0.008282302581762943,-0.09555,0.09974374654012383,-0.09555,-0.6856092536539826,-0.04059462550028585
2016-02-26,-0.0026654656989708357,-0.1981,0.09967693471861983,-0.1981,2.205901496774807,0.027374434658414715
2016-02-29,-0.00291222363699501,-0.2015993259592558,0.0,-0.20550000000000002,3.5258339774074585,0.014700775552725946
2016-03-01,0.019715226700198422,-0.0885,0.08981565019807841,-0.0885,-1.0027743202872017,-0.09801686801914744
2016-03-02,0.00046860816944024886,-0.08799015892325796,0.0,-0.08545,-0.396232194836994,-0.005295007564296597
2016-03-03,0.0037821307248935136,-0.08389074244383349,0.0,-0.08349999999999999,-0.3084439730439037,-0.0429835651074589
2016-03-04,-0.0024492873034008913,-0.1686,0.0820926861392275,-0.1686,0.02262266116688849,0.02870687384777459
2016-03-07,0.0022382435537401085,-0.16599022988423767,0.0,-0.17350000000000002,1.4405192856902787,-0.013275465917794237
2016-03-08,-0.007876776866202391,-0.17524739134847606,0.0,-0.1867,3.2143546524890425,0.047453255963894325
2016-03-09,0.0047340896484116875,-0.1697098799143288,0.0,-0.1834,2.8739403141620343,-0.027013752455795712
2016-03-10,0.0015486427053226935,-0.16790121821220697,0.0,-0.1805,3.388333783637167,-0.009125235997482667
2016-03-11,0.007871699282630073,-0.15877965324701612,0.0,-0.165,0.51389145512975,-0.046882919412062816
2016-03-14,0.0022182683463630153,-0.1562148584249774,0.0,-0.16920000000000002,1.9791118778273216,-0.013970734291200514
2016-03-15,-0.001442176241814748,-0.15788473227662678,0.0,-0.1684,6.0779387640337,0.00923200428150922
2016-03-16,0.006609660709293707,-0.15028176012213032,0.0,-0.1499,4.126565635957936,-0.041863837079021984
2016-03-17,0.004111676063532977,-0.1455715410377807,0.0,-0.1444,3.401126916069078,-0.02735978112175103
2016-03-18,0.00037443866512697096,-0.14514275531310142,0.0,-0.1402,2.961686637201005,-0.002572196889979969
2016-03-21,0.005938737942434591,-0.1383822017386439,0.0,-0.1379,2.753920035369532,-0.0409165302782324
2016-03-22,0.001059047462285555,-0.13717787639448106,0.0,-0.1417,5.765054779830393,-0.007653061224489903
2016-03-23,-0.007160015987419271,-0.14537880696399444,0.0,-0.1494,5.168535589671599,0.05219512195121963
2016-03-24,0.002485107811350345,-0.14253947319438298,0.0,-0.1474,4.890500594524514,-0.01709401709401718
2016-03-28,0.0021020568378385144,-0.14014282816632342,0.0,-0.1524,9.111468008233754,-0.014747191011235965
2016-03-29,0.008125663921606734,-0.13095308349870807,0.0,-0.1382,6.507082172774684,-0.057981303987693786
2016-03-30,0.0020962974847216825,-0.12858722892941435,0.0,-0.1356,6.417932892518411,-0.016008004002000944
2016-03-31,-0.0008056537981148051,-0.12949721264874492,0.0,-0.13949999999999999,6.704946160099464,0.00626542623884565
2016-04-01,0.003730505875402219,-0.12529927708399718,0.0,-0.131,5.765743760685356,-0.028807615230460906
2016-04-04,-0.0036838534410367613,-0.12946004234751257,0.0,-0.1412,6.534459691447579,0.029400436513031175
2016-04-05,-0.006366887328566187,-0.13669726576532967,0.0,-0.1542,6.084523675483366,0.04918032786885242
2016-04-06,0.00826856471378541,-0.12737548858126008,0.0,-0.1409,3.2181767448623493,-0.06048814998231336
2016-04-07,-0.011723120314706195,-0.1616,0.02086341906572667,-0.1616,3.9915016122827414,0.09195402298850568
2016-04-08,0.003923939808481533,-0.15705976711900932,0.0,-0.1536,3.1496765780023885,-0.024281805745554042
2016-04-11,-0.004092762661081673,-0.16181479934887652,0.0,-0.16260000000000002,3.9533536017452473,0.02605863192182408
2016-04-12,0.007598482506957062,-0.15305334368728038,0.0,-0.1485,2.5307110649566127,-0.04695789592504796
2016-04-13,0.007571543503964385,-0.14438855595046246,0.0,-0.1384,0.6985207119746732,-0.049469964664310855
2016-04-14,0.0016175499927972693,-0.14254043967050284,0.0,-0.13720000000000002,0.7004220531260135,-0.011202757601871345
2016-04-15,0.00134006351001462,-0.1410114119128881,0.0,-0.1362,0.9480008589960427,-0.0094012864918357
2016-04-18,0.007194995691644554,-0.13286048559976343,0.0,-0.1335,0.4671008725489525,-0.0510242085661079
2016-04-19,0.0003972687426929999,-0.13241061425882464,0.0,-0.1324,2.052107810188451,-0.002990119604784188
2016-04-20,-0.0012781046546817983,-0.13385980575431583,0.0,-0.1328,3.0434633469469237,0.009652584589506333
2016-04-21,-0.002852415952146743,-0.13710329733888393,0.0,-0.13949999999999999,5.888649144972188,0.021308980213089673
2016-04-22,0.0048181318904678815,-0.13165085426905496,0.0,-0.1322,5.068957275969639,-0.03514234875444829
2016-04-25,-0.0004828270938962964,-0.13219750990247778,0.0,-0.1408,6.02050109011693,0.003667481662591739
2016-04-26,0.002220966187252169,-0.1296885099198186,0.0,-0.1396,6.9322897138461315,-0.016800363251097374
2016-04-27,0.0034911559721456254,-0.12575831206545868,0.0,-0.1377,8.597760273081082,-0.026919547262159713
2016-04-28,-0.0075592428017488954,-0.13433301071146547,0.0,-0.1522,8.091549580798812,0.06010928961748645
2016-04-29,-0.003382910372236018,-0.13818338308360567,0.0,-0.157,8.11772749255084,0.025183016105417212
2016-05-02,0.007807635784678458,-0.12936570697583247,0.0,-0.14679999999999999,6.8258842241293625,-0.05650198750709824
2016-05-03,-0.006261501204088693,-0.13648178906649722,0.0,-0.156,7.102580493761746,0.048401553630116514
2016-05-04,-0.0015954090403992565,-0.1605,0.02221482387531476,-0.1605,7.509042756813722,0.011608154020385014
2016-05-05,0.0006696801112656403,-0.1597233563336931,0.0,-0.1591,7.473236682906066,-0.004172461752433896
2016-05-06,0.007645977235343995,-0.1509234220490816,0.0,-0.1472,5.86092919615148,-0.04787012626613019
2016-05-09,0.002444811002241418,-0.14811649421217682,0.0,-0.1457,5.6325780721709116,-0.016199016488284663
2016-05-10,0.007932110517418477,-0.13908117643240397,0.0,-0.1363,2.354360349224251,-0.053553188384648995
2016-05-11,-0.007870913930864106,-0.148117913713728,0.0,-0.1469,2.627138503514539,0.05659223003976757
2016-05-12,0.004046355658606516,-0.1434909426673009,0.0,-0.1441,3.137699013636958,-0.027318475916606758
2016-05-13,-0.005141232013336465,-0.14940027616324916,0.0,-0.15039999999999998,3.2458678121156197,0.03582966226138023
2016-05-16,0.005598826917360411,-0.14300081244795076,0.0,-0.14679999999999999,2.458959786571384,-0.03747534516765279
2016-05-17,-0.004553239012227563,-0.14822897340462673,0.0,-0.1557,3.227647336001491,0.03184065135213721
2016-05-18,-0.0007838085185276424,-0.14912967102967264,0.0,-0.1595,3.9214702576828113,0.00528782262013006
2016-05-19,0.0008250604206344092,-0.14818235121601336,0.0,-0.16329999999999997,4.1770046668062815,-0.0055325034578145435
2016-05-20,0.005218525383691919,-0.14222163860117099,0.0,-0.152,2.7322374539988292,-0.03521691578563627
2016-05-23,-0.0019252383957442116,-0.14442492941633017,0.0,-0.1582,3.348575510768251,0.013536888019854105
2016-05-24,0.008599135193141899,-0.13466776788102072,0.0,-0.1442,1.7952472914149737,-0.05954051857871009
2016-05-25,0.002230260666414851,-0.13214279433804357,0.0,-0.139,1.952840458320333,-0.016561206155769146
2016-05-26,0.0024627418039783913,-0.12936146863742773,0.0,-0.1343,1.4827585491672064,-0.01863697386085451
2016-05-27,0.0029167613461065444,-0.12607697085609393,0.0,-0.13119999999999998,2.5381942497427357,-0.022547373470856277
2016-05-31,0.0009213907736133482,-0.12504036904011778,0.0,-0.1419,4.219102999727655,-0.007308160779537104
2016-06-01,-0.00016248240921317068,-0.12522319801623402,0.0,-0.142,6.257077953020868,0.0012994396166652392
2016-06-02,0.0030854576530290334,-0.12176204871813912,0.0,-0.1363,5.794026334054939,-0.024639665029390422
2016-06-03,0.000558587263718834,-0.12113579654129188,0.0,-0.13470000000000001,5.739817397969998,-0.004587531744081276
2016-06-06,0.0018793011629660698,-0.11903279690467175,0.0,-0.1365,6.046211543019588,-0.015514003429411284
2016-06-07,-0.0006959660979374022,-0.1405,0.020699449503205195,-0.1405,6.762128815279268,0.005759894676211635
2016-06-08,-0.0006848647331221059,-0.14128162353451915,0.0,-0.1408,9.248093571459009,0.004874482086278333
2016-06-09,-0.0030424648539374194,-0.14476452938119563,0.0,-0.1464,10.28899118696977,0.021534752912816424
2016-06-10,-0.012210011945303878,-0.1589148940815216,0.0,-0.1703,10.052914575422893,0.08434394804788356
2016-06-13,-0.025720118249773487,-0.2097,0.020203121315858275,-0.2097,13.320205640087735,0.16178481468154018
2016-06-14,0.003872024288989416,-0.20503407877791194,0.0,-0.205,12.84766557504836,-0.0184645888840697
2016-06-15,0.0028634671697110826,-0.2015933556526576,0.0,-0.2014,12.659755141938172,-0.013965810887529202
2016-06-16,0.0053888867853687395,-0.19515281245512192,0.0,-0.1937,11.899122017522595,-0.026731470230862732
2016-06-17,-0.0004868677233807684,-0.19573497722124839,0.0,-0.1941,11.880869413078402,0.00249480249480253
2016-06-20,0.015249969215745814,-0.17777396057930694,0.0,-0.1837,10.49834250826147,-0.07791131371736418
2016-06-21,-0.0017346718899057486,-0.17982056214359024,0.0,-0.1848,10.46090683593665,0.009757738896366053
2016-06-22,-0.0066356253519570885,0.0,0.18758957190494638,0.0,13.512651774508168,0.036379769299023965
2016-06-23,-8.625e-05,-0.1725,0.1725,-0.1725,6.671946605589731,-0.1337041394801583
2016-06-24,-0.057303069489999595,0.0,0.24361126381298703,0.0,5.088418190777748,0.33148558758314844
2016-06-27,0.0,0.0,0.0,0.0,1.8928941235161005,0.043154141778950765
2016-06-28,-4.6875e-05,-0.09375,0.09375,-0.09375,-5.798545496399637,-0.18769996445076426
2016-06-29,0.005824795081967208,-0.08741602448850702,0.0,-0.0832,-9.657548930355585,-0.06213114754098355
2016-06-30,0.0018798052458879257,-0.08537572949843643,0.0,-0.07815,-11.523675827021373,-0.02150412646751137
2016-07-01,0.0006925088775184067,-0.08462461732216582,0.0,-0.07385,-12.246002053338657,-0.008111308466548322
2016-07-05,-0.0003020150511140822,-0.08495228924325797,0.0,-0.0779,-11.641684269264546,0.003568879371877231
2016-07-06,0.002739425344130569,-0.08198826317306986,0.0,-0.0748,-12.386752449436344,-0.032246633593196274
2016-07-07,0.0009169608815855086,-0.08099703118236555,0.0,-0.0738,-12.567128182116596,-0.011184050571359056
2016-07-08,0.0047295365251546605,-0.0759084827156382,0.0,-0.066,-14.375587185094155,-0.058391479985310406
2016-07-11,0.0003926977895273491,-0.07548614168513114,0.0,-0.0677,-4.81955787700333,-0.005173305742369264
2016-07-12,0.0021063512696378136,-0.1355,0.062307812170899354,-0.1355,0.33993521770018553,-0.028316524437548486
2016-07-13,0.00021525019857029313,-0.13525563599892318,0.0,-0.1304,0.7849255253539837,-0.0015885623510722739
2016-07-14,0.0009453446799344594,-0.13418344171622698,0.0,-0.1282,2.3188481838382877,-0.0069893182117896045
2016-07-15,-0.0011341442511672581,-0.13547122988396573,0.0,-0.1267,3.1744596073991485,0.00845219228737449
2016-07-18,0.005234836751956518,-0.12955817722435864,0.0,-0.1244,2.9555796615735517,-0.03864168618266977
2016-07-19,0.0009749070041069633,-0.12845803558162933,0.0,-0.1197,3.9647850174117902,-0.007524858908895393
2016-07-20,0.0017937600944396615,-0.12643747698652957,0.0,-0.1177,3.8609361344029827,-0.013963782696177129
2016-07-21,-0.0028596521450911347,-0.12966793431814314,0.0,-0.1274,4.234214087822961,0.022617124394184146
2016-07-22,0.003583224437116213,-0.12563453315169212,0.0,-0.1202,6.414679386314839,-0.02763385146804832
2016-07-25,0.00032234646094084397,-0.12527180576750646,0.0,-0.12869999999999998,6.836405439559381,-0.0025657472738935586
2016-07-26,0.0011397434842374766,-0.12399074463995982,0.0,-0.1305,7.933006311674208,-0.009098164405426877
2016-07-27,0.00285491960795559,-0.1207909765047168,0.0,-0.1283,7.643220149041176,-0.023025263831148123
2016-07-28,0.003039383337375177,-0.11739478541266364,0.0,-0.1272,8.264675952069872,-0.025162337662337643
2016-07-29,0.004148362628518831,-0.1127785763527057,0.0,-0.11869999999999999,7.473641239312872,-0.03533685601056806
2016-08-01,0.0015307577380754029,-0.11107778543504732,0.0,-0.1244,8.158321425018283,-0.013573125212080034
2016-08-02,-0.0039386599676934555,-0.11547124738222478,0.0,-0.13369999999999999,7.941112101674293,0.035458574838049726
2016-08-03,0.0028481147263502093,-0.11230328003020312,0.0,-0.1286,7.686245818526772,-0.024665142110421485
2016-08-04,0.0029848047848558866,-0.108993151963849,0.0,-0.1242,7.566213324575639,-0.026578073089700904
2016-08-05,0.004057961318674363,-0.10451108868989847,0.0,-0.1139,5.379066492378805,-0.03723134202064652
2016-08-08,0.0020399515394333594,-0.10226252655199902,0.0,-0.115,5.7104466436033485,-0.019518996165911448
2016-08-09,0.0014225637608043524,-0.10069671529318655,0.0,-0.1166,5.871281933182149,-0.013910899806303917
2016-08-10,-0.0025664295579148465,-0.10352884433730541,0.0,-0.12050000000000001,6.101981373352505,0.025486725663716847
2016-08-11,0.0009750148011218907,-0.10245393543270347,0.0,-0.1168,5.381091946863616,-0.009417808219178155
2016-08-12,0.000983445386395507,-0.10137079740328646,0.0,-0.1155,5.209936559700298,-0.009598902982516274
2016-08-15,0.0009909338796068152,-0.10028049218650839,0.0,-0.11810000000000001,5.434121967557265,-0.009775338706911354
2016-08-16,-0.003522487561736441,-0.1264,0.022242405983108005,-0.1264,6.65113033030461,0.035015447991761074
2016-08-17,0.0039603947368421055,-0.12195660895094547,0.0,-0.1219,6.266519730874629,-0.03133223684210526
2016-08-18,0.0020566038608928407,-0.11965392436722799,0.0,-0.1143,5.474249042262792,-0.016863406408094434
2016-08-19,-0.00081628601046433,-0.12056862886273384,0.0,-0.1134,6.773474467457831,0.006822057987492991
2016-08-22,-0.0004400314921997491,-0.12106193141726371,0.0,-0.12269999999999999,7.720941430159167,0.0036496350364962717
2016-08-23,0.00025252801714071633,-0.1207789033431493,0.0,-0.12380000000000001,7.743622775373095,-0.0020859407592823623
2016-08-24,-0.003345675992885017,-0.12454125401973193,0.0,-0.13449999999999998,8.21057120518419,0.027700831024930705
2016-08-25,0.0012854794315709606,-0.12309753523853476,0.0,-0.1363,9.040798522662165,-0.010321715817694378
2016-08-26,-0.0010946425930670007,-0.12432827285459086,0.0,-0.1365,9.00578143649135,0.008892481810832643
2016-08-29,0.002990090006202618,-0.1209764523671793,0.0,-0.1294,7.790004160616551,-0.02404996013818757
2016-08-30,0.0009169844792314657,-0.11994947608009045,0.0,-0.13119999999999998,8.632627784215293,-0.007579859231185738
2016-08-31,-9.755955760886076e-05,-0.1200587485160916,0.0,-0.13419999999999999,8.8545859243551,0.0008133387555917301
2016-09-01,0.00016167350998665944,-0.11987769395855356,0.0,-0.1348,9.15056641902754,-0.0013466199838405792
2016-09-02,0.003777320740179681,-0.11566347517471517,0.0,-0.1198,6.972112601615221,-0.03150978814695626
2016-09-06,0.004008140228826766,-0.1112095913091309,0.0,-0.1202,6.776108850671751,-0.03465346534653468
2016-09-07,0.0009280574097933127,-0.11017928120101328,0.0,-0.11939999999999999,6.790579745514522,-0.008345120226308343
2016-09-08,-0.001123323172822568,-0.11142777377421244,0.0,-0.1251,7.994601329837011,0.010195412064570968
2016-09-09,-0.017747846152910002,-0.175,0.043515430684355066,-0.175,4.4799884147045095,0.15908141962421712
2016-09-12,0.01017654467623117,-0.0758,0.08731275380860995,-0.0758,-0.23917186052800155,-0.05840114887505985
2016-09-13,-0.007905342730611206,-0.17850000000000002,0.09417913210849647,-0.17850000000000002,1.3119556239127839,0.10367088607594929
2016-09-14,-0.00552061855670104,-0.18504216577082766,0.0,-0.1814,1.5750294879793891,0.03092783505154644
2016-09-15,0.007695389152106276,-0.0815,0.09443734408976671,-0.0815,-1.343207548985955,-0.041842397336292955
2016-09-16,0.0034272181146025983,-0.0778061233300935,0.0,-0.07685,-2.322801353689199,-0.042051756007393845
2016-09-19,0.0017670460597677981,-0.07590494972799197,0.0,-0.07765,-1.896222045249468,-0.022710886806056152
2016-09-20,-0.0013019716934475495,-0.07730757369407833,0.0,-0.0796,-1.341899375211872,0.01715265866209266
2016-09-21,0.005938386886064994,-0.07094787090185553,0.0,-0.0665,-5.212247326096911,-0.07681507260290421
2016-09-22,0.0033101650498532907,-0.06741455255627894,0.0,-0.0601,-6.811659908547842,-0.04665629860031104
2016-09-23,-0.0010832723101885434,-0.0685721071313742,0.0,-0.06145,-1.621668990692248,0.016068819996753775
2016-09-26,-0.002914737979071819,-0.145,0.07334359481048348,-0.145,1.7395315154553561,0.041971383147853696
2016-09-27,0.006284215328467141,-0.1378495086760889,0.0,-0.131,2.6600861645287193,-0.04333941605839408
2016-09-28,0.0023564018577109233,-0.13517458118416031,0.0,-0.12390000000000001,1.8913691482400843,-0.01709401709401711
2016-09-29,-0.005199022353236936,-0.1411072231447299,0.0,-0.1402,3.1594649438210602,0.03846153846153847
2016-09-30,0.0011068084251586016,-0.1398456323954144,0.0,-0.1329,2.132320201655869,-0.007843740387573057
2016-10-03,0.002213943520044793,-0.13732765320742807,0.0,-0.13570000000000002,2.259530362635978,-0.015831338327284002
2016-10-04,0.0012878492016951647,-0.13586483059211638,0.0,-0.1363,1.8949488519984286,-0.009377930603313512
2016-10-05,0.0007472138703211871,-0.13501673034815365,0.0,-0.12990000000000002,2.558123147332596,-0.005499685732243828
2016-10-06,0.0012737427391335354,-0.1335728501609822,0.0,-0.1284,3.0040121849591355,-0.009433962264151021
2016-10-07,-0.002257509866881246,-0.13613769221128483,0.0,-0.1348,3.8758975105858333,0.016900963512873252
2016-10-10,0.004210878200163471,-0.13137361571662357,0.0,-0.1338,4.455010000722623,-0.030931023816888382
2016-10-11,-0.00688256758001045,-0.13921433536790992,0.0,-0.1536,4.722448784497704,0.05238926813779971
2016-10-12,-0.0027206650026801392,-0.1423222114303326,0.0,-0.1591,5.69382521127911,0.019542994588093804
2016-10-13,-0.0033591277033941432,-0.16690000000000002,0.02073957477267252,-0.16690000000000002,7.316628918122241,0.023529411764705747
2016-10-14,0.0022987661406025746,-0.16422372192794574,0.0,-0.1612,7.898331957724789,-0.013773314203730224
2016-10-17,0.001764308278552259,-0.16217328997133698,0.0,-0.16210000000000002,7.936954721170075,-0.010743321718931453
2016-10-18,0.005084249055649883,-0.15629440125370955,0.0,-0.1528,6.417103582552441,-0.0313507178435394
2016-10-19,0.005451801388928224,-0.15002469502407553,0.0,-0.1441,5.776326372659348,-0.03488161664907257
2016-10-20,0.002799838787385537,-0.14681380126139482,0.0,-0.1375,5.12940406612463,-0.018662519440124353
2016-10-21,0.0018328524493758306,-0.14471570627530914,0.0,-0.1334,4.821957325481444,-0.012484197218710564
2016-10-24,0.005818180915982423,-0.13809406908198357,0.0,-0.13019999999999998,4.668927925308809,-0.04020421186981485
2016-10-25,-0.002538241706921699,-0.1409901779388159,0.0,-0.1346,8.092994572354552,0.018380526577247844
2016-10-26,-0.003381936196911632,-0.14486202827270106,0.0,-0.1424,8.78140325526871,0.02398703403565642
2016-10-27,-0.004001713488196153,-0.14946184524297673,0.0,-0.1536,9.99651960002926,0.027624309392265137
2016-10-28,-0.004145356112316708,-0.15424660847654584,0.0,-0.16190000000000002,10.626219814878581,0.02773521299417719
2016-10-31,-0.004627513080923699,-0.15961273156064842,0.0,-0.17059999999999997,11.791215872216874,0.030000744435345828
2016-11-01,-0.004990783340871543,-0.1856,0.0201826837367394,-0.1856,13.362717025507205,0.031204854088413666
2016-11-02,-0.005737737749842506,0.0,0.19232659927878876,0.0,14.134000475019857,0.030396414063594352
2016-11-03,0.0,0.0,0.0,0.0,16.75653691446829,0.05578231292516999
2016-11-04,-0.0,0.0,0.0,0.0,17.368487460586284,-0.011878631375080603
2016-11-07,-0.0,0.0,0.0,0.0,5.509065118450195,-0.14438922312320174
2016-11-08,-0.0,0.0,0.0,0.0,5.379087990263923,-0.00106821303219897
2016-11-09,-7.190000000000001e-05,-0.1438,0.1438,-0.1438,0.08377892160356559,-0.05641964013418723
2016-11-10,-0.004866720386784843,-0.149393778132481,0.0,-0.1474,0.6073450601714079,0.033843674456083744
2016-11-11,0.001857553971184084,-0.1472626757930703,0.0,-0.1417,0.09468708067715603,-0.012433944668946135
2016-11-14,0.0018009546428127176,-0.1452002221360642,0.0,-0.1448,0.4262445237472239,-0.012229539040451582
2016-11-15,0.006950342386607808,-0.13729562812579774,0.0,-0.13369999999999999,0.053045745288857304,-0.04786729857819902
2016-11-16,-0.0032850498811676323,-0.14104401463046662,0.0,-0.13720000000000002,1.0801660754343434,0.023926835297025557
2016-11-17,0.004980687515040545,-0.1353889968292448,0.0,-0.1335,1.61259128794714,-0.03531300160513637
2016-11-18,0.0004298063391404658,-0.13490120909527747,0.0,-0.1285,0.939834563708768,-0.0031746031746032197
2016-11-21,0.00438763579747595,-0.12994342885769872,0.0,-0.1242,5.081255104429717,-0.032524807056229336
2016-11-22,0.0003867363954098094,-0.12950660754370572,0.0,-0.1241,5.081971707810196,-0.0029761904761904127
2016-11-23,-0.0001465006872666375,-0.1296721052835157,0.0,-0.1243,6.403088639345925,0.0011312217194570295
2016-11-25,0.001056466091648261,-0.12847990452927402,0.0,-0.1234,6.253352122292939,-0.008147211687034762
2016-11-28,-0.0008688412816857124,-0.12946122706941532,0.0,-0.1315,6.487330231548395,0.006762468300929876
2016-11-29,0.0010453502951449328,-0.12828177738042404,0.0,-0.129,6.264745555611779,-0.008074620632047853
2016-11-30,-0.0015757672263368588,-0.13006249282032284,0.0,-0.1333,7.246012089339293,0.012283640424343878
2016-12-01,-0.003962381419803997,-0.13455804453568015,0.0,-0.1407,7.691153304245643,0.030465212021408044
2016-12-02,-0.0006065995112984657,-0.1352466846197737,0.0,-0.1412,8.22108991270461,0.004508088040307515
2016-12-05,0.0114630895636996,-0.12238073374429202,0.0,-0.12140000000000001,5.805977808187934,-0.08475689881734551
2016-12-06,0.0029337847130481006,-0.11909754248174938,0.0,-0.11789999999999999,6.382960156719312,-0.02397260273972606
2016-12-07,-0.0012108682605261331,-0.12045426498859521,0.0,-0.1222,3.961389829912033,0.010167029774872875
2016-12-08,-0.0005852307815964983,-0.12111037328861085,0.0,-0.1264,4.408475236690236,0.004858531008859743
2016-12-09,0.0027735199989758256,-0.11800955143864977,0.0,-0.1175,3.303731357647292,-0.022900763358778664
2016-12-12,-0.0029858655913171874,-0.12135777503468183,0.0,-0.1264,4.847070699668412,0.025301897642323167
2016-12-13,0.0009302686588024379,-0.12031558056211684,0.0,-0.1272,4.680052694242329,-0.007665505226480826
2016-12-14,0.0006046009073473223,-0.11963864602083153,0.0,-0.1319,3.639551456886574,-0.005025125628140716
2016-12-15,0.0022538678778694196,-0.11712080332651421,0.0,-0.12789999999999999,3.866241384110742,-0.01883896176388502
2016-12-16,0.0010599167721856474,-0.11593800192155822,0.0,-0.122,2.9829458464694856,-0.009049773755656096
2016-12-19,0.004043775481738738,-0.1114435736490999,0.0,-0.11710000000000001,2.6415986803354787,-0.03487877498936622
2016-12-20,0.002146272500974787,-0.10906322175440591,0.0,-0.11449999999999999,2.3636433922176785,-0.019258826962357752
2016-12-21,0.0016178381972424734,-0.10727183508487483,0.0,-0.1127,3.9355979764057905,-0.014833948339483344
2016-12-22,-0.0019121539230815478,-0.10939316557867594,0.0,-0.1143,4.008778604744606,0.017825311942959002
2016-12-23,-2.238223336648054e-05,-0.109417996831182,0.0,-0.1144,4.608694944151006,0.00020460358056265552
2016-12-27,0.0022001384556285227,-0.10698248210260096,0.0,-0.1199,5.122626395531339,-0.02010764699908604
2016-12-28,-0.004566728046963529,-0.11206096208810194,0.0,-0.1295,5.695485920131391,0.04268668998148532
2016-12-29,-0.0014161539298081912,-0.13369999999999999,0.020073147867146035,-0.13369999999999999,7.390354750180548,0.01254778943240853
2016-12-30,-0.002367510345491293,-0.13639041606655472,0.0,-0.1404,8.322765873701606,0.01770763160427295
2017-01-03,0.010697790557651332,-0.1243622244781525,0.0,-0.1285,5.7746427228487756,-0.07843506066020876
2017-01-04,0.005140288480101934,-0.11861223489342872,0.0,-0.1185,4.231736247207155,-0.04133319825752201
2017-01-05,0.0012688461414923711,-0.11719468672588079,0.0,-0.1167,4.275441447444166,-0.010697430519140036
2017-01-06,0.001257638931724334,-0.1157914239913851,0.0,-0.11320000000000001,3.9086603589460998,-0.010731194108363977
2017-01-09,0.0005621536151560643,-0.11516453021922854,0.0,-0.11560000000000001,3.9676630082958804,-0.00485488126649076
2017-01-10,0.00041247171889327144,-0.11470474603657234,0.0,-0.1149,3.914780010636437,-0.0035815864321079196
2017-01-11,0.0022885542105375127,-0.11215950871012445,0.0,-0.11259999999999999,3.6555859715886214,-0.019951695894150995
2017-01-12,-0.0005249461103335223,-0.11274363915529738,0.0,-0.11539999999999999,5.34927301914646,0.004680353153919764
2017-01-13,0.0010896538294240283,-0.11153245356074583,0.0,-0.11230000000000001,5.044012518417542,-0.009664880764786185
2017-01-17,0.0003518743933980759,-0.11114147132954229,0.0,-0.11869999999999999,5.712628461977351,-0.00315490587864122
2017-01-18,-0.00016045112504944854,-0.11131978383914899,0.0,-0.12480000000000001,7.403341430880237,0.00144366565540328
2017-01-19,-0.00039266237685766004,-0.11175632872167139,0.0,-0.1278,8.2265260052725,0.0035273368606701188
2017-01-20,0.0031081434785282087,-0.10831153744438604,0.0,-0.11539999999999999,6.5893029405737,-0.027811789400035012
2017-01-23,0.0019389820523520597,-0.10616670006604846,0.0,-0.1177,7.049160845643465,-0.017901897601145723
2017-01-24,0.004293647826392594,-0.10143751527269061,0.0,-0.1107,5.5359260149626,-0.04044250997461001
2017-01-25,0.00213632976881184,-0.09908949766025056,0.0,-0.1081,3.951192146871688,-0.021060549078601006
2017-01-26,0.00037856541608500226,-0.09867357784011392,0.0,-0.1063,3.7256279808935506,-0.0038204393505252635
2017-01-27,0.0007902918133647585,-0.09780599075295908,0.0,-0.1058,3.793776819868076,-0.00800915331807782
2017-01-30,-0.002223712819946907,-0.10025263664624973,0.0,-0.1188,4.233763713015861,0.022735957202904052
2017-01-31,-0.00022352873276756108,-0.10049862971036132,0.0,-0.1199,4.626784319946792,0.0022296544035674787
2017-02-01,0.002177168925516345,-0.11810000000000001,0.020003095416083735,-0.11810000000000001,4.503541181328604,-0.02176318701586129
2017-02-02,-0.0019941838649155776,-0.12033415228981022,0.0,-0.1193,4.989445940346819,0.016885553470919367
2017-02-03,0.0030055913152275873,-0.1169769759914611,0.0,-0.1097,3.4926532363692866,-0.024977043158861376
2017-02-06,-0.0002629680988942494,-0.11727078256510234,0.0,-0.1137,3.9966269412251254,0.0022480329711501955
2017-02-07,-0.00030516560518799757,-0.1176118392583949,0.0,-0.11289999999999999,4.49921846723965,0.002602230483271366
2017-02-08,-0.0,-0.1176118392583949,0.0,-0.11449999999999999,6.296561421711703,0.0
2017-02-09,0.0031291223288930662,-0.11412560395387135,0.0,-0.10880000000000001,4.939671756028254,-0.026605504587155885
2017-02-10,0.00256558120540738,-0.11127453888286572,0.0,-0.1085,4.818432474891306,-0.022480329711502486
2017-02-13,0.002542933663291545,-0.10845580929114818,0.0,-0.1107,6.287991355157046,-0.022852789944772457
2017-02-14,0.0060696608995239685,-0.10176844841944747,0.0,-0.1074,6.085204958107783,-0.055964368706429034
2017-02-15,-0.004991277449790965,-0.1072952663124531,0.0,-0.1197,7.349110183014104,0.04904543134252163
2017-02-16,-0.0008333612917472056,-0.10821881297397164,0.0,-0.1176,6.856205342400701,0.007766990291262109
2017-02-17,-0.0012549366507698272,-0.10961130486855973,0.0,-0.1149,7.060164361082889,0.011596289187460036
2017-02-21,-0.000500665906629118,-0.11016712770005953,0.0,-0.1157,7.543364738391624,0.004567648448574633
2017-02-22,-0.0004644047537707346,-0.11068293413460366,0.0,-0.1174,7.4844589078007555,0.004215456674472994
2017-02-23,-0.002878441630745115,-0.11388919917755366,0.0,-0.11710000000000001,7.3662961667685725,0.026006191950464434
2017-02-24,0.0012565079765160967,-0.11249134492884545,0.0,-0.11470000000000001,7.35269000015546,-0.011032722906034279
2017-02-27,0.0005601651399806635,-0.11186851494653033,0.0,-0.1209,8.011659787795264,-0.004979628791308227
2017-02-28,-0.0019063704100373872,-0.11399219670734576,0.0,-0.1292,8.510084299645687,0.017041170260895775
2017-03-01,0.0020175610036698363,-0.11174917492615262,0.0,-0.12539999999999998,4.912633874584369,-0.017699115044247787
2017-03-02,0.00015020050393299764,-0.1115822147173391,0.0,-0.11810000000000001,3.173498709376066,-0.0013440860215053478
2017-03-03,0.0035855040730356003,-0.10761087142650086,0.0,-0.1096,2.401395145854032,-0.032133293662600496
2017-03-06,0.0011845257212517945,-0.10630043011160174,0.0,-0.1124,2.3809801313930947,-0.01100749120929511
2017-03-07,6.96780428265432e-18,-0.10630043011160173,0.0,-0.11449999999999999,2.82246660151789,-6.55482228560978e-17
2017-03-08,3.2502806944375105e-05,-0.10626447341099303,0.0,-0.1186,3.183809645269685,-0.00030576364470257883
2017-03-09,-0.0003232871110769475,-0.10662223011482037,0.0,-0.12300000000000001,3.608356244494896,0.0030422878004259094
2017-03-10,0.0018100197507042912,-0.10462284095561164,0.0,-0.1166,2.8195597134531596,-0.01697600724309649
2017-03-13,0.0026842756995331,-0.1016656665778069,0.0,-0.11349999999999999,2.5321185495297396,-0.025656689065363447
2017-03-14,-0.0021870400604422956,-0.10408033449930341,0.0,-0.12300000000000001,3.357198493086999,0.02151208106001555
2017-03-15,0.0026565627766458456,-0.10115504699015365,0.0,-0.11630000000000001,4.8575105294937115,-0.025524156791248837
2017-03-16,0.0032341983051329543,-0.09760517419606358,0.0,-0.1121,5.198189541435399,-0.031972683532515866
2017-03-17,0.00018698309232962414,-0.0973999789544762,0.0,-0.1128,5.208665598546,-0.0019157088122605406
2017-03-20,0.0007907352637182861,-0.09653291171335678,0.0,-0.1134,5.443619654605897,-0.008118433619866264
2017-03-21,-0.004420536586569424,-0.1247,0.023311196128300737,-0.1247,3.7549089833070717,0.045672309166400485
2017-03-22,-0.0015217948328267508,-0.1264141712654546,0.0,-0.1281,3.9634656132548542,0.012203647416413398
2017-03-23,-0.0031773759384494836,-0.13000462075778713,0.0,-0.13119999999999998,4.328135375545791,0.025134649910233366
2017-03-24,0.003193599571471996,-0.12640732680161057,0.0,-0.12960000000000002,4.491286240735796,-0.024565277394424483
2017-03-27,0.0031420331678396877,-0.12287920310198672,0.0,-0.125,4.0816714206966775,-0.024856416533283215
2017-03-28,0.005672076542917173,-0.1165460683386765,0.0,-0.1153,2.2341706171081093,-0.04615977642864016
2017-03-29,4.698017468051119e-05,-0.11649361527360126,0.0,-0.1142,3.478123455503324,-0.00040310390003023847
2017-03-30,0.0010075883449190194,-0.11536978168130432,0.0,-0.11539999999999999,3.357978214916706,-0.00864930101579009
2017-03-31,-0.0032932764889288244,-0.11905513966257003,0.0,-0.12369999999999999,4.157973310478294,0.02854539933191622
2017-04-03,-0.001123492913359548,-0.12031380428242021,0.0,-0.12380000000000001,4.1493299287562895,0.009436744323208459
2017-04-04,0.00203782750366408,-0.11803544091086086,0.0,-0.11789999999999999,7.193850800408811,-0.016937603426457684
2017-04-05,-0.005139593666578802,-0.12381137473487745,0.0,-0.12890000000000001,8.043252292733296,0.043542800593765474
2017-04-06,0.0029118274949501777,-0.12054853071371921,0.0,-0.12390000000000001,7.441143035820751,-0.023518255097202477
2017-04-07,-0.0034894086598045984,-0.12447227400434013,0.0,-0.12869999999999998,7.896950948256117,0.028946090335114145
2017-04-10,-0.005831514867871226,-0.13106811453080158,0.0,-0.1405,9.15723524400337,0.046849910267308933
2017-04-11,-0.003936193037017293,-0.135537810553974,0.0,-0.1507,11.753201237831579,0.030031659882406185
2017-04-12,-0.0034674218037995014,0.0,0.139409200797236,0.0,11.89463589758656,0.025068408509135845
2017-04-13,0.0,0.0,0.0,0.0,11.72947579112895,0.0162643827320702
2017-04-17,-7.33e-05,-0.1466,0.1466,-0.1466,7.956988865186928,-0.06203537554473214
2017-04-18,0.00037497031150086755,-0.1461702201955003,0.0,-0.1442,7.623493212678766,-0.0025577783867726297
2017-04-19,-0.002222784784776112,-0.14872358550327042,0.0,-0.1493,8.147501191054198,0.015206823809960562
2017-04-20,0.0025510048971401447,-0.1458006424532259,0.0,-0.14150000000000001,6.151232737624207,-0.017152658662092625
2017-04-21,5.089027659798448e-05,-0.14574233530887207,0.0,-0.1463,6.602380493893474,-0.00034904013961605494
2017-04-24,0.016035220266257307,-0.12766005789506424,0.0,-0.1084,1.0251643521391944,-0.11002444987775054
2017-04-25,0.0019989830948532353,-0.1254103815675384,0.0,-0.1076,0.6379234429033325,-0.015658641612840148
2017-04-26,0.0006964479737983051,-0.12462713727650358,0.0,-0.1085,0.7638479457345309,-0.005553351844506116
2017-04-27,0.00011343991856470146,-0.1036,0.020887831412357255,-0.1036,0.7888888505646676,-0.0009940357852882846
2017-04-28,0.0005755555555555534,-0.1029651822617649,0.0,-0.1082,2.1086937953054754,-0.005555555555555535
2017-05-01,0.003828691406432703,-0.0987583755116973,0.0,-0.1011,2.1712988500027466,-0.03718433088089088
2017-05-02,-0.0006505286159683621,-0.09947361456047107,0.0,-0.1059,3.0428788091238905,0.006587072869493596
2017-05-03,-0.001661270141335771,-0.10130317664438863,0.0,-0.10679999999999999,3.21769909300666,0.016700610997963355
2017-05-04,0.002628625342069959,-0.09841585289733133,0.0,-0.10460000000000001,3.78588844653539,-0.025948103792415116
2017-05-05,-0.00018080070954806993,-0.09861448317540922,0.0,-0.1057,4.338784990655699,0.001837109614207007
2017-05-08,0.0020819947726842423,-0.09633192583669038,0.0,-0.0977,5.895781621848268,-0.02111246447421847
2017-05-09,-0.0,-0.09633192583669038,0.0,-0.09960000000000001,7.053527256339381,0.0
2017-05-10,-0.000237661001241834,-0.09659254311844225,0.0,-0.10210000000000001,7.282959993663637,0.002467105263157886
2017-05-11,-0.0006906514829715001,-0.09735042982013695,0.0,-0.106,7.390457165530267,0.007150153217568978
2017-05-12,0.0015720699203897745,-0.09562802595659456,0.0,-0.10400000000000001,7.29323531224035,-0.01614856681469517
2017-05-15,0.0021281042934399364,-0.09330136662425773,0.0,-0.1042,6.479690083055388,-0.022253981216823197
2017-05-16,0.0005037033912439261,-0.09275094426784503,0.0,-0.1065,6.629309091524748,-0.005398671096345621
2017-05-17,-0.016511256892498008,-0.1559,0.04482877733102565,-0.1559,5.522453892793603,0.17777546777546785
2017-05-18,-0.0005479789103690764,-0.15653375610747683,0.0,-0.1466,4.31359570738883,0.0035149384885765
2017-05-19,0.016776364937153034,-0.13745145539349962,0.0,-0.1204,1.2908763085378325,-0.1071741032370954
2017-05-22,0.0051568364606643215,-0.05465,0.0769225988055717,-0.05465,-0.18894434320884912,-0.037797328119908755
2017-05-23,-0.00047040506329113705,-0.05514634618375798,0.0,-0.0536,-0.4404156715649563,0.008607594936708821
2017-05-24,0.0015451277783307756,-0.05351852544510667,0.0,-0.0501,-1.1641040843407708,-0.02801867911941291
2017-05-25,-0.00021963827132055036,-0.053749969266760504,0.0,-0.04995,-1.3124871610966231,0.004103967168262713
2017-05-26,0.0004378816233544629,-0.053288753477526755,0.0,-0.04905,-1.4188104447208794,-0.0081466395112016
2017-05-30,0.0005634213362221509,-0.052695642292111294,0.0,-0.0519,-0.6091173570810824,-0.010572987721691785
2017-05-31,7.243387256647447e-05,-0.05261939699284852,0.0,-0.05205,-0.5598052732123673,-0.001374570446735366
2017-06-01,0.0009242145719724061,-0.0989,0.04727738693495561,-0.0989,5.09910061879696,-0.018013381369016947
2017-06-02,-0.0003445993031358873,-0.09927881071212345,0.0,-0.0975,4.981949733747544,0.0034843205574912766
2017-06-05,-0.0010481148240636087,-0.10043219000334275,0.0,-0.1007,5.37014696897128,0.010557286258220838
2017-06-06,-0.0016464293443170883,-0.10224696174584547,0.0,-0.1045,5.277034428697618,0.01639344262295076
2017-06-07,0.0008222238505278212,-0.10134141256885736,0.0,-0.1039,5.227151530819881,-0.008041547997989585
2017-06-08,0.0018090585605083965,-0.09935261930189195,0.0,-0.1016,4.99777355840801,-0.017851128326035668
2017-06-09,-0.000560450672985025,-0.09996909772297351,0.0,-0.107,5.758123685353756,0.0056410256410255755
2017-06-12,-0.000948859232624842,-0.10101380483694045,0.0,-0.11460000000000001,6.518209102165036,0.0094915254237289
2017-06-13,0.0033659991899784246,-0.09732022584559723,0.0,-0.1042,5.150516789086302,-0.033322170127260554
2017-06-14,-0.00010084997496952865,-0.09743090172456695,0.0,-0.10640000000000001,5.265014060337129,0.0010362694300517913
2017-06-15,-0.0010393523583832024,-0.0985727058572551,0.0,-0.109,6.912793881980885,0.010667584308327635
2017-06-16,0.0009368756836399098,-0.09754444315674744,0.0,-0.1038,6.7971330300038915,-0.009504412763068676
2017-06-19,0.0018489469245899816,-0.0955188868800204,0.0,-0.10369999999999999,4.847145819081994,-0.018954918032786826
2017-06-20,0.00019865279767075818,-0.09530130221204355,0.0,-0.10859999999999999,4.414309129172293,-0.002079722703639569
2017-06-21,-0.0006219247175686525,-0.09598292108069673,0.0,-0.1075,4.34953478532011,0.006525878483642145
2017-06-22,0.0015767214961921517,-0.09425758162937045,0.0,-0.1048,4.073961061073598,-0.016427104722792695
2017-06-23,0.0007845335892927531,-0.09339977278109862,0.0,-0.1002,3.6621234918656302,-0.008323294272259306
2017-06-26,0.001953324912317968,-0.09126817147573538,0.0,-0.099,3.549557309140977,-0.020913593835993394
2017-06-27,-0.0029860286914190205,-0.09453648883520233,0.0,-0.1106,3.954732130216268,0.03271708683473393
2017-06-28,0.0024751520391776438,-0.0918340336004925,0.0,-0.1003,1.4109268464008018,-0.026181975549064155
2017-06-29,-0.002307655757576774,-0.1144,0.020051558613905965,-0.1144,1.729234605127397,0.02501937340861285
2017-06-30,-0.0020703651836690676,-0.11671200164839823,0.0,-0.1118,1.400485568698727,0.018097597759344997
2017-07-03,-0.002515504314450418,-0.119528179614367,0.0,-0.11220000000000001,2.583899552276538,0.02155309033280504
2017-07-05,0.0015550387848642436,-0.11778997285324785,0.0,-0.1107,2.9410042456979237,-0.01300980898296331
2017-07-06,-0.005654115361838052,-0.12414602415738529,0.0,-0.12539999999999998,3.2218831320331596,0.04800166962329128
2017-07-07,0.003727219335473752,-0.11997164418997808,0.0,-0.1119,1.1405184159311101,-0.03002286509593408
2017-07-10,0.002724118339999501,-0.11692899742361915,0.0,-0.11109999999999999,1.065296961459179,-0.022706351641607846
2017-07-11,0.001220680628704648,-0.115567246096292,0.0,-0.10890000000000001,0.8579032869906555,-0.010439503079653327
2017-07-12,0.003332851850371961,-0.11186157618474718,0.0,-0.10300000000000001,0.5384555964525823,-0.028839069571624035
2017-07-13,0.0014249882316528374,-0.11027944104740853,0.0,-0.099,1.1400609423104822,-0.012738853503184776
2017-07-14,0.0034773336853048224,-0.10643200775633796,0.0,-0.0951,2.219177978172291,-0.03153202131129714
2017-07-17,0.00118719473236294,-0.10512001509578739,0.0,-0.09820000000000001,2.4706722061593442,-0.011154489682097004
2017-07-18,0.0013418073811353477,-0.10363914394633031,0.0,-0.0989,2.5242128940204616,-0.012764528048370872
2017-07-19,0.002107084250445487,-0.10131857292659356,0.0,-0.09789999999999999,2.1597358518904892,-0.020330969267139485
2017-07-20,0.0004395599693127766,-0.1008346900640106,0.0,-0.0958,4.7874108813498175,-0.004338394793926309
2017-07-21,0.0008521241413860016,-0.09989744090156968,0.0,-0.09359999999999999,4.775213109628834,-0.008450704225352079
2017-07-24,0.0005209775275179703,-0.09932471742834448,0.0,-0.0943,4.7280617858764735,-0.005215123859191715
2017-07-25,0.0010359814073360482,-0.09818701609788923,0.0,-0.0943,4.948612849099162,-0.010430247718383221
2017-07-26,-0.0007714387995469243,-0.09903485422649393,0.0,-0.096,6.183417232014653,0.007856831078131808
2017-07-27,-0.0009594334639811059,-0.10009031769068798,0.0,-0.1011,6.508230872105411,0.009687836383207773
2017-07-28,0.00029725592865287477,-0.09976340649799097,0.0,-0.10289999999999999,7.12470789152659,-0.002969876962240178
2017-07-31,0.0009923555778636127,-0.09867313208711542,0.0,-0.1026,7.060557121275262,-0.009947089947089937
2017-08-01,0.00041970706970274543,-0.09821220466078545,0.0,-0.1009,6.775381372997124,-0.004253509145044663
2017-08-02,-0.0009808698723027878,-0.09929046555936234,0.0,-0.10279999999999999,8.272651651486425,0.009987250318742038
2017-08-03,-0.0006231619177365779,-0.0999759286685355,0.0,-0.10439999999999999,8.178944919338884,0.006276150627615004
2017-08-04,-4.1329445501675464e-05,-0.10002139194270447,0.0,-0.1003,7.642819987608672,0.0004133939644481912
2017-08-07,0.0014787556919660682,-0.09839713093329767,0.0,-0.0993,7.425467110546507,-0.01478439425051341
2017-08-08,-0.002996556504494469,-0.10169843253730872,0.0,-0.1096,8.35041425492743,0.030453697949036757
2017-08-09,-0.0013418825564698773,-0.103178768883942,0.0,-0.11109999999999999,8.501002131909535,0.013194722111155441
2017-08-10,-0.02047058802292604,-0.1604,0.034186223366717755,-0.1604,8.49302758697445,0.19823356231599618
2017-08-11,-0.0006312889471957996,-0.1611330104357122,0.0,-0.1551,7.825708462190906,0.003935716628402741
2017-08-14,0.023502404284012603,-0.13447023238599876,0.0,-0.1233,2.842989262297902,-0.145857166203628
2017-08-15,0.00012828680822934434,-0.1343247134890096,0.0,-0.1204,2.6399761171568255,-0.0009540164090822361
2017-08-16,0.0006520617159660798,-0.13358554575285167,0.0,-0.1174,2.288953411808304,-0.004854368932038938
2017-08-17,-0.018901205326407326,-0.15542446072415234,0.0,-0.1555,3.315267894179229,0.14149139579349915
2017-08-18,-0.0005422287912508696,-0.1560513050259005,0.0,-0.1426,2.1694461192853662,0.0034886966229415997
2017-08-21,0.008546596355324546,-0.1462547285406812,0.0,-0.1319,1.1811232933334157,-0.05476786210731163
2017-08-22,0.011559109410329903,-0.056749999999999995,0.07636367918391482,-0.056749999999999995,-2.1745642589510297,-0.07929515418502205
2017-08-23,-0.002745385105028644,-0.059659172508612114,0.0,-0.06125,-1.3426546541268376,0.04837683004455761
2017-08-24,0.0007456451251286693,-0.1223,0.06346394239133522,-0.1223,0.6714080629823798,-0.013030303030302984
2017-08-25,0.002553883077603998,-0.0564,0.06300590361555128,-0.0564,-0.3148584599819024,-0.021139705882353012
2017-08-28,0.0002442598138534828,-0.11320000000000001,0.05708811140989405,-0.11320000000000001,1.0572528103737628,-0.004836948041816132
2017-08-29,-0.001132707942464041,-0.1144623603671651,0.0,-0.11699999999999999,1.3947972515296332,0.01000625390869294
2017-08-30,-0.00015904913436845205,-0.11463964283749117,0.0,-0.11220000000000001,0.6143679380082094,0.0013895321908290578
2017-08-31,0.0039482287816110136,-0.1102560977573664,0.0,-0.1059,3.8224121288941735,-0.03444034440344405
2017-09-01,-0.00019244955178214024,-0.11046980717402465,0.0,-0.1013,3.6168635358290135,0.0017454776261504534
2017-09-05,-0.003347569914364386,-0.11419966846276537,0.0,-0.1223,4.212005146907845,0.03030303030303033
2017-09-06,-0.0006804869472953186,-0.1149583830892351,0.0,-0.11630000000000001,5.251068947291345,0.0059587471352177375
2017-09-07,0.001705923916224276,-0.11305958811768241,0.0,-0.1155,5.583925631550543,-0.014839491217444076
2017-09-08,-0.002700550565971287,-0.11607360131337485,0.0,-0.12119999999999999,6.305407773863345,0.023886081763895298
2017-09-11,0.00692150276168007,-0.10840179522666238,0.0,-0.1073,3.164635808704446,-0.05963029218843168
2017-09-12,0.002222749744395288,-0.10594355946255139,0.0,-0.1058,3.0586247834319717,-0.020504731861198763
2017-09-13,0.0034635394439680215,-0.10212630154491598,0.0,-0.105,2.9444817689949865,-0.032692307692307646
2017-09-14,-0.0005557664826817623,-0.10273916701308226,0.0,-0.10439999999999999,2.940889881324548,0.005441952506596273
2017-09-15,0.001140056030824017,-0.10148341420386651,0.0,-0.1017,3.0756002309926744,-0.011096605744125297
2017-09-18,0.003945467382925912,-0.09715462641133431,0.0,-0.1015,3.0402671182500827,-0.0388779527559055
2017-09-19,-9.890189319104178e-05,-0.09726314781398186,0.0,-0.1018,4.819502974715158,0.0010179843909059964
2017-09-20,0.0014445184292669955,-0.09568041725866477,0.0,-0.0978,4.413257744893901,-0.014851652056641969
2017-09-21,-0.00038973693384384005,-0.09610761087809129,0.0,-0.0967,3.911107585145693,0.0040733197556007275
2017-09-22,-0.0007962036868057781,-0.09698103121950426,0.0,-0.0959,3.9714853178934524,0.008284501919579825
2017-09-25,0.0003871498252275674,-0.09655649956234655,0.0,-0.10210000000000001,7.356193031754257,-0.003992015968063929
2017-09-26,0.0007709101761464768,-0.09571180418237855,0.0,-0.1017,7.836465044301745,-0.007984031936127718
2017-09-27,0.000613783112993207,-0.09503968731424768,0.0,-0.0987,6.854116322579956,-0.0064128256513025835
2017-09-28,0.0017175847104984527,-0.09316208882438637,0.0,-0.0955,6.546088361457803,-0.018072289156626512
2017-09-29,0.001554597330809865,-0.09146529978267263,0.0,-0.0951,6.1762172126080666,-0.016687016687016675
2017-10-02,0.0023906345075940393,-0.08886222816600324,0.0,-0.09449999999999999,5.712548283192532,-0.026137065239761295
2017-10-03,-0.00029882212077680687,-0.08918770154490291,0.0,-0.0951,5.732252919683676,0.0033627574611181056
2017-10-04,0.00020430335630861017,-0.08896522229508468,0.0,-0.09630000000000001,5.878109720260014,-0.002290712203248679
2017-10-05,0.0029532023998368384,-0.08575875692847963,0.0,-0.0919,5.46555238958228,-0.033195020746887995
2017-10-06,-0.00020101136292633486,-0.08597705065553864,0.0,-0.0965,5.681941593219145,0.0023439164713403276
2017-10-09,-0.0013065317955252818,-0.08739777041697172,0.0,-0.1033,6.469781492843587,0.015196285352469405
2017-10-10,0.00191408340169401,-0.085320376698413,0.0,-0.1008,6.291715419388323,-0.021900826446281007
2017-10-11,0.0010750152460950757,-0.08415489365860142,0.0,-0.09849999999999999,6.173970038144745,-0.012599748005039825
2017-10-12,0.0008895866137272971,-0.08319130117696853,0.0,-0.09910000000000001,5.847891114552752,-0.010570824524313007
2017-10-13,0.0015543173043679843,-0.0815102910167891,0.0,-0.09609999999999999,5.672970117704816,-0.01868365180467085
2017-10-16,0.0011909539727420798,-0.08022379419763889,0.0,-0.09910000000000001,6.310760649852081,-0.01461108723678551
2017-10-17,-0.00039374626315453527,-0.10310000000000001,0.022462846054183763,-0.10310000000000001,6.746791196624831,0.004768097095795319
2017-10-18,0.0011917413682178885,-0.10178695490687467,0.0,-0.1007,6.507823603251889,-0.011559082135964
2017-10-19,0.0008793689408801237,-0.10081892893123962,0.0,-0.1005,7.774415699330824,-0.008639308855291546
2017-10-20,0.00129170831855443,-0.09939882632187068,0.0,-0.09970000000000001,6.872477734559471,-0.012812160694896877
2017-10-23,-0.003878340877968659,-0.10367927075380179,0.0,-0.1107,7.292083626049776,0.039017974572555986
2017-10-24,-0.001112017415025006,-0.10490794763356985,0.0,-0.1116,7.4741040066865505,0.010725552050473212
2017-10-25,-0.000783870094397778,-0.10577473137663673,0.0,-0.11230000000000001,6.609672351482936,0.00747198007471976
2017-10-26,-0.0005435494931995682,-0.10637610154592014,0.0,-0.113,6.738653330498352,0.005138746145940353
2017-10-27,0.005121330062186276,-0.10073885455944837,0.0,-0.098,3.779968617966608,-0.04814361485108114
2017-10-30,-0.0011403586697246307,-0.10199552471004923,0.0,-0.105,4.020702868357184,0.011319948739854674
2017-10-31,0.0020613832362451952,-0.09972856268650725,0.0,-0.1018,3.6819043268346423,-0.020210526315789373
2017-11-01,-0.0008538404339598193,-0.10066835783480677,0.0,-0.102,3.6949467915604437,0.008561643835616408
2017-11-02,0.0010641475458224817,-0.09949832938595479,0.0,-0.0993,3.426780035384187,-0.010570824524312896
2017-11-03,0.0003385016521742093,-0.0991262733264857,0.0,-0.09140000000000001,2.928118933114182,-0.003402083776313055
2017-11-06,0.0015981325355988293,-0.097372526588073,0.0,-0.094,3.6911920927990813,-0.01612218922358924
2017-11-07,-0.0009806104027511092,-0.09844967776899188,0.0,-0.0989,4.131237499791795,0.01007070923505463
2017-11-08,-0.0,-0.09844967776899188,0.0,-0.0978,5.005152509756596,0.0
2017-11-09,-0.0008255738177693173,-0.09935727835437538,0.0,-0.105,5.07367068822111,0.008385744234800771
2017-11-10,-0.0024253535055474332,-0.10203009089855494,0.0,-0.11289999999999999,7.618115309571369,0.024410426148117496
2017-11-13,-0.0014263484496529434,-0.10360421505973585,0.0,-0.115,8.526287519015035,0.013979684199939734
2017-11-14,0.0003887203961561937,-0.10317538828577165,0.0,-0.1159,8.335880722057384,-0.0037519747235386734
2017-11-15,-0.004597547212554178,-0.1313,0.023042112051919722,-0.1313,9.031425902766221,0.04444883835887296
2017-11-16,0.00498292220113852,-0.1256907704682172,0.0,-0.1176,5.678073735967847,-0.03795066413662239
2017-11-17,0.0005142830215557233,-0.1251121443950087,0.0,-0.1143,5.379441291258813,-0.004091653027823292
2017-11-20,0.005323921038085483,-0.11915385762753095,0.0,-0.1065,4.585936972721607,-0.04255319148936176
2017-11-21,0.004379314828576937,-0.11427410053595462,0.0,-0.0973,2.802312894097157,-0.03675344563552829
2017-11-22,0.0013661460682920057,-0.11275391614843189,0.0,-0.09880000000000001,2.954382857720816,-0.011954992967651217
2017-11-24,0.00047912428958256516,-0.11222102404042973,0.0,-0.0967,3.0424568952056994,-0.004249291784702491
2017-11-27,0.0005956529938451767,-0.1115589206415143,0.0,-0.0987,3.2324866006507564,-0.005307855626327038
2017-11-28,0.0007499096027556181,-0.11072597656565761,0.0,-0.1003,1.9090726097639177,-0.006722094463116874
2017-11-29,-0.0018833617559006247,-0.11282182262752592,0.0,-0.107,2.7768741925849048,0.017009213323883762
2017-11-30,-0.0015254120584064915,-0.11452192781557427,0.0,-0.1128,3.725145675028463,0.013520540821632909
2017-12-01,-0.0020666197392664024,-0.11682999071980052,0.0,-0.1143,4.0490437016767995,0.018045624787197786
2017-12-04,-3.8891474940014e-05,-0.1168734275747202,0.0,-0.1168,4.593886102954668,0.0003328894806924145
2017-12-05,0.0004647054774342735,-0.11635465145343057,0.0,-0.1133,3.62204729995171,-0.003976143141153067
2017-12-06,0.0011369533679616523,-0.11508684970408975,0.0,-0.11019999999999999,3.7383749145812875,-0.009771447499171986
2017-12-07,0.004253959479571737,-0.11036340875564411,0.0,-0.1016,2.9282343624007767,-0.03696303696303686
2017-12-08,0.0030181943570945086,-0.10702220059662503,0.0,-0.0958,2.100802240988058,-0.02734778121775035
2017-12-11,0.0037657354186004586,-0.1028690874120778,0.0,-0.0934,1.9786757518115428,-0.035186488388458836
2017-12-12,-0.0001305208649419168,-0.10301305362987978,0.0,-0.0992,3.989184338631987,0.0012688055102410914
2017-12-13,-0.00033373559491321823,-0.10338129124152838,0.0,-0.1018,4.29315027420785,0.003239740820734349
2017-12-14,0.0009779061995004452,-0.10230334196968616,0.0,-0.10490000000000001,5.562920704529285,-0.009459218275923597
2017-12-15,0.0035934507215158594,-0.09835645218410359,0.0,-0.0942,3.2552205865942145,-0.03512544802867385
2017-12-18,0.0011988044033519585,-0.0970413142259505,0.0,-0.0953,3.064406186061767,-0.012188365650969564
2017-12-19,-0.00014435301483964322,-0.09719969831028272,0.0,-0.1003,3.503792193087685,0.0014875418371141636
2017-12-20,-0.00035028536630023617,-0.09758416598190903,0.0,-0.09720000000000001,3.128284776341915,0.003603770097948747
2017-12-21,0.0017082567349130775,-0.09571240788161742,0.0,-0.0962,3.061447991039855,-0.017505470459518693
2017-12-22,-0.0016465577792745423,-0.09751953721352213,0.0,-0.099,3.6006972424724673,0.01720317998175429
2017-12-26,0.0007462278067607973,-0.09670114832093855,0.0,-0.1025,3.922819188765483,-0.00765208519321526
2017-12-27,-0.0,-0.09670114832093855,0.0,-0.1047,4.162232563360074,0.0
2017-12-28,0.0007380828010757258,-0.09589228907054408,0.0,-0.1018,3.858334664875624,-0.007632616715430563
2017-12-29,-0.001956236931185393,-0.09804031608880749,0.0,-0.1104,4.786905738447921,0.020400357006247594
2018-01-02,0.004680776001256007,-0.09292458093916468,0.0,-0.0977,3.8858259650251625,-0.04774337933606861
2018-01-03,0.0014717381376837691,-0.09131844596188479,0.0,-0.0915,3.2700374110256334,-0.01583798520057118
2018-01-04,0.00043102976984763327,-0.0908482578883485,0.0,-0.0922,3.7639076007748438,-0.00472007342336443
2018-01-05,0.0008084912362789787,-0.08996702909749014,0.0,-0.0922,3.3874177109053516,-0.008899358722680247
2018-01-08,0.00023604100510950607,-0.08970981289797603,0.0,-0.09519999999999999,3.6827935563544063,-0.002623638987275295
2018-01-09,-0.0010787220999364533,-0.0908865763564157,0.0,-0.1008,4.424451641408508,0.012024571951378918
2018-01-10,0.0013539030252143693,-0.08941161867019444,0.0,-0.09820000000000001,4.099458016212185,-0.014896622576088455
2018-01-11,0.00018552534025717887,-0.08920954269917382,0.0,-0.09880000000000001,3.8411957140554946,-0.002074957852418616
2018-01-12,-0.0007838543614864824,-0.09006399411526045,0.0,-0.1016,3.955006260466196,0.008786664943791286
2018-01-16,-0.003865636454869749,-0.1166,0.022318121119591985,-0.1166,5.572288518818463,0.042797095911348774
2018-01-17,-0.0009300695206732588,-0.11763948241769771,0.0,-0.1191,5.34989233723507,0.007976582510062254
2018-01-18,0.0004851112677018531,-0.11709756580140514,0.0,-0.1222,5.246769687504272,-0.004123711340206244
2018-01-19,0.0014987714863102925,-0.1154257974211354,0.0,-0.1127,4.280705764543495,-0.012799339388934655
2018-01-22,0.0009149312269510236,-0.11440619239620453,0.0,-0.1103,3.8025592173630978,-0.00792657488527337
2018-01-23,-0.001583310693677818,-0.11617344174251464,0.0,-0.111,3.888357343320749,0.013839379324806066
2018-01-24,-0.0022995155478930753,-0.11874601559952917,0.0,-0.11470000000000001,4.024523468866877,0.01979381443298971
2018-01-25,-0.0016758510266062655,-0.12062401450467647,0.0,-0.1158,4.416490200644846,0.01411290322580651
2018-01-26,0.0005263245377038765,-0.12003451285748437,0.0,-0.1108,2.986984989342398,-0.004363347877826364
2018-01-29,-0.009941289346886002,-0.13128090365330858,0.0,-0.1384,4.428324658189231,0.0828202581926515
2018-01-30,-0.003559833957619942,-0.13532246311033747,0.0,-0.1479,3.7115301522918163,0.027116159765481828
2018-01-31,0.004391706185107237,-0.13035826174086304,0.0,-0.1354,3.348301057560498,-0.03245363766048498
2018-02-01,0.002160634172500489,-0.12792123657323393,0.0,-0.13470000000000001,3.3123593848398425,-0.01657458563535909
2018-02-02,-0.01836603222622893,0.0,0.1489370925661597,0.0,2.3506147818436336,0.14299082912221592
2018-02-05,0.0,0.0,0.0,0.0,13.31148534541105,0.974072858549393
2018-02-06,-0.0,0.0,0.0,0.0,2.749160553760497,-0.2612997903563942
2018-02-07,-0.0,0.0,0.0,0.0,0.6198687594690391,-0.042961608775137064
2018-02-08,0.0,0.0,0.0,0.0,2.2820165173768494,0.1204093919325707
2018-02-09,-0.00014529999999999998,0.29059999999999997,0.29059999999999997,0.29059999999999997,-2.8033184318685365,-0.05078465562336523
2018-02-12,-0.009672216401443789,0.2561,0.02758149093418777,0.2561,-8.40830488989014,-0.03323615160349861
2018-02-13,-0.0007523133414932653,0.2555399327592058,0.0,0.24969999999999998,-9.286543716262031,-0.0029375764993879944
2018-02-14,-0.025856801611991543,-0.09630000000000001,0.3322099264677621,-0.09630000000000001,-16.23567324447603,-0.10053495894501115
2018-02-15,0.0017428260489069812,0.1913,0.28553671337486436,0.1913,-17.375616468342425,-0.01958041958041966
2018-02-16,0.0026392483349191253,0.19342874185006584,0.0,0.1946,-15.488793350611388,0.013796384395813514
2018-02-20,0.006405226068778614,0.19856213257102825,0.0,0.20600000000000002,-6.228997635411314,0.033114138093001476
2018-02-21,0.002086903315698562,-0.1001,0.3004510502989583,-0.1001,-5.30593525771928,0.011266643905769855
2018-02-22,0.002661514195583595,-0.09717984027998666,0.0,-0.09359999999999999,-6.3926835145546015,-0.02658855340243352
2018-02-23,0.006341110346954384,-0.1649,0.0746741082259757,-0.1649,2.559610493587016,-0.06563549994206934
2018-02-26,0.006193715135738171,-0.15772935417595205,0.0,-0.158,2.3588385600847843,-0.03756043138713264
2018-02-27,-0.012168970009195665,-0.17199128092456184,0.0,-0.1859,3.208493318374522,0.07715095311694992
2018-02-28,-0.009221169680972204,-0.18289899325683429,0.0,-0.1985,3.0192939546514594,0.05361416945907135
2018-03-01,-0.011833971417613488,0.0,0.19694574834309367,0.0,5.0547128077004935,0.06416382252559735
2018-03-02,-9.795e-05,-0.1959,0.1959,-0.1959,3.442051124287506,-0.037092624356775426
2018-03-05,0.006422950819672128,-0.18826781426835504,0.0,-0.1873,1.3094261561501064,-0.03278688524590163
2018-03-06,-0.0010430349820961648,-0.18950851325918558,0.0,-0.18359999999999999,1.227359214005304,0.005540166204986229
2018-03-07,0.0032872815051277577,-0.18561107589711437,0.0,-0.1776,0.8927529694027037,-0.017346352670878872
2018-03-08,0.005812029712044608,-0.0827,0.09600383414764599,-0.0827,-0.43471738318778463,-0.031571562207670684
2018-03-09,0.005750959797174929,-0.07650903979086732,0.0,-0.0732,-2.697219083358,-0.0695400217312567
2018-03-12,-0.0017451517629850438,-0.07839099573826715,0.0,-0.0789,-0.6473004422203754,0.022809745982374202
2018-03-13,-0.0020558170840798496,-0.1635,0.08293236186394111,-0.1635,0.9888047728700418,0.025696202531645593
2018-03-14,-0.0039937083641746725,-0.1681653115755781,0.0,-0.1723,2.688211545773566,0.02442635085122124
2018-03-15,0.005448863986247935,-0.16183463268755127,0.0,-0.1659,4.877486833350655,-0.0324018308841242
2018-03-16,0.002820822780908513,-0.1585665218495202,0.0,-0.158,4.146470511008019,-0.01743027888446215
2018-03-19,-0.010723723742102809,-0.17112534653311576,0.0,-0.1902,6.193799099412452,0.067629179331307
2018-03-20,0.0007320000564629608,-0.1702687097714862,0.0,-0.182,5.416787595570426,-0.004277566539924032
2018-03-21,0.0007189575903030518,-0.16942794067722383,0.0,-0.17859999999999998,5.050135654125835,-0.004222488038277547
2018-03-22,-0.020144426537904034,0.0,0.19335196316056613,0.0,6.011234861103812,0.11832611832611838
2018-03-23,0.0,0.0,0.0,0.0,9.817554914771673,0.053925240008170526
2018-03-26,-0.00010515000000000001,0.21030000000000001,0.21030000000000001,0.21030000000000001,-1.9836827674573492,-0.05208940719144807
2018-03-27,0.011693734164212842,0.21942780375882015,0.0,0.225,-1.3680107888497233,0.05560501266862977
2018-03-28,0.005935494269046684,0.22403354818653148,0.0,0.22870000000000001,-1.0320389227035847,0.02704987320371929
2018-03-29,-0.011964268167105281,-0.09985,0.31461227619785614,-0.09985,-5.568358851586069,-0.05270175884183121
2018-04-02,-0.00720974911608189,0.23620000000000002,0.3438454161605567,0.23620000000000002,-3.188207151244189,0.0704839900651138
2018-04-03,-0.00823452268579698,0.22985825029073975,0.0,0.21100000000000002,-6.912189563526624,-0.03486250078660871
2018-04-04,-0.005629699036529697,-0.1003,0.32592494586838217,-0.1003,-8.773278096849204,-0.023783077425677868
2018-04-05,0.003753430353430361,-0.09618554390650973,0.0,-0.0947,-10.375981615870234,-0.037422037422037494
2018-04-06,-0.006183459816870061,0.21489999999999998,0.31772964587018226,0.21489999999999998,-7.2467611506108796,0.06263513984794582
2018-04-09,0.002772720689882168,0.21707084386991388,0.0,0.2177,-4.802807929984798,0.012902376407083147
2018-04-10,-0.005289926083752366,0.2129071810365449,0.0,0.2047,-3.441399079359048,-0.02436958363198012
2018-04-11,-0.00012856889607037444,-0.1012,0.31412960932245226,-0.1012,-1.9807361193698867,0.00013384193267751003
2018-04-12,0.004544199450438977,-0.09621856420298779,0.0,-0.09244999999999999,-3.8407230405401833,-0.04490315662489108
2018-04-13,0.003403815284502415,-0.092499896357449,0.0,-0.08705,-4.261932298761579,-0.03537586860391666
2018-04-16,0.004547300555424015,-0.08755445936034584,0.0,-0.0828,-1.3067032479963068,-0.04916006108646652
2018-04-17,0.004894971683477666,-0.08225684276078188,0.0,-0.07625,-2.347678498977075,-0.05590773695868014
2018-04-18,-0.0007520701418263899,-0.08307138841347411,0.0,-0.078,-1.579587771555472,0.009142949286463
2018-04-19,-0.0007586428165614002,-0.08389367656511655,0.0,-0.07980000000000001,-1.3875560487867986,0.009132420091324114
2018-04-20,-0.002266607981270856,-0.16879999999999998,0.0824888862913761,-0.16879999999999998,3.9633600237540243,0.026525998492840958
2018-04-23,0.001833705226071632,-0.16666068819899715,0.0,-0.1634,3.4224408789094003,-0.010863182618907775
2018-04-24,-0.007811447266520796,-0.17584574523143534,0.0,-0.1802,5.451865595492322,0.046870364876891224
2018-04-25,-0.0007977124819118174,-0.17678448090036966,0.0,-0.1784,5.4410494811410555,0.0045364332293734285
2018-04-26,0.007984620167694904,-0.1674627344061977,0.0,-0.1624,3.447954079920711,-0.04516584333098103
2018-04-27,0.0037114967731869983,-0.16314572280924491,0.0,-0.15410000000000001,2.733967180448193,-0.022163120567375842
2018-04-30,-0.001625055494326919,-0.16503897579797042,0.0,-0.1593,3.431600292136647,0.009960760639903412
2018-05-01,0.003843845957671457,-0.16057789315480445,0.0,-0.1549,4.642737584017663,-0.02329053448790687
2018-05-02,-0.0032135203182522684,-0.16431945738805742,0.0,-0.1597,4.990431472933036,0.020012221203788542
2018-05-03,0.0017219104816113872,-0.16231804975521782,0.0,-0.159,5.03814603091465,-0.010479041916167707
2018-05-04,0.0036834655768960035,-0.15805240359035108,0.0,-0.1477,2.122847903906708,-0.022692889561270718
2018-05-07,0.0008794260477979403,-0.157034876981323,0.0,-0.1475,1.9757506200335513,-0.005564142194745011
2018-05-08,0.0004628704099666514,-0.1564995675523638,0.0,-0.1471,4.4089821953228086,-0.002947564381011379
2018-05-09,0.006857190498720738,-0.14862323918998044,0.0,-0.13419999999999999,2.3277424239572824,-0.04381603480422631
2018-05-10,0.005540250407406079,-0.14229464084068505,0.0,-0.1323,2.2946323860106155,-0.03727714748784442
2018-05-11,0.003821272664402418,-0.13794623798790231,0.0,-0.1265,1.7284734937431576,-0.02685464921114468
2018-05-14,0.002240426139014653,-0.13540245265467343,0.0,-0.1293,3.435854259488064,-0.0162412993039443
2018-05-15,-0.00862466022826496,-0.1452801044215007,0.0,-0.1463,3.8677329234453524,0.06369648451096413
2018-05-16,0.006377514141162745,-0.13802235078640113,0.0,-0.13419999999999999,3.8966792368021537,-0.04389805587322324
2018-05-17,0.002821581276723709,-0.1348203628980033,0.0,-0.1343,4.108272201540318,-0.020442930153322023
2018-05-18,-0.0014429717753040596,-0.13646024295233872,0.0,-0.13419999999999999,5.320190387405276,0.010702921608330947
2018-05-21,0.004286301177829038,-0.1316098224375816,0.0,-0.1308,4.527598055975341,-0.03141062250142782
2018-05-22,-0.0014520059845276015,-0.13325531593832177,0.0,-0.1322,4.341165718010309,0.011032656663724641
2018-05-23,0.0030953615781259386,-0.12975830548694878,0.0,-0.1258,4.725951263367142,-0.023228803716608577
2018-05-24,0.0006059876386714488,-0.12907410053887813,0.0,-0.1253,5.904672553784687,-0.004670126019273577
2018-05-25,-0.002589538352318112,-0.13200547212397715,0.0,-0.1322,6.666664697512118,0.020062416406598338
2018-05-29,-0.015249120930174248,-0.1702,0.020677200145552133,-0.1702,8.404165178676992,0.11544053503925567
2018-05-30,0.006917978113600831,-0.16216020116385052,0.0,-0.1494,4.1811918128004955,-0.040646169880145896
2018-05-31,-0.0024409794316771613,-0.16500395184813443,0.0,-0.1543,4.400234601025659,0.015052888527257915
2018-06-01,0.009247619399014737,-0.15432915516002826,0.0,-0.1346,1.2948633991828213,-0.05604483586869494
2018-06-04,0.005214390369706191,-0.1274,0.02092930104657842,-0.1274,0.5492547899529239,-0.033855268726195514
2018-06-05,0.0020045454545454594,-0.1251445965133528,0.0,-0.124,0.7073981039086057,-0.01573426573426577
2018-06-06,0.00436586288116728,-0.0582,0.06201913585794859,-0.0582,-0.46618625118398427,-0.0351343371715383
2018-06-07,-0.0004574379310762451,-0.1213,0.06264889448926864,-0.1213,0.003649927215244375,0.00732153752287991
2018-06-08,-0.0007691123188405691,-0.1221630694404546,0.0,-0.12179999999999999,0.2024607574720534,0.00634057971014484
2018-06-11,0.0027780949364077027,-0.1190542305490008,0.0,-0.1235,0.6087883766710736,-0.022740873728306386
2018-06-12,0.000563118881144183,-0.11842442463835412,0.0,-0.1234,3.4053472892202574,-0.004729935916997191
2018-06-13,-0.0026051202486897314,-0.12134566493585898,0.0,-0.1294,5.270996356992304,0.0219981668194317
2018-06-14,0.0044313143403317086,-0.116398552022755,0.0,-0.12119999999999999,5.923423339762762,-0.036518110001490516
2018-06-15,-0.00021541989886998726,-0.11663909830438599,0.0,-0.1198,6.8716567334911645,0.001850709438618054
2018-06-18,0.00026838264681173916,-0.11633949215674048,0.0,-0.1231,7.183658427006276,-0.0023009664058903923
2018-06-19,-0.004957446170995369,-0.12190125724872306,0.0,-0.1335,7.661619232132662,0.04261189454322493
2018-06-20,0.0029352892611174456,-0.1186177904610877,0.0,-0.12789999999999999,8.969734608061051,-0.024079236977255978
2018-06-21,-0.008092416584418904,-0.1277439644217526,0.0,-0.1464,9.710158894474297,0.06822262118491916
2018-06-22,0.003746223495099532,-0.12353495138929252,0.0,-0.1377,9.045792905986714,-0.02932603126932246
2018-06-25,-0.015582636955752644,-0.17329999999999998,0.03199882692282324,-0.17329999999999998,9.532458150105708,0.126009986382206
2018-06-26,0.004276251915168123,-0.16830403762162185,0.0,-0.1592,7.991225918812445,-0.02467542940085472
2018-06-27,-0.010427759456110405,-0.1806152090316292,0.0,-0.1791,9.410833757711462,0.06195786864931849
2018-06-28,0.003990875232629186,-0.1759222500484134,0.0,-0.1685,7.675143750398661,-0.022096008713919032
2018-06-29,0.004310242066256566,-0.17087549324308812,0.0,-0.1609,6.723800892438231,-0.024500835255747342
2018-07-02,0.0001948567977032881,-0.17064738464247697,0.0,-0.156,5.992800730361232,-0.0011403437321821455
2018-07-03,-0.0039203716879168005,-0.17525482036632886,0.0,-0.16140000000000002,6.550431823063937,0.0229735234215887
2018-07-05,0.008281072571601265,-0.16560238244764858,0.0,-0.1497,4.263388907861389,-0.047251610850369975
2018-07-06,0.007495073563350575,-0.13369999999999999,0.02321776814440743,-0.13369999999999999,2.1448029855197905,-0.04532955587034411
2018-07-09,0.00758350587211831,-0.12516728726987347,0.0,-0.12689999999999999,0.6686344207390356,-0.05672031317964331
2018-07-10,0.00223245874141357,-0.12266099292257944,0.0,-0.1264,3.8834215689134552,-0.01783580031258615
2018-07-11,-0.004735769007735507,-0.12800295435444534,0.0,-0.1363,3.472712099948403,0.038608598340016745
2018-07-12,0.004517076938258086,-0.12293059048091944,0.0,-0.1258,3.6522234076463924,-0.035288849081952574
2018-07-13,0.002341102120649847,-0.12030783543160985,0.0,-0.12179999999999999,3.225291395997086,-0.019044097254321896
2018-07-16,-0.00036111534882389735,-0.12071254193212098,0.0,-0.1283,3.6739143121349187,0.0030015945971297677
2018-07-17,0.0030557293071695633,-0.11729838052589492,0.0,-0.1206,2.901040242266305,-0.025314099581200598
2018-07-18,0.0002869345043678767,-0.11697788103121134,0.0,-0.121,3.68304747837157,-0.00244619323030238
2018-07-19,-0.0021001414906860207,-0.11932862952779541,0.0,-0.12869999999999998,4.098727125885576,0.017953321364452424
2018-07-20,-0.0008566063911489262,-0.12028827562462467,0.0,-0.1286,4.603220952892698,0.007178548807094072
2018-07-23,0.001643305361568729,-0.11845032021676422,0.0,-0.12619999999999998,5.464080982276295,-0.013661392625636091
2018-07-24,5.008823182046623e-05,-0.11839430182370779,0.0,-0.1241,5.0653734825502035,-0.00042286278102756253
2018-07-25,0.0018817857945114252,-0.11629367624125406,0.0,-0.1229,5.6859186340723795,-0.015894226035586184
2018-07-26,-0.00024857928658622526,-0.11657123272170672,0.0,-0.12140000000000001,6.233327735111496,0.002137513359458527
2018-07-27,-0.003478628365171427,-0.12046892771595265,0.0,-0.1303,5.820477355260052,0.029841224836971908
2018-07-30,-0.004318119911263293,-0.12532822995241685,0.0,-0.1426,6.483553173437881,0.035844262857927654
2018-07-31,0.0061026514882553,-0.11850239961876625,0.0,-0.1283,4.920584517873182,-0.048693350975851826
2018-08-01,-0.001348019250709422,-0.12001219762219031,0.0,-0.1315,5.252349968099264,0.011375459526947395
2018-08-02,0.002217125785699033,-0.11753448310329415,0.0,-0.1219,4.150719297044482,-0.018474170372904542
2018-08-03,0.0024590171275520613,-0.1147931875614023,0.0,-0.1164,3.5184248107038485,-0.020921665392368092
2018-08-06,0.0037677045362163614,-0.1106087419663342,0.0,-0.1127,3.0697361633368896,-0.0328216736224093
2018-08-07,0.0026268266832538043,-0.10769900865338969,0.0,-0.1093,2.8888333291233685,-0.023748816201646403
2018-08-08,0.0007525241071447773,-0.10686606525590413,0.0,-0.1085,3.8353498779726003,-0.006987289080502531
2018-08-09,-0.0010356010796323237,-0.10801352525890948,0.0,-0.1127,4.352376584566706,0.009690644800596407
2018-08-10,-0.006447620562393184,-0.11520393709498493,0.0,-0.1316,6.265036804262256,0.05969271484231419
2018-08-13,-0.006611615746533283,-0.1478,0.02518792134087068,-0.1478,8.203863852347338,0.057281217571774436
2018-08-14,0.008323224668452343,-0.13832546143862662,0.0,-0.1331,6.442960830626523,-0.05631410465799962
2018-08-15,-0.006264515202191169,-0.14550147282929812,0.0,-0.1464,6.638172383353753,0.04528822920262342
2018-08-16,0.005664524511335258,-0.13904930014898492,0.0,-0.13449999999999998,4.885243481018618,-0.0389310458594523
2018-08-17,0.004588331804738199,-0.13384683465583183,0.0,-0.1264,4.159029838523759,-0.032997877729855615
2018-08-20,0.0015863328551802161,-0.1320510249212588,0.0,-0.1249,4.133695415135392,-0.011851851851851754
2018-08-21,-0.003962563643374183,-0.13655469523530447,0.0,-0.1286,4.584162650463519,0.030007821944108604
2018-08-22,0.004152463628385137,-0.13185470972057337,0.0,-0.1225,3.9696043037833473,-0.03040879422878731
2018-08-23,-0.00046509597785033706,-0.13238137574382444,0.0,-0.1241,4.13167396038064,0.0035273368606701188
2018-08-24,0.0008785564617527262,-0.13138738804331343,0.0,-0.1199,4.2640838765309255,-0.006636556364641879
2018-08-27,-4.857653684936153e-05,-0.1314423495943014,0.0,-0.1216,4.451945088337977,0.00036971993714760275
2018-08-28,0.0003144843185287462,-0.13108664058294073,0.0,-0.125,5.015152934511022,-0.0023925646452563143
2018-08-29,0.0011797677268002658,-0.1297537935181179,0.0,-0.1225,6.8920188814187675,-0.008999908164202338
2018-08-30,-0.005097769624524413,-0.13554252772330141,0.0,-0.1353,7.705836247889906,0.03928801992068615
2018-08-31,0.0045520247931820175,-0.13039693285879125,0.0,-0.1286,6.997477171532749,-0.03358373840035351
2018-09-04,-0.0013062255363324791,-0.1318754174329892,0.0,-0.1316,7.039192361637705,0.010017302613605259
2018-09-05,-0.0029618951000132342,-0.13523787292615863,0.0,-0.1391,7.481823344323353,0.022459796963435457
2018-09-06,-0.004974157687099275,-0.14091295386594205,0.0,-0.1465,7.951309941766208,0.03678080392328575
2018-09-07,-0.0018039896393180594,-0.1429748686870544,0.0,-0.14880000000000002,8.122303505645494,0.012802156152615254
2018-09-10,0.005145625094135636,-0.13712365666418785,0.0,-0.1416,8.04521588024944,-0.0359897172236504
2018-09-11,0.004915332174395901,-0.13156165525281102,0.0,-0.1322,8.431309855039686,-0.035845982334276695
2018-09-12,0.0011664301378917505,-0.1302433053982441,0.0,-0.13140000000000002,8.360083465113028,-0.008866034222892068
2018-09-13,0.0041096470372563015,-0.12561741512309935,0.0,-0.12369999999999999,7.4092979935384715,-0.031553614404135864
2018-09-14,0.002647000043821608,-0.12264577171617048,0.0,-0.1207,7.592688832596941,-0.021071919377004124
2018-09-17,-0.005341853993780153,-0.1286749887123031,0.0,-0.1368,8.41635326815889,0.0435551419264774
2018-09-18,0.003105829881067206,-0.12518036989788403,0.0,-0.12789999999999999,6.873200834456429,-0.02413701304463566
2018-09-19,0.0036101679589511685,-0.12113289185398651,0.0,-0.1175,6.084925589221292,-0.02883972911963885
2018-09-20,0.0021214166699472245,-0.11875953672311965,0.0,-0.11800000000000001,5.495120192566541,-0.017513134851138354
2018-09-21,-0.0008651636470589705,-0.11972828492982462,0.0,-0.1168,5.5302271338349955,0.007285003553660241
2018-09-24,0.0008840696144607264,-0.11873924155985673,0.0,-0.122,5.496024595125867,-0.0073839662447257055
2018-09-25,-0.0004192769829090896,-0.11920849992295064,0.0,-0.1242,5.703086051786988,0.003531073446327608
2018-09-26,-0.002843275340147553,-0.12239979157211438,0.0,-0.12890000000000001,5.875008053790822,0.023851280252543055
2018-09-27,0.002404094966830603,-0.11970790742754736,0.0,-0.1241,5.883650289621532,-0.019641332194705416
2018-09-28,0.0009979123925881028,-0.11859165095681197,0.0,-0.12119999999999999,5.592854948360617,-0.008336227856894788
2018-10-01,0.00055880882649806,-0.11796692117352735,0.0,-0.12,6.169487691520047,-0.004712041884816697
2018-10-02,-0.00041232758187181585,-0.11842807991921799,0.0,-0.12050000000000001,6.651361223336653,0.0034952813701502722
2018-10-03,0.0016445489313552234,-0.1165917900840752,0.0,-0.1161,6.215451400114129,-0.0138864780420066
2018-10-04,-0.00654550400472001,-0.12394860014743972,0.0,-0.1422,9.089499425047777,0.05614035087719297
2018-10-05,-0.0024374941125835433,-0.1482,0.021517238806417427,-0.1482,9.18804673824674,0.019578563132570087
2018-10-08,-0.0031808780487804916,-0.15186393871784942,0.0,-0.15689999999999998,10.12370833957354,0.021463414634146367
2018-10-09,-0.002272037281470295,-0.1544869761686766,0.0,-0.1595,10.38190152478482,0.014961005888906594
2018-10-10,-0.029800221910184443,0.0,0.1898312787134708,0.0,6.598876637532108,0.19228356336260974
2018-10-11,0.0,0.0,0.0,0.0,6.863082407621469,0.013870541611624846
2018-10-12,-0.0,0.0,0.0,0.0,0.6436562198730762,-0.0299134085541852
2018-10-15,0.0,0.0,0.0,0.0,1.1962686007695886,0.02011416145691757
2018-10-16,-4.405000000000001e-05,-0.08810000000000001,0.08810000000000001,-0.08810000000000001,-6.867969684201558,-0.07332084559807332
2018-10-17,0.0008392295461115863,-0.08718760004387706,0.0,-0.087,-7.070302893315109,-0.009525874530210967
2018-10-18,-0.00676613634587902,0.2006,0.2950312252423911,0.2006,-4.933303789324672,0.07591240875912413
2018-10-19,4.3582640812558375e-05,0.2006348384447141,0.0,0.1989,-5.16915776889271,0.00021726141980338173
2018-10-22,0.001899172892856189,-0.09820000000000001,0.30046971307666154,-0.09820000000000001,-5.320569808046315,0.010214615593588666
2018-10-23,-0.0012104524297509552,0.2071,0.3064622692020848,0.2071,-4.196046633939432,0.010766000968940048
2018-10-24,0.018699343050120467,0.0,0.22173925022014346,0.0,0.7299891447994469,0.0908267149938703
2018-10-25,-0.0001211,0.2422,0.2422,0.2422,-0.5598079027664014,0.013708690330477379
2018-10-26,0.0020397270219253538,0.24374255873847325,0.0,0.2416,-0.48256793594483227,0.008421664004646383
2018-10-29,0.0053147247065705415,0.0,0.24783332354095103,0.0,0.0589756907179968,0.022313056023082443
2018-10-30,-0.0,0.0,0.0,0.0,0.5815279394314068,-0.024504029027849674
2018-10-31,-0.00010615,0.21230000000000002,0.21230000000000002,0.21230000000000002,-2.723093252260764,-0.027959173801577048
2018-11-01,-0.009668523609219187,-0.0967,0.30143078008220714,-0.0967,-4.701200391249504,-0.04483188044831881
2018-11-02,-0.000958674667362383,-0.0977523874048416,0.0,-0.09755000000000001,-4.657289676191933,0.009913905557004995
2018-11-05,0.001001032981958033,-0.09665459998044518,0.0,-0.0998,-4.380401074253815,-0.010240496508921606
2018-11-06,0.0033737236557761976,0.1991,0.2919082669951675,0.1991,-4.500156794974082,-0.036415005493643036
2018-11-07,-0.015368905194917704,-0.0818,0.2685098083452468,-0.0818,-2.959463191205817,-0.07651758056627363
2018-11-08,-0.00043293149073802433,-0.08226854813592337,0.0,-0.0836,-1.653774480661852,0.00529256101146729
2018-11-09,-0.00244945226852893,-0.1736,0.08872222191295262,-0.1736,1.262816489283285,0.029234637198152367
2018-11-12,-0.013757389144975223,0.0,0.1898563661528298,0.0,1.0189615535033951,0.07870081199250466
2018-11-13,-0.0001001,-0.2002,0.2002,-0.2002,1.5729445945640457,0.005378895744344243
2018-11-14,-0.005990342940589303,0.0,0.2073070415881613,0.0,3.110429814654072,0.02940404305592019
2018-11-15,-9.99e-05,-0.1998,0.1998,-0.1998,1.8741257830282585,-0.020434227330779087
2018-11-16,0.00884061570571355,-0.18928597968937322,0.0,-0.1814,0.2952497920712247,-0.04424732585442217
2018-11-19,-0.01159336586120841,-0.20323552939889944,0.0,-0.201,0.4754266248711403,0.06124788470986411
2018-11-20,-0.012102737246895237,0.0,0.21784210374578572,0.0,1.7071310364838617,0.05901436737216133
2018-11-21,-0.00010400000000000001,-0.20800000000000002,0.20800000000000002,-0.20800000000000002,4.766318622038757,-0.014257135886801692
2018-11-23,-0.003617391304347841,-0.21238567339244574,0.0,-0.2152,5.63920368232646,0.017391304347826157
2018-11-26,0.01579588984320176,-0.09449999999999999,0.09897461794948641,-0.09449999999999999,-0.3565436670725397,-0.07460661964188824
2018-11-27,0.0007540827957130337,-0.1902,0.09657749157790392,-0.1902,1.465039280589739,-0.008490704142878155
2018-11-28,0.005508925506212725,-0.09244999999999999,0.0911755362470723,-0.09244999999999999,-2.9342978246945783,-0.02920353982300873
2018-11-29,-0.0008699195629078712,-0.09340117106881914,0.0,-0.09394999999999999,-2.281938623992364,0.00940962209743506
2018-11-30,0.0034639773654652093,-0.08962672874364525,0.0,-0.09035,-2.593332288723733,-0.03708708708708704
2018-12-03,0.004353657071153257,-0.08490343124867103,0.0,-0.08220000000000001,-5.120066397022676,-0.04857543204110238
2018-12-04,-0.01177249928631745,-0.09782760595629106,0.0,-0.10369999999999999,-5.5315706179622985,0.138657520823126
2018-12-06,-0.0020088378886003997,0.2119,0.31176560752639465,0.2119,-2.926952897722469,0.018941024537236395
2018-12-07,0.01452106598984771,0.22318025083977258,0.0,0.2323,-4.032447400191387,0.06852791878172586
2018-12-10,-0.001357436406006834,0.2221243340915216,0.0,0.22640000000000002,-4.409822506260372,-0.006082242496363964
2018-12-11,-0.0005330273315087685,0.22170948397462603,0.0,0.21760000000000002,-3.844296919769878,-0.0023996800426609086
2018-12-12,-0.001232997057579855,-0.1073,0.32817667225451175,-0.1073,-4.240339019574151,-0.004821213338690249
2018-12-13,0.001258438932326767,-0.10590828196239592,0.0,-0.10325,-1.3490171625706324,-0.011728228633054678
2018-12-14,-0.0037901884816483656,-0.11011583019529764,0.0,-0.10815,-1.6167577350125342,0.03578746072940849
2018-12-17,-0.005079001142619877,0.0,0.1157180089041188,0.0,1.1097283688278132,0.0455987311657415
2018-12-18,0.0,0.0,0.0,0.0,4.767457419059831,0.018285714285714308
2018-12-19,0.0,0.0,0.0,0.0,8.821896416311297,0.018769617074701726
2018-12-20,0.0,0.0,0.0,0.0,11.389059492436036,0.01791713325867871
2018-12-21,0.0,0.0,0.0,0.0,13.732867445496513,0.0676420176297747
2018-12-24,0.0,0.0,0.0,0.0,18.552752501693963,0.06073852525020122
2018-12-26,-0.00015204999999999998,0.3041,0.3041,0.3041,-5.191037943788761,-0.04465892360543098
2018-12-27,0.004255098061704305,0.3070485762600113,0.0,0.29960000000000003,-5.89853004544328,0.013992430324578446
2018-12-28,0.002883530568766765,0.2834,0.025649813615694794,0.2834,-7.480042619668762,0.009432890101147886
2018-12-31,-0.011558122098524783,0.25420000000000004,0.02082823779659987,0.25420000000000004,-10.363685865433524,-0.040747028862478774
2019-01-02,-0.008647078345383431,0.24769475762958038,0.0,0.2322,-11.41349904948487,-0.034016830627000116
2019-01-03,0.012011290400745183,0.25662366664653,0.0,0.2545,-10.992677884956446,0.04849230769230766
2019-01-04,-0.021944320464302385,-0.1069,0.34697956758168985,-0.1069,-18.738581895812626,-0.08483563096500522
2019-01-07,0.0019303495421127326,-0.10476741273069422,0.0,-0.107,-17.56881580562232,-0.018057526118921727
2019-01-08,0.002452794879135025,-0.10206427512020173,0.0,-0.10235,-16.112501395075874,-0.02341181112718667
2019-01-09,0.0019794283659675537,-0.09988712734098043,0.0,-0.0999,-11.718690477849279,-0.019393939393939442
2019-01-10,0.0012341902060252939,-0.09853133073157959,0.0,-0.0975,-2.6444582302004065,-0.012355848434925867
2019-01-11,0.0030393157457844384,-0.09520266402996824,0.0,-0.09095,-4.021987879187062,-0.030846185910796072
2019-01-14,-0.00016357846053259377,-0.0953818449058533,0.0,-0.09535,-3.6134133669143615,0.001718213058419268
2019-01-15,0.003051783067977605,-0.09204914780717599,0.0,-0.09300000000000001,-4.284452048639576,-0.031995429224396625
2019-01-16,-0.0009358397939965186,-0.09307208816498766,0.0,-0.09519999999999999,-3.8017199980015164,0.010166740445624878
2019-01-17,0.002400949448397608,-0.18059999999999998,0.09019509348008871,-0.18059999999999998,1.4918763307674965,-0.02628120893561104
2019-01-18,0.0019227766342536658,-0.17833432629007037,0.0,-0.17800000000000002,8.688331732102654,-0.010646603733409003
2019-01-22,-0.017305273648821073,0.0,0.19896344179884612,0.0,7.790051404552697,0.09648053902946034
2019-01-23,-9.76e-05,-0.19519999999999998,0.19519999999999998,-0.19519999999999998,6.956893608666821,-0.020027488709994098
2019-01-24,0.005034221954967596,-0.18921323661509423,0.0,-0.1889,6.347677880434976,-0.025790071490612684
2019-01-25,0.008355847519723035,-0.17935869518705175,0.0,-0.17420000000000002,4.48963397973764,-0.044161009394500565
2019-01-28,-0.0075348910588294874,-0.18831250042157358,0.0,-0.1887,4.961217775109889,0.042010179941214504
2019-01-29,0.002150662199517107,-0.18576232620898445,0.0,-0.1913,5.792061501969473,-0.011420708634330902
2019-01-30,0.007473419958849652,-0.17696636230603185,0.0,-0.1766,3.341206834795857,-0.04023108512563511
2019-01-31,0.00712736671076812,-0.16863705744582247,0.0,-0.16570000000000001,1.943048814387831,-0.040275262586019635
2019-02-01,0.0017276564830607864,-0.16662153618555317,0.0,-0.16140000000000002,1.6460971537871032,-0.010244821092278757
2019-02-04,0.0045330579796662345,-0.1613570373999259,0.0,-0.1573,2.2121579936616413,-0.027205714719963497
2019-02-05,0.0006040035713324712,-0.16065599703262975,0.0,-0.1557,5.2177062194646915,-0.0037432738048817733
2019-02-06,0.001431625393709053,-0.15899674785717122,0.0,-0.15380000000000002,4.728456079209838,-0.008911123270538635
2019-02-07,-0.005860477120355692,-0.16582906240363343,0.0,-0.1637,3.890125893992776,0.036859100574939005
2019-02-08,0.0033737332972120127,-0.16190909101494297,0.0,-0.1572,3.687188052896701,-0.020344644348288202
2019-02-11,0.0014032204746323115,-0.16028096101412187,0.0,-0.1597,5.073885336087926,-0.008666718254275204
2019-02-12,0.002721069192514491,-0.157132323895906,0.0,-0.1543,3.6696237492974415,-0.016976870960205597
2019-02-13,0.0004589797098088422,-0.1566014672900847,0.0,-0.1565,5.90752468834817,-0.002920975763795731
2019-02-14,-0.002347848085308616,-0.15932338247387953,0.0,-0.16219999999999998,6.8251160958212616,0.014992503748125937
2019-02-15,0.005604288696045071,-0.15286240870865833,0.0,-0.1491,4.480522625692091,-0.03517555683933508
2019-02-19,-0.0,-0.15286240870865833,0.0,-0.14880000000000002,4.7326860845342225,0.0
2019-02-20,0.006579531108815049,-0.14532669608203028,0.0,-0.1402,3.9358876505952054,-0.04304217867817999
2019-02-21,-0.002698507209172327,-0.14842573119686403,0.0,-0.1446,4.113965777599841,0.018568558165315635
2019-02-22,0.0061890253959167715,-0.14136181394443234,0.0,-0.1351,5.127823349551402,-0.041697792869269924
2019-02-25,-0.003198909586466175,-0.14502464425568187,0.0,-0.1485,6.477239518041015,0.022629234141856927
2019-02-26,-0.0016622309567384675,-0.14693110864972583,0.0,-0.1517,6.657069810223678,0.011461713733342555
2019-02-27,0.00046056770002639373,-0.1464031124049424,0.0,-0.147,7.995013724160789,-0.0031345826235093417
2019-02-28,0.0009190778806724466,-0.14535044614427287,0.0,-0.1478,7.88450877603395,-0.006277720914363701
2019-03-01,0.0062767003270198084,-0.13820626649912182,0.0,-0.13570000000000002,6.589999460983402,-0.04318322023442323
2019-03-04,-0.0032203018282262737,-0.1418834759443267,0.0,-0.1463,9.055665459628084,0.02330069330283758
2019-03-05,-0.0018204141673353338,-0.1439659677990576,0.0,-0.1474,9.10465293794547,0.01283034655881733
2019-03-06,-0.004433071247094505,-0.14905983190104938,0.0,-0.1574,9.337475464458795,0.03079249432950725
2019-03-07,-0.004547352495216187,-0.15430888127255435,0.0,-0.1659,9.148682350832301,0.030506894025178175
2019-03-08,-0.0004386890725587962,-0.15481548620717514,0.0,-0.1605,9.734424194665626,0.002842928216062585
2019-03-11,0.011302437478847401,-0.14190912966263813,0.0,-0.1433,4.044683476204005,-0.07300585849481751
2019-03-12,0.002968933644483321,-0.13852891286800728,0.0,-0.1377,3.2824883780162892,-0.020921371666089376
2019-03-13,0.0021881726593634965,-0.136043054516255,0.0,-0.1341,2.4329449680874955,-0.015795783090050124
2019-03-14,0.0013397517678757722,-0.13452307522053247,0.0,-0.135,2.588556030104339,-0.009847998287304649
2019-03-15,0.003997742670396985,-0.13000560360122815,0.0,-0.1288,2.1285995715991923,-0.029717895341325073
2019-03-18,-0.0007854165987844071,-0.1308938263839329,0.0,-0.131,2.5676149224429636,0.006041405731967905
2019-03-19,-0.0006192662286160269,-0.13159458469471916,0.0,-0.1356,3.1195176262432156,0.004731057573331367
2019-03-20,-0.0017400936819136356,-0.13356709763934657,0.0,-0.1391,4.001916759620904,0.013223140495867721
2019-03-21,0.00215280560317583,-0.1311319903525841,0.0,-0.1363,4.586078183136786,-0.016117783804726848
2019-03-22,-0.01390528528599393,-0.14708249975829427,0.0,-0.1648,1.8489817116207785,0.10604037389050361
2019-03-25,-0.0008764226416752868,-0.14808871069900267,0.0,-0.16329999999999997,3.3794935946286007,0.005958714620131846
2019-03-26,0.007301690321145436,-0.13976648875966036,0.0,-0.14679999999999999,1.357122227338559,-0.0493061914488976
2019-03-27,-0.0026037669230009977,-0.14274192237867653,0.0,-0.1515,1.885596324024112,0.018629407850964782
2019-03-28,0.004589572998488851,-0.13752118585884973,0.0,-0.14429999999999998,1.0274750276785056,-0.03215294373234855
2019-03-29,0.003159755706417439,-0.13393821810347248,0.0,-0.1371,0.15868052417047807,-0.02297650130548306
2019-04-01,0.0029647879062165263,-0.067,0.06355045229883413,-0.067,-1.2754601406371968,-0.02237272658092989
2019-04-02,-0.00018710728415173312,-0.06719968083392844,0.0,-0.0668,-1.3112463778827355,0.0027926460321154195
2019-04-03,0.00010358332305807999,-0.0670891481939593,0.0,-0.0687,-0.7336881592350419,-0.0015414258188824882
2019-04-04,0.00039887916888060296,-0.1358,0.06917319801181286,-0.1358,0.08422112398711512,-0.006461041458349275
2019-04-05,0.002954223559361263,-0.13245447630619211,0.0,-0.1282,5.28798508904804,-0.02175422355936129
2019-04-08,-0.0004992394866664496,-0.1330201246916259,0.0,-0.1318,5.8401772116623825,0.003769140164899891
2019-04-09,-0.004934734576666977,-0.13863900596470163,0.0,-0.14279999999999998,6.184349898403221,0.03709765411893074
2019-04-10,0.004422992326890057,-0.13362499132649372,0.0,-0.133,6.339631296458896,-0.03190294315884073
2019-04-11,0.0028822893129511035,-0.13036694675614532,0.0,-0.13019999999999998,5.882437279856062,-0.021569986903936543
2019-04-12,0.0069221387658130245,-0.12259618021869985,0.0,-0.1201,4.803084989704827,-0.05309734513274335
2019-04-15,0.0009669898365783559,-0.12151168981304682,0.0,-0.1232,7.105941258721564,-0.007887601676115345
2019-04-16,0.0003797552605391763,-0.12108595152543847,0.0,-0.12179999999999999,6.973755325145801,-0.003125257011267418
2019-04-17,0.00034332327483243164,-0.12070118872321742,0.0,-0.126,7.039142176761855,-0.002835368352044574
2019-04-18,0.0016506145466422836,-0.11885439138921577,0.0,-0.1209,6.5736649656359605,-0.013675213675213627
2019-04-22,0.0020359396250635774,-0.11658109968377253,0.0,-0.1242,7.336561376360977,-0.017129696271771983
2019-04-23,0.0004083401039711881,-0.11612534094600577,0.0,-0.12279999999999999,5.6699245877388575,-0.0035026269702277207
2019-04-24,-0.00350816485344763,-0.12005467739919727,0.0,-0.13140000000000002,7.208685689006478,0.03021015761821362
2019-04-25,-0.0021704800433753175,-0.12249102176079704,0.0,-0.1325,7.298382109907501,0.018079096045197737
2019-04-26,0.003980831159422943,-0.11804029212840196,0.0,-0.1273,6.631601704952468,-0.0324989627990596
2019-04-29,-0.0016142262171405448,-0.11984798009708655,0.0,-0.1311,7.6755345317979495,0.013675213675213719
2019-04-30,0.0004532066474259539,-0.1193406874567968,0.0,-0.13119999999999998,7.770675424344701,-0.003781512605041986
2019-05-01,-0.0057608404905713055,-0.14800000000000002,0.02218616737845555,-0.14800000000000002,7.812907518675846,0.0481792717086834
2019-05-02,0.0006506794564348383,-0.14725350571251003,0.0,-0.1442,7.466369278286918,-0.004396482813748907
2019-05-03,0.007506116784384695,-0.13870624366445664,0.0,-0.12869999999999998,4.519491617781227,-0.05097411262343215
2019-05-06,-0.009521723087080939,-0.14965292041893968,0.0,-0.15439999999999998,6.640309835828482,0.0686466797422247
2019-05-07,-0.017705182168885832,0.0,0.1702731873148959,0.0,8.042154402959367,0.11773940345368922
2019-05-08,0.0,0.0,0.0,0.0,8.125567520635942,0.013815712445849428
2019-05-09,-0.0,0.0,0.0,0.0,7.819401871410054,-0.006239889068638787
2019-05-10,-8.02e-05,-0.1604,0.1604,-0.1604,4.699037881017759,-0.0753663642707607
2019-05-13,-0.024908222639193043,0.0,0.18992594136949545,0.0,4.491913368705294,0.15469613259668513
2019-05-14,-9.03e-05,-0.18059999999999998,0.18059999999999998,-0.18059999999999998,0.7390582849989791,-0.05465432770821998
2019-05-15,0.008193079649981354,-0.08220000000000001,0.08875431441184282,-0.08220000000000001,-1.3333725805328704,-0.045611610228058014
2019-05-16,0.003448535262206155,-0.07848082085965245,0.0,-0.07644999999999999,-3.4058985926976817,-0.0419529837251357
2019-05-17,-0.0011031440683083682,-0.07967185446162128,0.0,-0.07980000000000001,-1.8348638627257827,0.014056224899598398
2019-05-20,-0.0007669264035550454,-0.0805005188385735,0.0,-0.08155,-1.5818310693549549,0.00962606442058508
2019-05-21,0.004318486745790346,-0.07585445563152925,0.0,-0.07475,-2.0698006863547143,-0.05364545232870044
2019-05-22,0.0002269691557999914,-0.07561032526403433,0.0,-0.07375,-2.3169102081436392,-0.002992166431231373
2019-05-23,-0.005126123746714182,-0.08115244649382444,0.0,-0.08460000000000001,-1.108029667937263,0.06779661016949139
2019-05-24,0.0027340227819453626,-0.07820461052505043,0.0,-0.07925,-1.949224106498642,-0.033689961302071365
2019-05-28,-0.0029521474544653187,-0.175,0.0936537318989207,-0.175,4.339681508460744,0.03715024688455201
2019-05-29,-0.0038574771646410337,-0.17955008752718643,0.0,-0.179,5.490549955505902,0.022042726655091622
2019-05-30,0.0032069614865730947,-0.17577940824822866,0.0,-0.17300000000000001,5.339485005783574,-0.017861096759908376
2019-05-31,-0.0069926507822233135,-0.1840591201811621,0.0,-0.18710000000000002,7.37254121713095,0.03978083014336111
2019-06-03,-0.000623501016785475,0.0,0.18468837550208778,0.0,7.553230433469336,0.0028857946757087313
2019-06-04,-4.2425e-05,-0.08485,0.08485,-0.08485,-0.011660543141449153,-0.04934186866143985
2019-06-05,0.0024105477899508945,-0.08224120585303715,0.0,-0.08045,-0.8330592649124533,-0.028409520211560336
2019-06-06,0.0008423868373245005,-0.08133030743525364,0.0,-0.07965,-1.3740224060931752,-0.010242880422130767
2019-06-07,-0.0008272388675833673,-0.0822255664873444,0.0,-0.0815,-0.2770039802830979,0.010171348094828303
2019-06-10,0.0012717588196944566,-0.08085098471475798,0.0,-0.0797,-0.6889482539796941,-0.015466707911221227
2019-06-11,-0.0005209349097060311,-0.15990000000000001,0.07852815000362864,-0.15990000000000001,0.5376812700635849,0.005957513521988014
2019-06-12,0.0010942686056458666,-0.15863214521799582,0.0,-0.1591,1.1551114361339945,-0.006843455945252448
2019-06-13,0.0004957641853832182,-0.15805802152632734,0.0,-0.1582,1.0719554571549388,-0.003125244159699965
2019-06-14,0.0025447403231280523,-0.1551185447874138,0.0,-0.1528,3.588216730919159,-0.01610003907776475
2019-06-17,0.0019161052329429418,-0.15290944895915382,0.0,-0.1535,4.102182310292493,-0.01235252197323613
2019-06-18,0.0001953022418253751,-0.15268432712594915,0.0,-0.1515,7.733109549226425,-0.0012772411590963586
2019-06-19,0.006691248249932233,-0.1450226960151054,0.0,-0.1433,7.3150360452126115,-0.04382406744611468
2019-06-20,-0.0022838219844898487,-0.14764370995025125,0.0,-0.1475,7.223366796191526,0.015748031496062992
2019-06-21,-0.0036553211030927782,-0.15185410657369414,0.0,-0.154,8.322819263574663,0.024757716426419003
2019-06-24,0.0021922303003420575,-0.14933450065612727,0.0,-0.15259999999999999,8.021745105548185,-0.014436424208772896
2019-06-25,-0.003573571123064811,-0.1534564593509765,0.0,-0.1628,6.899263622595672,0.02392997671243886
2019-06-26,0.0011770159674724826,-0.15210041876196195,0.0,-0.16210000000000002,6.888231895477409,-0.007670032088909868
2019-06-27,0.0037339940714243443,-0.1478144862751157,0.0,-0.1582,6.544481144197389,-0.024549531827838467
2019-06-28,0.004541553426935912,-0.1426251929145314,0.0,-0.1508,5.702057291473082,-0.03072468430789029
2019-07-01,0.0048827280134471135,-0.13707317387511217,0.0,-0.1406,4.052087469544347,-0.034234681220540776
2019-07-02,0.005657322090522246,-0.1306765723252605,0.0,-0.1293,3.911757056629664,-0.041272277649867885
2019-07-03,0.0011336022030517341,-0.1293962862070977,0.0,-0.1257,3.0374768774209517,-0.008674869434363046
2019-07-05,-0.0019307732554216521,-0.13158111275594717,0.0,-0.1328,4.499088624692952,0.014921396216360223
2019-07-08,-0.003782054456011015,-0.1358770616584733,0.0,-0.1396,4.599471667193622,0.028743140841390055
2019-07-09,-0.00011459649292272515,-0.1360072441045825,0.0,-0.1409,4.809874044975098,0.0008433836552247736
2019-07-10,0.005158619982820446,-0.13017708998406485,0.0,-0.1303,5.982044022860986,-0.0379290089787698
2019-07-11,0.0018520901151545539,-0.1280877697766348,0.0,-0.1293,6.176214168774692,-0.014227465949509785
2019-07-12,0.0022402758159446473,-0.12556619105955916,0.0,-0.12390000000000001,5.599460995129294,-0.017490161783996556
2019-07-15,0.00033280199061637737,-0.12519172501364953,0.0,-0.1268,5.864933450605099,-0.00265041081367612
2019-07-16,-0.0006598878591600585,-0.12593471566272219,0.0,-0.1286,6.526682014972492,0.00527101818501272
2019-07-17,-0.0031044625446176493,-0.12944102301502697,0.0,-0.13970000000000002,6.484351351863724,0.02465136422693809
2019-07-18,0.0032926174375841545,-0.1257344102656976,0.0,-0.1353,7.014021116924878,-0.025437201907790166
2019-07-19,-0.004434701006312762,-0.13074894374440799,0.0,-0.1445,7.362536812550465,0.035270384590356016
2019-07-22,0.00551108889144089,-0.1245514407912097,0.0,-0.1353,6.9280132192767745,-0.04215015994480333
2019-07-23,0.003105858762467664,-0.12106955708400459,0.0,-0.1261,5.176040287221497,-0.024936353547881738
2019-07-24,0.0031012414061942378,-0.11760359852853622,0.0,-0.1207,4.647337597753738,-0.02561536922153295
2019-07-25,-0.0024058015382585033,-0.12029881514131237,0.0,-0.1274,4.845101148427601,0.02045687009887492
2019-07-26,0.0024022927872191834,-0.11761397914032823,0.0,-0.1216,3.862624266184179,-0.019969380283565246
2019-07-29,-0.0007957105685699777,-0.11850398458184765,0.0,-0.1283,4.453040294978679,0.0067654421216426595
2019-07-30,-0.0045056739569241215,-0.12356640848744428,0.0,-0.1394,5.643956270244429,0.03802128656536581
2019-07-31,-0.007240833502480356,-0.1612,0.02945548596137909,-0.1612,6.6519606133093845,0.058479532163742694
2019-08-01,-0.01054168937329701,-0.17357142542419934,0.0,-0.1787,7.759132337932629,0.06539509536784745
2019-08-02,0.0004337560469509063,-0.17306260242694466,0.0,-0.1761,7.222965747836287,-0.0024990060771283612
2019-08-05,-0.033417181019778315,0.0,0.21348429692083015,0.0,7.210023800806901,0.19247623925786805
2019-08-06,-0.0,0.0,0.0,0.0,1.2000943105015907,-0.06469828205005503
2019-08-07,-9.745e-05,-0.1949,0.1949,-0.1949,0.945646727779561,-0.015357051446122379
2019-08-08,0.01303035282301253,-0.08455,0.09492504318170157,-0.08455,-5.228112775892125,-0.0671001300390117
2019-08-09,-0.002779235612011812,-0.08757262055770298,0.0,-0.08985,-3.705473177860661,0.032870912028525275
2019-08-12,-0.008125486828480731,0.2109,0.3072122913353296,0.2109,-0.9920836080870039,0.09103165615056899
2019-08-13,-0.01916530278409686,-0.0876,0.283197280654732,-0.0876,-6.7576453450889495,-0.09020248527154809
2019-08-14,-0.01099177009139907,0.221,0.32050935250071166,0.221,-5.5292070007838205,0.12364743624598988
2019-08-15,-0.00010715151515150907,0.22091652002469114,0.0,0.2118,-6.5533359673872305,-0.00048484848484845735
2019-08-16,-0.014637588154526893,-0.09234999999999999,0.3018142812368688,-0.09234999999999999,-10.554213873359561,-0.06557536309321425
2019-08-19,0.006396744379251258,-0.08540692932563587,0.0,-0.08439999999999999,-7.760191680648543,-0.06926631704657563
2019-08-20,-0.0019005714453549114,-0.08747375088413926,0.0,-0.0875,-6.843617292801227,0.022253129346314446
2019-08-21,0.005316315128361426,-0.08172297069036202,0.0,-0.079,-8.810022284605509,-0.06077611940298515
2019-08-22,-0.0023517401637514253,-0.08427289881497238,0.0,-0.0834,-5.797208264343361,0.02877697841726619
2019-08-23,-0.008313918268741673,-0.09336302968181073,0.0,-0.09935000000000001,-5.887056586331987,0.09865470852017941
2019-08-26,0.0010875789760082394,-0.09217520289302673,0.0,-0.0966,-6.564948701852,-0.011648925487045594
2019-08-27,-0.0032841669526337464,-0.09577390734709443,0.0,-0.10154999999999999,-4.124610825670235,0.03562961457698295
2019-08-28,0.003219710112079183,-0.1935,0.10129798545545976,-0.1935,0.20403907932206522,-0.03414666056126119
2019-08-29,0.008124969960526529,-0.0894,0.09442556118042846,-0.0894,-2.0487162763790394,-0.042233502538071024
2019-08-30,-0.0014245434428128655,-0.1898,0.09889991039113774,-0.1898,0.17012340689413108,0.0153813589218937
2019-09-03,-0.0057183755640402515,-0.19664285325091338,0.0,-0.1966,1.5814352659299864,0.03012842762929532
2019-09-04,0.012011233598375151,-0.08664999999999999,0.09573436108122103,-0.08664999999999999,-1.1504139835152216,-0.06132488712177364
2019-09-05,0.002993284598294274,-0.08340705435052918,0.0,-0.08134999999999999,-2.8324404609852536,-0.03454454239231707
2019-09-06,0.0029018665737470363,-0.080272248422286,0.0,-0.075,-4.075362073001262,-0.034791620401214
2019-09-09,0.00029482920980939217,-0.1527,0.07278544296292493,-0.1527,3.8366236559635407,-0.0041262321387636304
2019-09-10,0.0006536115569823412,-0.15194707407934976,0.0,-0.152,4.1498961455839005,-0.004280363830925614
2019-09-11,0.0035069175675937177,-0.14792140832627343,0.0,-0.1461,4.265345218912623,-0.023079862437906083
2019-09-12,0.003661477998579824,-0.14373365272060162,0.0,-0.1422,3.957340749437826,-0.024752860590021044
2019-09-13,0.0019375720373088698,-0.1415218718617059,0.0,-0.1374,4.437339095333044,-0.01348029498057245
2019-09-16,-0.0030930041389572696,-0.14506355818654604,0.0,-0.1467,5.014127020156865,0.02185530828746902
2019-09-17,0.0016171829665450608,-0.1432147707322152,0.0,-0.1444,6.00276968419155,-0.01114809940388631
2019-09-18,0.00559955849216288,-0.13684891871511778,0.0,-0.13949999999999999,6.68293314909515,-0.03909902912621357
2019-09-19,0.0012535778813598456,-0.13542557432920838,0.0,-0.1405,9.677263114160034,-0.009160305343511364
2019-09-20,-0.008229020628259401,-0.14484654012408082,0.0,-0.1532,10.054939614663278,0.06076415528617462
2019-09-23,0.004051359397934211,-0.14022707046636793,0.0,-0.1491,9.630358961020505,-0.027970011534025382
2019-09-24,-0.0089192373481167,-0.1705,0.020023070778867974,-0.1705,10.306468116742625,0.06353427895981081
2019-09-25,0.005483227058497358,-0.1641168828089285,0.0,-0.15960000000000002,9.566526318960333,-0.032159689492653125
2019-09-26,-0.0018742827444274421,-0.1663028641419661,0.0,-0.1607,10.020868859045189,0.011420413990007096
2019-09-27,-0.005194039932402414,-0.17239231665109367,0.0,-0.1722,10.784597776125342,0.03123241418120418
2019-09-30,0.007951155829213699,-0.16314397763312125,0.0,-0.1624,9.217292093895384,-0.046122448979591786
2019-10-01,-0.011967911921906531,-0.17723299847037663,0.0,-0.1856,9.846329180235209,0.07335797554734147
2019-10-02,-0.011315735394737866,-0.19070672065403374,0.0,-0.20559999999999998,9.058055035479894,0.06384666226040982
2019-10-03,0.009002304825904691,-0.18008325150404952,0.0,-0.1912,6.182490287394533,-0.04720496894409934
2019-10-04,0.009311415843593083,-0.16919637782727698,0.0,-0.1704,1.7149322506585651,-0.0517061734826778
2019-10-07,-0.0018536990175543834,-0.1713677410580712,0.0,-0.17859999999999998,2.4763516379868893,0.010955902492467777
2019-10-08,-0.014037422422437313,-0.18804482816785537,0.0,-0.2028,3.6072858090907403,0.08191403081914038
2019-10-09,0.00883589794940187,-0.1776393272510627,0.0,-0.1864,1.3771023501116169,-0.04698825293676591
2019-10-10,0.005306018259133324,-0.08785,0.08352507014811132,-0.08785,-0.2574554944713796,-0.030104712041884783
2019-10-11,0.004537853107344633,-0.08293579643111036,0.0,-0.0779,-2.955545049666645,-0.051654560129136405
2019-10-14,0.00389254689380687,-0.07873676299507859,0.0,-0.07285,-3.818092371026104,-0.046934460887949246
2019-10-15,0.002286576572752353,-0.07627577601981082,0.0,-0.0677,-4.216359018534966,-0.029040774420651186
2019-10-16,0.0006149984035105106,-0.0756142749579186,0.0,-0.0684,-0.5944188688123528,-0.008062827225130811
2019-10-17,0.0006781549323580239,-0.07488533616547867,0.0,-0.06895,-0.24963212448166416,-0.008968609865470979
2019-10-18,-0.0004844369389759052,-0.1425,0.06712980948917398,-0.1425,1.1062076629896183,0.0060208320789933946
2019-10-21,0.004902347249596856,-0.13692639202904236,0.0,-0.14,0.9931441422366394,-0.034402436839276185
2019-10-22,-0.0033275148621132985,-0.14072216197656137,0.0,-0.1446,5.281144294190998,0.024301486461481624
2019-10-23,0.002467771983493844,-0.1379140495654198,0.0,-0.1401,5.442888206982483,-0.017536484295237558
2019-10-24,0.0010928879270652135,-0.1366717946839741,0.0,-0.1371,5.402436113447475,-0.007924413288631627
2019-10-25,0.004520843438244762,-0.13155620623401593,0.0,-0.1265,5.508092113748583,-0.03307810107197537
2019-10-28,-0.0014280635829757395,-0.13317445140122056,0.0,-0.1311,5.932845343785466,0.010855159356263735
2019-10-29,0.0008451312165074677,-0.1322175789813449,0.0,-0.132,7.262050616808089,-0.006346046164375054
2019-10-30,0.004271733668829073,-0.12740161952492782,0.0,-0.1233,6.6048931990003545,-0.03230836399925148
2019-10-31,-0.0022903661937065706,-0.12998970975538784,0.0,-0.1322,7.09964263248734,0.017977528089887666
2019-11-01,0.005179003078295482,-0.1241676420765532,0.0,-0.12300000000000001,5.92921054195738,-0.03984163891158178
2019-11-04,-0.0008254643480289704,-0.1250963690172738,0.0,-0.1283,6.81125842416822,0.006647982793456334
2019-11-05,-0.0026302106610532833,-0.12806341343363112,0.0,-0.131,7.577591971007158,0.021025475653015102
2019-11-06,0.0020144625532251795,-0.1257955404747568,0.0,-0.12619999999999998,6.9695220263516955,-0.015730195683634304
2019-11-07,0.001201485582375895,-0.12444453657587955,0.0,-0.1273,7.070780770382838,-0.009551098376313231
2019-11-08,0.0017690137106899794,-0.12245889140729416,0.0,-0.1207,6.474464320776098,-0.014215278222449971
2019-11-11,0.001583690803844734,-0.12068407434473914,0.0,-0.12689999999999999,7.029721217405937,-0.012932428063368888
2019-11-12,0.00044071132463680267,-0.12019039375246308,0.0,-0.1268,7.124521825206853,-0.003651776980762948
2019-11-13,-0.00018783417660084027,-0.12040084332233142,0.0,-0.13,7.435364852563102,0.001562805235397533
2019-11-14,0.0016359868714131047,-0.11857087605436142,0.0,-0.1305,8.0151659279263,-0.013587835651892557
2019-11-15,0.004179118404109077,-0.11391569049160209,0.0,-0.12050000000000001,7.7862742657367585,-0.0352457411396123
2019-11-18,0.0009501275052773665,-0.11285833317977086,0.0,-0.1246,8.35165291909468,-0.008340620165467112
2019-11-19,-0.0016430140841700088,-0.11468978419468315,0.0,-0.1286,8.878624838413408,0.014558199096852412
2019-11-20,0.00038333463770730215,-0.11426264872592301,0.0,-0.1278,8.007025233785853,-0.003342360790012481
2019-11-21,-0.001129449575544533,-0.11552257522502124,0.0,-0.1313,8.362277416284158,0.009884678747940598
2019-11-22,0.004023321441895737,-0.11105245406351662,0.0,-0.1234,7.596156532084408,-0.034827144686299535
2019-11-25,0.005033207404196281,-0.10548830215585339,0.0,-0.11869999999999999,6.200843503663024,-0.04532279314888017
2019-11-26,0.0014058687462121932,-0.1039363125961657,0.0,-0.11539999999999999,5.866519464134081,-0.013327247832040147
2019-11-27,0.0002098374669281158,-0.10370471399474442,0.0,-0.1175,5.966146329660242,-0.0020189042855832165
2019-11-29,-0.0020715308386493937,-0.12619999999999998,0.0202153837172558,-0.12619999999999998,6.14733444767102,0.01987781526397378
2019-12-02,-0.00828274944567627,-0.1356059394656155,0.0,-0.1491,7.559476722204556,0.06563192904656316
2019-12-03,-0.0069547259879792975,-0.14355907951470612,0.0,-0.15960000000000002,7.912690683769,0.05128629332450996
2019-12-04,0.006613863414138309,-0.1360454302070606,0.0,-0.14800000000000002,6.021619657752387,-0.04607067303925411
2019-12-05,0.0021338716281150004,-0.13362641695903008,0.0,-0.1452,5.937231407160283,-0.015684993056122917
2019-12-06,0.0041458480713421255,-0.12894597845161698,0.0,-0.1362,4.10304169860734,-0.031025662183348405
2019-12-09,-0.007798859757363106,-0.1586,0.02079224724385298,-0.1586,6.08123078602468,0.060400981304458146
2019-12-10,0.002745121079793568,-0.1554282096654592,0.0,-0.1568,6.642256863996153,-0.01730845573640333
2019-12-11,0.0034481300432173297,-0.15145783331690127,0.0,-0.1499,5.90870056443338,-0.022184711839884283
2019-12-12,0.007351961509376419,-0.1430541432525751,0.0,-0.1394,4.094432249149884,-0.048541309144398075
2019-12-13,0.007533656628043581,-0.1345071558979814,0.0,-0.1263,3.071496526919926,-0.05266297400937368
2019-12-16,0.0031885663905947036,-0.13090120233313882,0.0,-0.12140000000000001,3.8081786433547435,-0.023705552089831643
2019-12-17,-0.0006391775862184248,-0.13162451135681347,0.0,-0.1229,5.524194486471212,0.004882900804774436
2019-12-18,0.0006505484815030359,-0.1308888133565356,0.0,-0.1258,5.870809948483376,-0.004942456954233248
2019-12-19,0.0017657850031235769,-0.12889542674189997,0.0,-0.125,5.767304001583205,-0.0134907251264755
2019-12-20,-0.0013152594565500036,-0.1303821725839065,0.0,-0.1251,6.660596173911688,0.010204081632653092
2019-12-23,-0.00011912487216437214,-0.1305168452585776,0.0,-0.1261,7.574155920216739,0.0009136592051164832
2019-12-24,0.001994583351659301,-0.1282664238333634,0.0,-0.1267,7.856360141594925,-0.015282190951732466
2019-12-26,-0.0001567330671554735,-0.12844328821103573,0.0,-0.1265,7.689456985609274,0.001221933710096201
2019-12-27,-0.004848753602872631,-0.1339414911014607,0.0,-0.1343,9.261026314185681,0.037750151607034536
2019-12-30,-0.0033081582866843467,-0.13770519998660025,0.0,-0.1482,9.112793967566267,0.024698532616591645
2019-12-31,0.007283420309587462,-0.12947873165323004,0.0,-0.1378,8.817759220472006,-0.0528913963328632
2020-01-02,0.004485273605752162,-0.12443533153930163,0.0,-0.1247,6.1087083856690345,-0.034641006661732074
2020-01-03,-0.006731871791595879,-0.13205618866225863,0.0,-0.1402,6.016329737781199,0.05409935995123447
2020-01-06,0.0008739152177332653,-0.1310677313595365,0.0,-0.13849999999999998,5.872098967886573,-0.006617752841317829
2020-01-07,0.0014540001894084934,-0.12942554640114642,0.0,-0.1379,5.759998501611223,-0.011093502377179126
2020-01-08,0.003675903071239625,-0.12528909276900438,0.0,-0.13449999999999998,5.081735578052044,-0.028401680915809253
2020-01-09,0.003529793538865782,-0.12133102575934927,0.0,-0.12539999999999998,3.7198824669021686,-0.028173190984578888
2020-01-10,0.00040462067101799633,-0.12087749555496885,0.0,-0.12560000000000002,3.725441038661897,-0.0033348491738669564
2020-01-13,0.00294065832341341,-0.11759104215468438,0.0,-0.1232,3.025413742108041,-0.024327591417346583
2020-01-14,0.0010852888062269032,-0.11637944803622889,0.0,-0.12390000000000001,3.755625022209479,-0.009229349330872218
2020-01-15,0.0005743587811781719,-0.11573861376591288,0.0,-0.1242,3.787676631751186,-0.004935225169648288
2020-01-16,0.002102071175061987,-0.11339817156310336,0.0,-0.1232,3.9230355078410852,-0.018162228720948144
2020-01-17,5.2940322858590534e-05,-0.11333923102476177,0.0,-0.121,5.55451790503933,-0.0004668534080298686
2020-01-21,-0.0013311360775586205,-0.11482321242291772,0.0,-0.1285,5.89479795460574,0.011744707154999142
2020-01-22,-0.0006255164379336587,-0.11552098913848385,0.0,-0.1291,6.424319526245478,0.005447647951441664
2020-01-23,0.0011418878662782616,-0.11424864213401398,0.0,-0.1298,6.6411035901717606,-0.009884678747940715
2020-01-24,-0.007418463902122675,-0.1456,0.023036591761606773,-0.1456,6.678984914775448,0.06483180428134545
2020-01-27,-0.015340125650625234,0.0,0.1633509322467813,0.0,6.752213422412195,0.10479704797047969
2020-01-28,-8.14e-05,-0.1628,0.1628,-0.1628,4.024172458280251,-0.05678186547751754
2020-01-29,0.00010257541151453244,-0.16268073754488632,0.0,-0.16390000000000002,4.148758501006991,-0.0006300700952981108
2020-01-30,0.005203527884914827,-0.15666201449901893,0.0,-0.1549,3.1828517095185322,-0.03198613408965574
2020-01-31,-0.01830112961420437,0.0,0.1781179823966603,0.0,4.596327638502597,0.11625071132428269
2020-02-03,-8.985e-05,-0.1797,0.1797,-0.1797,3.0767064641217825,-0.014878564656115544
2020-02-04,0.012297264686393604,-0.08025,0.08507018227402309,-0.08025,-1.2727240892788636,-0.06866889136077137
2020-02-05,0.0029648857393104492,-0.07705665009769586,0.0,-0.07575,-3.228026451387022,-0.03694561668922678
2020-02-06,0.0007253288837533934,-0.07627599603088421,0.0,-0.0748,-3.472917725380622,-0.009412930393856846
2020-02-07,-0.0016127614244439053,-0.07801457635461717,0.0,-0.07735,-2.523004201884296,0.02114376092566391
2020-02-10,0.0014744913820180217,-0.07642739343962233,0.0,-0.07519999999999999,-0.371957479615439,-0.018900203665987814
2020-02-11,0.00012703484747413955,-0.1518,0.07554998315243225,-0.1518,0.26835105982771346,-0.0021564236543086543
2020-02-12,0.007096864857272031,-0.0687,0.07494088248327622,-0.0687,-1.1543644513066678,-0.04699825624844314
2020-02-13,-0.0012294500912170966,-0.07001553069181275,0.0,-0.07075000000000001,-0.9050808530857051,0.01789592563634784
2020-02-14,0.0008244307814785823,-0.1368,0.06770205662587078,-0.1368,4.067950127345119,-0.012258448965693274
2020-02-18,-0.003618861118268475,-0.14092886310138789,0.0,-0.1483,4.674546692695795,0.02645366314523739
2020-02-19,0.003980191262501449,-0.13640575086115395,0.0,-0.1438,6.38408742546715,-0.028242555676036327
2020-02-20,-0.006210343128637897,-0.14350732371151284,0.0,-0.15560000000000002,8.561898951549534,0.0455284552845528
2020-02-21,-0.0074147306122473,-0.15204946011021503,0.0,-0.17079999999999998,8.1531580033411,0.051667959658650196
2020-02-24,-0.02733827480311029,0.0,0.18431751249190312,0.0,6.164467616396603,0.17919245505452394
2020-02-25,0.0,0.0,0.0,0.0,5.584992398617697,0.10277916875312977
2020-02-26,0.0,0.0,0.0,0.0,5.706702274402193,0.004554771122751018
2020-02-27,0.0,0.0,0.0,0.0,11.796562222961704,0.16372939169982942
2020-02-28,-0.0,0.0,0.0,0.0,13.0658195494779,-0.004518664047151258
2020-03-02,-0.0001671,0.3342,0.3342,0.3342,-5.3533408035057235,0.0028804131903059113
2020-03-03,0.03489157202630007,0.35664757739173103,0.0,0.3682,-3.0272715452874692,0.10440326758318394
2020-03-04,-0.01772674921251961,0.31989999999999996,0.025145599600772395,0.31989999999999996,-15.646634012756817,-0.049668573504040664
2020-03-05,0.045149746072836866,0.3962,0.046905548850748324,0.3962,-9.66997356527149,0.14121037463976943
2020-03-06,0.044279793097600266,0.4218024671252374,0.0,0.4194,-7.448787083654949,0.11176121427965742
2020-03-09,0.09053886851190093,0.5446,0.07477616088710781,0.5446,-4.762821374469013,0.21473619443162595
2020-03-10,-0.025603133583959662,0.473,0.05964826957626823,0.473,-19.93257501233809,-0.046957968140234174
2020-03-11,0.05149190359031569,0.539,0.04018306062646754,0.539,-16.404433220390693,0.10890485226348609
2020-03-12,0.11198880231101817,0.7547,0.16924097413827066,0.7547,-5.372576533033012,0.20792842819682242
2020-03-13,-0.03936444551203591,0.5783,0.16637032870747004,0.5783,-38.06344115113497,-0.05204884105960272
2020-03-16,0.2020283008332319,0.8269,0.17769775719121073,0.8269,-20.74938863783113,0.3495022474698729
2020-03-17,0.022756117263729586,0.7591,0.0716573689001554,0.7591,-34.38266516530908,0.027563122443076148
2020-03-18,0.10618739663403183,0.7822249641127499,0.0,0.7645000000000001,-30.211917128344922,0.13988591309976528
2020-03-19,-0.04636550541869059,0.72,0.05164297159249098,0.72,-35.29008787738701,-0.05924086555516137
2020-03-20,-0.0507866606535895,0.6604000000000001,0.04462582858834829,0.6604000000000001,-41.79693608817357,-0.07050603852679907
2020-03-23,-0.12982392649945002,0.6097341557164921,0.0,0.6159,-41.90062988193465,-0.1965837772553755
2020-03-24,-0.022836054204713487,0.6006137496549964,0.0,0.6167,-50.61560803887029,-0.03745247660905445
2020-03-25,0.04269082068969555,0.6395000000000001,0.02253006756516629,0.6395000000000001,-47.38113775701882,0.07109741618137613
2020-03-26,-0.06798055503867727,0.6132054948542838,0.0,0.61,-42.86389954755366,-0.10630266620590657
2020-03-27,0.09496407052251771,0.6467514180980043,0.0,0.6554000000000001,-29.926935492994573,0.15486500254712174
2020-03-30,-0.03953512439541184,0.5708,0.06142258725543781,0.5708,-19.06589429160718,-0.06108129336300564
2020-03-31,-0.030555420237110827,0.5354,0.02187726351929431,0.5354,-19.333060935648213,-0.05351170568561875
2020-04-01,0.050461405974344446,0.5577181633159906,0.0,0.5706,-14.689483282228181,0.09424991777053501
2020-04-02,-0.038919143391719535,0.5091,0.030715233753073945,0.5091,-21.452683335891805,-0.06975527844303143
2020-04-03,-0.018432489939869092,0.46799999999999997,0.031889696036150494,0.46799999999999997,-21.4188710615131,-0.036174710453449256
2020-04-06,-0.03356244761106454,0.4495247016375242,0.0,0.4524,-25.660059194352208,-0.07171463164757381
2020-04-07,0.021911816901684547,0.46132798421741356,0.0,0.467,-11.777282345619291,0.04874441120112953
2020-04-08,-0.016357566406832183,0.4523700916247988,0.0,0.4335,-16.364857931011663,-0.03545756374302936
2020-04-09,-0.015229412881957652,0.4167,0.027208713080376812,0.4167,-12.121820275689196,-0.03363575268817205
2020-04-13,-0.00868823508833301,0.4115877359208219,0.0,0.4117,-9.598600043042573,-0.02085009620430288
2020-04-14,-0.034897122768016174,0.3903113564775538,0.0,0.3776,-12.641566860421257,-0.08478659523210239
2020-04-15,0.04292080458806502,0.41540274118583503,0.0,0.40840000000000004,-10.48214742384068,0.10996555410381284
2020-04-16,-0.000567877978381231,0.4150705726451331,0.0,0.4011,-2.0969290523704487,-0.0013670539986330625
2020-04-17,-0.021947766184641865,0.3815,0.020450844927954015,0.3815,-4.36668072370378,-0.05285255618671265
2020-04-20,0.048424947765546004,0.0,0.4101828319902594,0.0,0.7087322253977675,0.12747061384414451
2020-04-21,0.0,0.0,0.0,0.0,9.357522432649148,0.06893346758577945
2020-04-22,-0.0,0.0,0.0,0.0,4.751028298856134,-0.0487899416168027
2020-04-23,0.0,0.0,0.0,0.0,7.609560192676362,0.0038289725590300292
2020-04-24,-0.00017965,-0.3593,0.3593,-0.3593,2.2935651694344443,-0.07027646833991595
2020-04-27,0.02630724895007962,-0.16645,0.157905294220395,-0.16645,-0.26070314044540766,-0.0734378001591701
2020-04-28,-0.001642318292071219,-0.3357,0.16742912866492857,-0.3357,2.963258338100605,0.009363795300322948
2020-04-29,0.021473599812035584,-0.3076206768787624,0.0,-0.3123,0.9527186975810658,-0.0639666363182472
2020-04-30,-0.017473510910107026,-0.3308757487953345,0.0,-0.34149999999999997,2.954840447231163,0.05680213400282446
2020-05-01,-0.030486396827627785,-0.37272519378845154,0.0,-0.37189999999999995,5.408335133377719,0.09213850497845147
2020-05-04,0.013724495415868053,-0.3541403014290464,0.0,-0.35969999999999996,5.522883817703182,-0.03682202234941407
2020-05-05,0.014201315930546571,-0.33517900258944167,0.0,-0.3361,8.517248618238696,-0.04010081844184534
2020-05-06,-0.007695713856118825,-0.34553384605238385,0.0,-0.34119999999999995,10.468284849584652,0.022960011804633387
2020-05-07,0.022234611937579467,-0.3162671566187841,0.0,-0.3144,7.2961060046024535,-0.06434857884865103
2020-05-08,0.02167909250485978,-0.288337175807014,0.0,-0.2798,3.4768542624345287,-0.0685467714593928
2020-05-11,0.015580130779808946,-0.268572648046757,0.0,-0.2757,3.828723065516396,-0.05403441556296865
2020-05-12,-0.04004858267433604,-0.32149671863695284,0.0,-0.33039999999999997,6.9746020329156195,0.14911638607131655
2020-05-13,-0.01950770417383895,-0.3477889874937386,0.0,-0.3528,12.208876594518124,0.06067777069870453
2020-05-14,0.021292188048536713,-0.31968990193596314,0.0,-0.3261,8.478441348997013,-0.06122157059075957
2020-05-15,0.0020250174986350517,-0.317022907502168,0.0,-0.3189,11.978933435089512,-0.006334317994944619
2020-05-18,0.026155627746634016,-0.28345337869876347,0.0,-0.293,4.551722796181988,-0.0825039046948213
2020-05-19,-0.018543590694716824,-0.30770288576264593,0.0,-0.3053,4.997543998075869,0.06542024928347667
2020-05-20,0.022231634391994843,-0.2792627832736211,0.0,-0.2799,1.992962833000096,-0.07225032789956917
2020-05-21,-0.011723878391000045,-0.2944386242894035,0.0,-0.2953,3.336706270370481,0.041981528127623846
2020-05-22,0.006112567296606678,-0.2865743519808325,0.0,-0.2816,3.1452589947011305,-0.02076007287209249
2020-05-26,0.006910180562866966,-0.27774490398104035,0.0,-0.2801,2.388969874263214,-0.024113046108638337
2020-05-27,0.004912144032914017,-0.27149911717973046,0.0,-0.2762,4.651034340199683,-0.017685811557677882
2020-05-28,-0.011198103498719173,-0.2858987444084897,0.0,-0.2859,9.038907884355051,0.04124545086938942
2020-05-29,0.012689089789319789,-0.26978631188374763,0.0,-0.2751,8.08603932637223,-0.044383160253371814
2020-06-01,-0.006164879962077439,-0.2776629506062287,0.0,-0.2823,8.787557292958763,0.022850973865323157
2020-06-02,0.010161520944560725,-0.2648105516942858,0.0,-0.26839999999999997,12.49944395934191,-0.03659660362455565
2020-06-03,0.010134620923334229,-0.2521207822162949,0.0,-0.2566,13.321351690420993,-0.03827121260271487
2020-06-04,0.00279778551761157,-0.24862739058602024,0.0,-0.2581,14.120068383859666,-0.0110970047491418
2020-06-05,0.01323751537201871,-0.23231460703226736,0.0,-0.2452,10.718001361995121,-0.05324238548623945
2020-06-08,-0.006415547195846472,-0.2402716281986451,0.0,-0.2581,12.332321842708614,0.02761577189571805
2020-06-09,-0.014399343626036433,-0.2583916418660059,0.0,-0.2757,11.948702391503211,0.05992943791986853
2020-06-10,0.0037693437045384056,-0.2757,0.022047624850573377,-0.2757,11.442414929978,-0.014630378481530284
2020-06-11,-0.10915720134602606,0.0,0.4316678536687756,0.0,5.2980577966860025,0.39514460434962523
2020-06-12,-0.00018045000000000002,-0.36090000000000005,0.36090000000000005,-0.36090000000000005,0.10370413833246772,-0.1253258538195016
2020-06-15,0.008369531681814755,-0.172,0.17748567965842188,-0.172,-1.841721683027373,-0.023436615465901815
2020-06-16,0.00245875671290037,-0.1691254050620812,0.0,-0.16835,-3.614598607601195,-0.01429509716802541
2020-06-17,-9.008010922081457e-05,-0.16923072949389836,0.0,-0.16735,-3.336391501554637,0.0005326231691078503
2020-06-18,0.00025164420742585685,-0.16893657337635998,0.0,-0.16469999999999999,-3.8353988032955257,-0.0014869888475835585
2020-06-19,-0.00856860970448591,-0.35119999999999996,0.17226312030810667,-0.35119999999999996,1.1075079334896927,0.05021102284011904
2020-06-22,0.035815675927671466,-0.15885,0.14553755920462885,-0.15885,-1.6638341159842618,-0.10218805440567706
2020-06-23,-0.0014751926496739804,-0.16056205260950007,0.0,-0.15685000000000002,-2.193874755929553,0.009286702232760343
2020-06-24,-0.008214607755536948,-0.17017457777139314,0.0,-0.16920000000000002,-1.7310753106086452,0.051161576611850744
2020-06-25,0.00675615973230943,-0.3222,0.15997059102396619,-0.3222,12.38914911699208,-0.040171364708804294
2020-06-26,-0.023005355064027948,-0.35333392752285875,0.0,-0.34729999999999994,11.709367469412694,0.07140085370585955
2020-06-29,0.020882216422872208,-0.3256513883304611,0.0,-0.3178,7.95247535359389,-0.05910051313009347
2020-06-30,0.013029396404091318,-0.3086011057883129,0.0,-0.3043,7.897743864008685,-0.04001025904077978
2020-07-01,0.010189950461291106,-0.29540103343015434,0.0,-0.2862,5.837141479796067,-0.033019811887132294
2020-07-02,0.007326010749163375,-0.2859799306351131,0.0,-0.2768,4.738832214751206,-0.024800220446403967
2020-07-06,-0.0014726675321926716,-0.2878765446078295,0.0,-0.27940000000000004,4.205733845682484,0.005149548532731391
2020-07-07,-0.0108952434881012,-0.30206283624553226,0.0,-0.2943,4.936961101198339,0.03784693019343986
2020-07-08,0.00841837852550137,-0.29119308411395145,0.0,-0.2808,3.418605118307113,-0.027869626830420404
2020-07-09,-0.007348466626281098,-0.3007516139380565,0.0,-0.2926,9.054649517570457,0.025235718247365556
2020-07-10,0.010784650661879277,-0.2868731367124559,0.0,-0.2729,7.134774846290426,-0.035858995137763444
2020-07-13,-0.026786588667028325,-0.3222928514208173,0.0,-0.32189999999999996,16.875446693869474,0.09337433603578423
2020-07-14,0.01822630154840393,-0.2986237434743369,0.0,-0.2952,14.495764383172421,-0.05655198825556908
2020-07-15,0.009675941465349102,-0.28617875314493085,0.0,-0.2776,13.180368825480105,-0.032401782098015364
2020-07-16,0.0011546690561673825,-0.2846953551717121,0.0,-0.28,13.038070187790495,-0.004034782608695685
2020-07-17,0.013005581684724427,-0.2682016549554858,0.0,-0.2568,10.768627947368007,-0.04568245125348181
2020-07-20,0.013863422513511501,-0.250860448058609,0.0,-0.2446,10.861832645275083,-0.05169029443838612
2020-07-21,-0.002566053438156768,-0.25407848045509923,0.0,-0.2484,13.1773339224601,0.010229007633587802
2020-07-22,0.004796818247027441,-0.24809161183747533,0.0,-0.2432,12.80961629815407,-0.018879277924031566
2020-07-23,-0.01388402598356512,-0.2656641254415723,0.0,-0.2608,12.893060612384033,0.055963302752293526
2020-07-24,0.0003222961660469432,-0.265256338174712,0.0,-0.2584,12.64961257428216,-0.0012131715771229563
2020-07-27,0.010461588843424054,-0.25215678868399777,0.0,-0.24739999999999998,12.440830327178098,-0.039439543331603606
2020-07-28,6.78205456385157e-05,-0.2520718724864271,0.0,-0.2544,13.872703819239124,-0.00026896180742334977
2020-07-29,0.006122838838748719,-0.24445229166206878,0.0,-0.24100000000000002,11.812308560396804,-0.024290051794963383
2020-07-30,-0.003450829253881673,-0.24876155456568677,0.0,-0.24760000000000001,12.444441138912774,0.014116575591985469
2020-07-31,0.002712630466304421,-0.24538328991124714,0.0,-0.2446,11.682176484631205,-0.010904540579192018
2020-08-03,0.0010590179748012866,-0.24406580186523627,0.0,-0.24280000000000002,11.653125148696777,-0.004315770544866048
2020-08-04,0.008072642017473201,-0.23410332748983828,0.0,-0.2376,11.075154345916358,-0.03307567859068844
2020-08-05,0.003790182469305373,-0.22944351224273463,0.0,-0.2299,10.255398312181045,-0.01619021186048666
2020-08-06,0.00300487293863263,-0.22576025841297812,0.0,-0.22649999999999998,12.2486863040135,-0.013096351730589323
2020-08-07,0.0011915715806905573,-0.2243014156399024,0.0,-0.22210000000000002,13.192770983033148,-0.0052780395852969056
2020-08-10,0.0064218902198653555,-0.2164892551894301,0.0,-0.2213,13.268424783176995,-0.028630627236767757
2020-08-11,-0.009050798261459665,-0.22760001527343476,0.0,-0.2403,14.528629053147998,0.041807147673634575
2020-08-12,0.011756544906587358,-0.21333538335230204,0.0,-0.2228,12.331192574519575,-0.05165441176470593
2020-08-13,0.00041065521338267807,-0.21283732538164896,0.0,-0.2213,12.509690667644781,-0.0019249278152069227
2020-08-14,-0.0010599062363384258,-0.21412418317508553,0.0,-0.2205,12.530988783541078,0.004979888910170509
2020-08-17,0.009745811138078755,-0.20240576369081745,0.0,-0.21350000000000002,12.0694445502449,-0.0455147615442847
2020-08-18,0.0025081752778366296,-0.19939746462175323,0.0,-0.2151,12.246996945370844,-0.01239181746656169
2020-08-19,-0.005592038425582383,-0.20614225847788026,0.0,-0.2254,12.955669735757617,0.028044681692368525
2020-08-20,0.002739000143203319,-0.22719999999999999,0.02436695609161768,-0.22719999999999999,13.511221462030386,-0.013346043851286994
2020-08-21,-0.0005737663518359561,-0.22790453030275462,0.0,-0.2254,13.262568087314675,0.0025253800697005112
2020-08-24,0.0007750691703219574,-0.22695355642775059,0.0,-0.2237,12.123159528246669,-0.0034008502125531873
2020-08-25,0.0026677810089629312,-0.22368902209373248,0.0,-0.22030000000000002,13.599154163247167,-0.011754744234696338
2020-08-26,-0.005636681522685907,-0.2306256670525506,0.0,-0.2327,16.076833240284984,0.02519874006299677
2020-08-27,-0.008052992775157974,-0.24061634148729066,0.0,-0.2447,17.75636900140804,0.03491802485853845
2020-08-28,-0.0005019579698172662,-0.24123939149230134,0.0,-0.2296,16.36755572446478,0.0020861341616058926
2020-08-31,-0.009713743899575357,-0.2534147412891365,0.0,-0.2641,18.774760146012873,0.04026599403806468
2020-09-01,-0.0032538731684939428,-0.2575065079746417,0.0,-0.2612,17.9467171951369,0.012840110058086157
2020-09-02,-0.009552359029103358,-0.26963451267545835,0.0,-0.2657,18.295818131369273,0.03709560237617
2020-09-03,-0.036061211073415,-0.31713188353929345,0.0,-0.336,11.636483178869412,0.13374108053007128
2020-09-04,0.0294902687138655,-0.3075,0.028115494578019373,-0.3075,8.212734797473175,-0.09303487915461786
2020-09-08,0.006984824281150135,-0.29843068979056037,0.0,-0.3146,5.578217354633715,-0.02271487571105735
2020-09-09,0.013846976065344496,-0.2806969103263112,0.0,-0.28809999999999997,0.6456606213155816,-0.04639930321865472
2020-09-10,0.0026357602880606123,-0.27733017417847006,0.0,-0.29710000000000003,1.2269237421148027,-0.009390058070096073
2020-09-11,0.009924165821575853,-0.13435,0.13034668999922247,-0.13435,-1.525680250274597,-0.03601966210913289
2020-09-14,0.0022354599091642243,-0.13181986207393792,0.0,-0.12925,-3.4260431773786912,-0.016639076361475432
2020-09-15,0.0037979988474259015,-0.12753747603951035,0.0,-0.12795,-3.9864443475872093,-0.02881203778908219
2020-09-16,-0.0005664375490084186,-0.12817651758097776,0.0,-0.13019999999999998,-2.780999927223828,0.004441342000785241
2020-09-17,0.00293934684051382,-0.12487013410630404,0.0,-0.1323,-0.5346129444844472,-0.02293202293202291
2020-09-18,-0.0010866834061701294,-0.2583,0.13228071473930786,-0.2583,3.5038896102154418,0.00817283537095964
2020-09-21,-0.00975817149686288,-0.2706997056487335,0.0,-0.2778,5.245371187841712,0.03777844172227209
2020-09-22,-0.0016616369923768783,-0.2728146615748459,0.0,-0.2686,7.47352431286291,0.00613830365420884
2020-09-23,-0.00959523362933466,-0.2851459370890051,0.0,-0.2858,9.718865390242506,0.03517125353140977
2020-09-24,0.0011355175929413691,-0.28368828645588173,0.0,-0.2851,10.766106048211384,-0.003982233113800005
2020-09-25,0.008186749432613785,-0.2732643899340221,0.0,-0.2638,6.260844365102205,-0.02885825683848586
2020-09-28,0.0023618952980007614,-0.2702641589896855,0.0,-0.2619,5.326065562948067,-0.00864326046496957
2020-09-29,0.008593427706269313,-0.2594412417285967,0.0,-0.2627,5.5644901174169945,-0.031796401485101385
2020-09-30,-0.005696974624762832,-0.2666573565471148,0.0,-0.2637,5.190262823821538,0.021958631506715023
2020-10-01,-0.00016998078504996183,-0.2668727005633149,0.0,-0.267,5.7755871371218035,0.0006374501992032178
2020-10-02,-0.009261289255891562,-0.2787152523916342,0.0,-0.2763,7.016839374811212,0.03470302221374772
2020-10-05,0.009454929581484752,-0.2667383306769164,0.0,-0.2796,7.02707281660221,-0.033923258595834734
2020-10-06,-0.0016361038400600656,-0.2948,0.026002280318640936,-0.2948,7.059793835574123,0.006084999841536494
2020-10-07,0.0074940506528236705,-0.2851688793209363,0.0,-0.28059999999999996,9.164161833731875,-0.02542079597294325
2020-10-08,0.014145919605548136,-0.26724256783560546,0.0,-0.2636,7.472304035654076,-0.04960541149943629
2020-10-09,0.012153545842711265,-0.25202601229886423,0.0,-0.25,6.850675695709185,-0.0454775821873839
2020-10-12,0.004286852451849261,-0.24668167191693158,0.0,-0.2507,7.008872546793022,-0.017009563468257043
2020-10-13,-0.0011122523049394643,-0.24806984047372393,0.0,-0.2607,7.820356319219563,0.0045088566827697196
2020-10-14,0.0018775139829052755,-0.2457309631714315,0.0,-0.264,7.3314184362988115,-0.007568489500053295
2020-10-15,-0.005621727128854917,-0.2527737151522191,0.0,-0.2697,7.798552035325059,0.02287756925826633
2020-10-16,-0.0015342598261585047,-0.25469874903679757,0.0,-0.2741,9.392587811706314,0.006069696863989917
2020-10-19,-0.010698065024135983,-0.2918,0.02354834490371377,-0.2918,10.606176970623515,0.04195658946931155
2020-10-20,0.0021492186722404712,-0.289029593528518,0.0,-0.29350000000000004,12.729808662688587,-0.007365382701303877
2020-10-21,0.007028128026428917,-0.28003335522986317,0.0,-0.2865,14.177258160395423,-0.024316292116071725
2020-10-22,0.0038327918594335624,-0.2751459860748461,0.0,-0.2811,14.083776982521268,-0.013686911890504777
2020-10-23,0.0004058904688712643,-0.27462862646401387,0.0,-0.2755,14.22217481057904,-0.00147518222839294
2020-10-26,-0.023738686402722343,0.0,0.3054181902767895,0.0,19.733608284593714,0.08588317107093187
2020-10-27,0.0,0.0,0.0,0.0,20.71924188046516,0.002645714743846713
2020-10-28,0.0,0.0,0.0,0.0,20.273352234200175,0.14402304368698995
2020-10-29,-0.0,0.0,0.0,0.0,16.030742300304006,-0.07549483272026623
2020-10-30,0.0,0.0,0.0,0.0,16.467439996752315,0.034359830097087415
2020-11-02,-0.0,0.0,0.0,0.0,14.657043562944516,-0.023063102702306392
2020-11-03,-0.0,0.0,0.0,0.0,10.877628209481955,-0.05436251689442855
2020-11-04,-0.00014785000000000002,-0.2957,0.2957,-0.2957,2.020515941493983,-0.08756053028498847
2020-11-05,0.005062552475533033,-0.1379,0.1511765432867093,-0.1379,-1.5511272601773385,-0.017376194613379733
2020-11-06,0.009323159752868479,-0.12738917065829877,0.0,-0.1243,-4.271465511362916,-0.06760812003530442
2020-11-09,0.0024040228469201603,-0.12468540125807678,0.0,-0.12875,-1.5574147208780715,-0.018871485185884208
2020-11-10,0.004155381697709619,-0.12003124392620292,0.0,-0.124,-2.3633697302941776,-0.03332693046484818
2020-11-11,0.002656241722734521,-0.2345,0.117501398811565,-0.2345,7.082959659946429,-0.022619047619047615
2020-11-12,-0.016266582278480997,-0.25491314797386444,0.0,-0.2535,6.56199882125955,0.06936708860759487
2020-11-13,0.01648955865463621,-0.23455586659915248,0.0,-0.231,6.787091136873304,-0.06468696803480235
2020-11-16,0.004986527743316998,-0.2284302650019898,0.0,-0.2245,6.083266658272581,-0.02125944584382873
2020-11-17,0.004172028234183684,-0.2233265122532438,0.0,-0.2271,5.515903629616446,-0.01826390313974964
2020-11-18,-0.0072594508154485565,-0.23227213118079879,0.0,-0.2384,6.498893221606458,0.032505996454270575
2020-11-19,0.003735029245118359,-0.22768668550658924,0.0,-0.2311,8.132400424452864,-0.016080402010050194
2020-11-20,0.0009273909694249975,-0.22654919485972086,0.0,-0.237,8.070862876527896,-0.004073101452382286
2020-11-23,0.0023698885788125804,-0.22364928240088677,0.0,-0.2266,8.015203332367452,-0.010460812188187268
2020-11-24,0.00401121288731535,-0.21876057427878784,0.0,-0.2164,5.223070209635267,-0.017935281724380105
2020-11-25,0.008541965468826723,-0.20843813743758272,0.0,-0.2125,4.9529340293376265,-0.039047097480832474
2020-11-27,-0.0017965748165870404,-0.21061309443567638,0.0,-0.2084,5.837826305200572,0.008619223135809439
2020-11-30,0.004029632352279789,-0.20575434770725323,0.0,-0.2057,6.504039162989425,-0.019132867132867104
2020-12-01,-0.002031738068274336,-0.20820911215485421,0.0,-0.2077,7.035563805263518,0.009874581465297091
2020-12-02,0.0011425327840962922,-0.20683026900767318,0.0,-0.21170000000000003,7.8998243445038945,-0.005487429307352027
2020-12-03,-0.0020187618111479973,-0.20927150013144818,0.0,-0.21280000000000002,10.311977646502266,0.009760475682952883
2020-12-04,0.0032443397395939036,-0.20536089986346845,0.0,-0.2079,9.458050567839823,-0.015503017551630586
2020-12-07,-0.0005061833843477911,-0.20597134251905116,0.0,-0.213,10.963623796697794,0.0024648479076801893
2020-12-08,0.007381910211045076,-0.19713420530491946,0.0,-0.20679999999999998,10.409352598200305,-0.03583950136345929
2020-12-09,-0.007538982528456863,-0.2062279366446198,0.0,-0.2227,12.936315748726638,0.03824289405684752
2020-12-10,-0.00190836096702265,-0.20853425624655048,0.0,-0.22519999999999998,13.259673043358648,0.009253649132470416
2020-12-11,-0.008110735372509644,-0.21841651013374194,0.0,-0.23309999999999997,14.034400657092313,0.03889401922972456
2020-12-14,-0.004902253113203274,-0.24719999999999998,0.022795102362480557,-0.24719999999999998,15.436543796869623,0.02239233453106287
2020-12-15,0.011214126959963449,-0.2333688451816692,0.0,-0.2289,12.759839401739443,-0.045364591261988066
2020-12-16,0.007545555612319409,-0.224132088431584,0.0,-0.225,12.38275741054233,-0.03233317457797534
2020-12-17,0.0025575238306508744,-0.2210093279778337,0.0,-0.2193,11.583158853704463,-0.011410788381742826
2020-12-18,-0.003215827596824412,-0.22494855133390335,0.0,-0.2157,11.719824906170405,0.01455064194008565
2020-12-21,-0.019259077766319778,-0.24900320111455082,0.0,-0.2516,15.181002355174076,0.08561547808206368
2020-12-22,0.004731296315563219,-0.2431216243534504,0.0,-0.24230000000000002,14.34744090736836,-0.01900094574843094
2020-12-23,0.010079563539187908,-0.23071653880186754,0.0,-0.23309999999999997,14.673714875473987,-0.04145893466281811
2020-12-24,0.006864814211848112,-0.22232550132884094,0.0,-0.21530000000000002,12.766675965246229,-0.029754322111010034
2020-12-28,0.0011221214199231078,-0.2209554410756383,0.0,-0.217,12.285688600334707,-0.005047200672960056
2020-12-29,-0.0083558923705474,-0.2312435799113046,0.0,-0.23079999999999998,14.084137420772949,0.03781709257699148
2020-12-30,0.008191132831525127,-0.22124023889530964,0.0,-0.22769999999999999,16.30992102699056,-0.0354220983547604
2020-12-31,0.00018491476133523541,-0.22101445529872119,0.0,-0.2275,15.982330795499228,-0.0008358098068350786
2021-01-04,-0.019131411340071496,-0.2697,0.024885984948871037,-0.2697,17.27400072999115,0.08650551079003423
2021-01-05,0.008333426966292128,-0.259206494641425,0.0,-0.2534,15.216101308159304,-0.030898876404494357
2021-01-06,0.0017269828695317259,-0.25703561566677724,0.0,-0.2507,14.913228853530361,-0.006662575611466676
2021-01-07,0.015394065408966732,-0.23797809982323007,0.0,-0.2237,10.448969214909415,-0.05989078738770469
2021-01-08,0.0025333367615882414,-0.23484980940602154,0.0,-0.21559999999999999,9.655987527585353,-0.010645251657484457
2021-01-11,-0.014197858917644983,-0.2526345378497822,0.0,-0.2408,11.080486223025279,0.06045505829259128
2021-01-12,0.008441249474694396,-0.24214924617799016,0.0,-0.23329999999999998,10.73275498402199,-0.033412887828162305
2021-01-13,0.004058983446911749,-0.2371277650579052,0.0,-0.22210000000000002,9.780044875897152,-0.01676232121709031
2021-01-14,-0.0028435208428676025,-0.24065559510139636,0.0,-0.2325,10.487078079737493,0.01199151369799834
2021-01-15,-0.0061835421657613346,-0.2483749743942444,0.0,-0.2434,10.982284786945087,0.025694570546577148
2021-01-19,0.007052000860148723,-0.2396330808418787,0.0,-0.2324,12.074316104527746,-0.02839255797548716
2021-01-20,0.004370557229931026,-0.234238769663664,0.0,-0.2158,9.198985926711554,-0.018238538746722235
2021-01-21,0.002363660642418406,-0.23132832735839207,0.0,-0.2132,8.977888088072552,-0.010090817356205853
2021-01-22,-0.0032645896414505646,-0.23536127498014142,0.0,-0.2191,11.235905795677589,0.014112364355588864
2021-01-25,-0.009932871390153131,-0.247755065572889,0.0,-0.23190000000000002,12.696619193359444,0.04220265798182482
2021-01-26,0.0045944962811201575,-0.2420484784576444,0.0,-0.2302,13.278902020529387,-0.018544509959851727
2021-01-27,-0.05344519917376256,0.0,0.31196190258401146,0.0,20.967182082704888,0.22015927785224865
2021-01-28,-0.00015105,-0.30210000000000004,0.30210000000000004,-0.30210000000000004,13.322102355522329,-0.030974408640185715
2021-01-29,-0.01881604125089826,-0.3270702077722814,0.0,-0.3309,13.556737233344279,0.062284148463747954
2021-02-01,0.018292361619291996,-0.3032310344172373,0.0,-0.3024,8.855650197060296,-0.055927935912854
2021-02-02,0.02531918834369006,-0.2710491027896284,0.0,-0.2556,3.33121890659994,-0.08349801131783752
2021-02-03,0.014068704828559474,-0.2291,0.02430015703786889,-0.2291,1.8832133042622132,-0.05194946141551002
2021-02-04,0.010328769513266084,-0.10885,0.10761990454858597,-0.10885,-0.08537821054197892,-0.04531898500890605
2021-02-05,0.0004582417825617654,-0.10834211133521347,0.0,-0.10435,-0.9117389127264381,-0.0042098464176551715
2021-02-08,0.0006762301146133535,-0.10759312351035712,0.0,-0.10619999999999999,-0.7129539313899294,-0.006241618390849694
2021-02-09,-0.00021553598882157108,-0.10783190115462057,0.0,-0.10815,-0.2906807041512849,0.002003250596222566
2021-02-10,-0.0019360714675943469,-0.21989999999999998,0.10998024951068544,-0.21989999999999998,5.450304912400576,0.017444571807574034
2021-02-11,0.005681317396192377,-0.2130085136297856,0.0,-0.2125,4.864673709299243,-0.025835913579774338
2021-02-12,0.007341623638293986,-0.20416796562884845,0.0,-0.1997,10.105886628645584,-0.03446633898893788
2021-02-16,-0.0016738570729618063,-0.20618695018673278,0.0,-0.2146,13.108946020780209,0.008198431462086793
2021-02-17,0.003307256575654537,-0.20221093018256273,0.0,-0.215,15.089155989408798,-0.016040086788515602
2021-02-18,-0.001603586286523065,-0.2249,0.020770649778733358,-0.2249,15.194279206901072,0.007878906249999956
2021-02-19,0.00858840436453508,-0.21446964361220555,0.0,-0.2205,16.565685826101028,-0.03818765835720356
2021-02-22,-0.009139240646186297,-0.22567134902407238,0.0,-0.2345,16.741746348084803,0.04261321319072766
2021-02-23,0.009479348287808095,-0.2141618856323812,0.0,-0.2311,17.70292576853608,-0.04200510312364435
2021-02-24,0.008497123148044256,-0.20393192778017077,0.0,-0.2134,13.320268753008486,-0.039676168908178
2021-02-25,-0.0338669234473196,-0.2889,0.04279292146509908,-0.2889,14.177349846663736,0.16596482637613746
2021-02-26,0.014675969449308393,-0.2702577362697574,0.0,-0.27949999999999997,13.3064496067814,-0.05079947888303355
2021-03-01,0.01832701884628279,-0.24739667391807046,0.0,-0.2335,3.595016771033258,-0.06781311461881595
2021-03-02,-0.0013697962392505718,-0.24910769694376297,0.0,-0.24100000000000002,4.025547178441403,0.005536841775424203
2021-03-03,-0.011012574170969121,-0.2630167627224209,0.0,-0.2667,5.779810384111116,0.04420808472030173
2021-03-04,-0.0118237130041148,-0.2781289931193018,0.0,-0.2857,7.126129995204117,0.04495421843737447
2021-03-05,0.020249172493582122,-0.2527616072409428,0.0,-0.2466,0.5228073570094196,-0.07280496817854713
2021-03-08,-0.003828791036924904,-0.257576605275468,0.0,-0.2547,1.488194539939375,0.015147834668083678
2021-03-09,0.010518810931830009,-0.12015,0.12425958126167586,-0.12015,-1.19618835915038,-0.0410788111410388
2021-03-10,0.0014865320020050288,-0.11848733278597641,0.0,-0.1128,-2.1916236137535137,-0.012372301306741811
2021-03-11,0.0029392984596258295,-0.2191,0.10394838973143217,-0.2191,0.5865512997650946,-0.02524550586259444
2021-03-12,0.004240131352489242,-0.10345,0.11043593587028684,-0.10345,-0.18490966843999246,-0.019604515383041466
2021-03-15,0.006178860050150262,-0.2003,0.10368269497509248,-0.2003,2.4540848619318005,-0.06022910969200394
2021-03-16,-0.0003735085320904475,-0.2007484898058372,0.0,-0.1979,2.921812222818126,0.0018647455421390289
2021-03-17,0.007985043588977418,-0.1912364151064351,0.0,-0.1923,4.805814458994536,-0.03977635695641101
2021-03-18,-0.010787887066280187,-0.20422748521908923,0.0,-0.2158,6.436284175581646,0.056411259645690645
2021-03-19,0.008100518248309478,-0.19455100302058462,0.0,-0.2095,7.979486402806819,-0.039664192308001445
2021-03-22,0.012945119465079665,-0.17928501758457374,0.0,-0.1888,6.197360161626291,-0.06653843600955374
2021-03-23,-0.008671696447367141,-0.18960087526842376,0.0,-0.203,8.188693506363673,0.048368215951321535
2021-03-24,-0.0010165335006790145,-0.212,0.02120126113847015,-0.212,9.1364860141355,0.005305528619979468
2021-03-25,0.0058889004485361265,-0.20490443771628938,0.0,-0.1981,8.648104099384007,-0.027777832304415693
2021-03-26,0.008200854973372586,-0.19510356668772308,0.0,-0.1886,4.8640416277172065,-0.04002282754230773
2021-03-29,-0.0047598539880489565,-0.20081929117977124,0.0,-0.20739999999999997,7.0322926272645905,0.02439655034942255
2021-03-30,0.008265883329600172,-0.19097483216857564,0.0,-0.1961,5.843042441122181,-0.041160803232796216
2021-03-31,0.002074850725770947,-0.18850885371086845,0.0,-0.19399999999999998,5.585502384705732,-0.010864524409894246
2021-04-01,0.005667435846817089,-0.1818110155969112,0.0,-0.17329999999999998,5.312064077670318,-0.03006456055114367
2021-04-05,0.004689542331558527,-0.1762947316584098,0.0,-0.1791,4.884830211647644,-0.025793499454156273
2021-04-06,-5.88598596694966e-05,-0.17636397227673825,0.0,-0.1812,5.066138671705495,0.00033387191503569133
2021-04-07,0.00420735545888505,-0.1714353274570311,0.0,-0.1716,5.591176555450625,-0.023856093762070388
2021-04-08,0.0030483552699067974,-0.16787522884857695,0.0,-0.16949999999999998,6.635702702935193,-0.01778137164098131
2021-04-09,0.0009563632888093252,-0.1667593830077945,0.0,-0.16690000000000002,6.3286844788849645,-0.005696869605890233
2021-04-12,0.0018638221825765901,-0.16458879657515751,0.0,-0.1691,8.191064420552678,-0.011176715510451806
2021-04-13,0.0013297909002922628,-0.1630421936493866,0.0,-0.16649999999999998,8.253868331833813,-0.00807947398585559
2021-04-14,-0.003711299353661448,-0.16737467050952937,0.0,-0.1699,8.411719541238385,0.022762815382884237
2021-04-15,0.00578541753112437,-0.16065976913351357,0.0,-0.16570000000000001,7.381726169269166,-0.034565669426037685
2021-04-16,0.0025007076832976407,-0.1577645384567452,0.0,-0.1625,7.673892316617875,-0.015565238869598213
2021-04-19,-0.005914701409348593,-0.16465311387075882,0.0,-0.1729,9.780301996468602,0.037490690032159824
2021-04-20,-0.003267916406214373,-0.16847158132155476,0.0,-0.1868,9.836528839741701,0.01984727971060091
2021-04-21,0.007936842141755768,-0.15927063330543625,0.0,-0.175,7.803485750826837,-0.04711086629267784
2021-04-22,-0.009321818517033944,-0.17017882797226924,0.0,-0.18710000000000002,7.586156182609816,0.0585281688379886
2021-04-23,0.005830663716183246,-0.16339546027447455,0.0,-0.17329999999999998,5.513657590352066,-0.034261980680307405
2021-04-26,0.001689795886866456,-0.16143287577811322,0.0,-0.1764,5.829931472932621,-0.010341755419813423
2021-04-27,0.0037987960114116695,-0.1570375262383852,0.0,-0.17559999999999998,5.755012117890455,-0.02353173721958005
2021-04-28,0.00027788999495494826,-0.15671608641096815,0.0,-0.1728,5.711489026104006,-0.0017695770024618656
2021-04-29,0.0007438211261093168,-0.1761,0.020255361275183237,-0.1761,6.842955810852834,-0.004810921609985671
2021-04-30,-0.006991274592016362,-0.18438032809509525,0.0,-0.1861,7.304230764043856,0.039700593935356965
2021-05-03,0.0061177916701501776,-0.177178594694196,0.0,-0.18309999999999998,7.317420154865458,-0.033180284108155454
2021-05-04,-0.006611966195680549,-0.18501386631971461,0.0,-0.1948,8.711046999024058,0.03731808691164172
2021-05-05,0.004914009438799678,-0.17921917217722222,0.0,-0.19149999999999998,9.508216700411372,-0.026560222412237936
2021-05-06,0.0014727619936588253,-0.17748501699608765,0.0,-0.1839,9.45482973018808,-0.008217658723490106
2021-05-07,0.010459943028262442,-0.1652960863221013,0.0,-0.16690000000000002,8.646726285430985,-0.058934231211714136
2021-05-10,-0.008088502801563247,-0.1966,0.021814471300375782,-0.1966,9.882421263656243,0.048867433861518025
2021-05-11,-0.015103766890292109,-0.21495032651496634,0.0,-0.2184,11.05876935120878,0.07682485702081439
2021-05-12,-0.037764285494276656,-0.26263275016668475,0.0,-0.2759,12.717236187277313,0.17568843046929378
2021-05-13,0.025788093322608677,-0.23089043281533664,0.0,-0.23129999999999998,7.054999187551019,-0.09819069901313444
2021-05-14,0.027971434423582624,-0.1973975069701595,0.0,-0.1881,0.721329732214123,-0.12114592225635368
2021-05-17,-0.007055555863793714,-0.20590584301200596,0.0,-0.1972,1.6426411069513343,0.03574288232961473
2021-05-18,-0.0034069054746662933,-0.21002829503486137,0.0,-0.2134,3.0110754385313925,0.016545938788476457
2021-05-19,-0.010913554538725572,-0.2233797162901647,0.0,-0.2218,3.843062312824358,0.0519623060165017
2021-05-20,0.012254979496379508,-0.20856873126850378,0.0,-0.20670000000000002,1.8998059031540038,-0.05486164858612585
2021-05-21,0.002471707096261681,-0.20558886870654772,0.0,-0.20149999999999998,1.928904821136154,-0.011850803719372945
2021-05-24,0.009842245568121848,-0.092,0.10177865543258091,-0.092,-0.06519944172047687,-0.048120965683017325
2021-05-25,3.669877801087224e-05,-0.1884,0.09649275222945275,-0.1884,1.022932968632297,-0.0009233168926695502
2021-05-26,0.009430765241914088,-0.17729718661308608,0.0,-0.1736,4.564637903363838,-0.05005714034986246
2021-05-27,0.009213487339439322,-0.1665492003250581,0.0,-0.1674,4.8554750931244985,-0.051966348228332716
2021-05-28,-0.003916245910138202,-0.17113565554630839,0.0,-0.16760000000000003,7.396495085460181,0.02351404811608084
2021-06-01,-0.003959604621255439,-0.17579132430766908,0.0,-0.179,8.66873698168892,0.023137227649114835
2021-06-02,0.004341540060245526,-0.17070864582295292,0.0,-0.1748,9.966090427638246,-0.02469712357731025
2021-06-03,-0.003015019785687936,-0.17424902988137012,0.0,-0.1804,10.320189264798419,0.017661787258361265
2021-06-04,0.009416164418480533,-0.16329525053509417,0.0,-0.1642,9.190124946147513,-0.05403854715800208
2021-06-07,0.003372150972458377,-0.15938562716499544,0.0,-0.1642,9.174601343375326,-0.020650637182700302
2021-06-08,-0.0020235609556004475,-0.16173647172988503,0.0,-0.1707,11.559695517657953,0.012696006481849612
2021-06-09,-0.002764552107758594,-0.1649570562150927,0.0,-0.1789,12.477959433528953,0.01709294185899921
2021-06-10,0.009645805366435592,-0.15382746109888434,0.0,-0.161,10.371232926374754,-0.05847464538805859
2021-06-11,0.004411941901313081,-0.1487592022400027,0.0,-0.1565,9.924072197095906,-0.028681107195008364
2021-06-14,-0.0014041474225472397,-0.15037449762580804,0.0,-0.16390000000000002,10.646593568545526,0.009439062601867408
2021-06-15,-0.004044108072336877,-0.15504562696975382,0.0,-0.1702,11.15922243297179,0.026893576611642205
2021-06-16,-0.0001523787316306226,-0.1815,0.026293531362540368,-0.1815,11.401285518252472,0.0008980064041181481
2021-06-17,0.001002629567344439,-0.18031657969836756,0.0,-0.1775,11.379411322868442,-0.005524129847627763
2021-06-18,-0.01662706481705436,-0.20027360675610087,0.0,-0.207,12.730133191283908,0.09221040486054033
2021-06-21,0.013033533080556357,-0.1848310717870927,0.0,-0.1789,6.625240636445373,-0.06507863563084965
2021-06-22,0.009535658734373613,-0.17363964465849777,0.0,-0.1666,5.081999847530398,-0.05159121051550119
2021-06-23,0.003428652456876064,-0.16962939197008506,0.0,-0.1632,4.755238372966009,-0.019745792866711378
2021-06-24,0.0025953828360245307,-0.16660161416420477,0.0,-0.1597,4.263622578735017,-0.01530031326459178
2021-06-25,0.0036381504817282317,-0.16237272726655222,0.0,-0.1562,3.831903689963786,-0.021837426365763912
2021-06-28,0.00015974052788624132,-0.16218707888906794,0.0,-0.1576,3.978509360212046,-0.0009837891533595426
2021-06-29,-0.0036888466702451575,-0.16649008194372003,0.0,-0.1602,4.331150694821426,0.02274439305222483
2021-06-30,0.0019198055004394138,-0.1642549389080905,0.0,-0.1583,4.741326050909519,-0.01153105024651487
2021-07-01,0.0029532176901204115,-0.16082676477120295,0.0,-0.1548,4.308784567670902,-0.017979475745157934
2021-07-02,0.0001929642406671838,-0.16060280993126835,0.0,-0.1507,7.996257659316271,-0.0011998266640611754
2021-07-06,-0.003820618366929037,-0.16505403678266503,0.0,-0.16440000000000002,11.291765980151533,0.023789237364925997
2021-07-07,-0.0006414649862616706,-0.16580185785539808,0.0,-0.162,11.221549211955946,0.0038863938063285297
2021-07-08,-0.010715545827942334,-0.17842937179384838,0.0,-0.19,11.792918254072806,0.06462862338543732
2021-07-09,0.012015022949314237,-0.16443861511023125,0.0,-0.1618,7.9222912591218915,-0.06733769686302551
2021-07-12,0.0012434803164028327,-0.16299245688197359,0.0,-0.1617,7.911145043714022,-0.007561972688527369
2021-07-13,-0.0019663001804027867,-0.16528375453874355,0.0,-0.17120000000000002,8.350011222368177,0.012063749562512747
2021-07-14,0.004091862668016648,-0.16053500467817441,0.0,-0.16329999999999997,7.588383242226808,-0.024756593165709394
2021-07-15,-0.002224810050891772,-0.1631227318223535,0.0,-0.17010000000000003,7.859771015968052,0.013858722310139545
2021-07-16,-0.00728665099378092,-0.17166021086220615,0.0,-0.1845,8.495176876503345,0.04466974597823891
2021-07-19,-0.026698036945016435,-0.225,0.021213829953549757,-0.225,10.984168237577796,0.15546660403127432
2021-07-20,0.021291187489071144,-0.19946202905340232,0.0,-0.1973,5.584972785477751,-0.0946274999514273
2021-07-21,0.012697168693804913,-0.18442320777937013,0.0,-0.1791,3.234495265449505,-0.06365707174474534
2021-07-22,-0.004203317856659749,-0.18942272957772116,0.0,-0.1769,3.7353870659149617,0.022791696919664678
2021-07-23,0.0018273232281812574,-0.18725323416519776,0.0,-0.172,3.3186374590710734,-0.009646800213759441
2021-07-26,0.0017505818115211647,-0.1851784822707284,0.0,-0.17579999999999998,3.744879446336668,-0.009348740059553651
2021-07-27,-0.005052705158877199,-0.19119725076490857,0.0,-0.1936,5.412443128566904,0.02728559548020387
2021-07-28,0.005139029069391769,-0.1851069516898362,0.0,-0.18309999999999998,4.355533389090343,-0.026878153576123293
2021-07-29,0.003269764665972352,-0.181244559965788,0.0,-0.177,3.842854624594281,-0.01766419162609919
2021-07-30,-0.004949914185156814,-0.1871207055858608,0.0,-0.18239999999999998,4.867120746713363,0.02731069106896873
2021-08-02,-0.007114668871654188,-0.19562719718779598,0.0,-0.1946,9.332158148863572,0.03802181511329116
2021-08-03,0.010141917038254164,-0.18362299100841836,0.0,-0.1804,9.509994859048764,-0.05184308308889301
2021-08-04,0.0003611724264881417,-0.18319565336328295,0.0,-0.1797,9.401672810212144,-0.001966923774112706
2021-08-05,0.0044172708634247415,-0.17799214299269803,0.0,-0.1728,8.309213422742753,-0.024112312614017917
2021-08-06,0.004979755784214128,-0.17215509686906819,0.0,-0.16149999999999998,8.63101859905587,-0.02797739102685234
2021-08-09,0.001298187952143294,-0.17063539210668277,0.0,-0.1672,9.249331504736325,-0.0075408046334557565
2021-08-10,0.003239033090409559,-0.1668559072114849,0.0,-0.1679,9.815954300491933,-0.018982187988201688
2021-08-11,0.005010724906660092,-0.1610382638651504,0.0,-0.1606,9.080020946138742,-0.030030251792698876
2021-08-12,0.003032506943662157,-0.15752805200994652,0.0,-0.1559,8.726286125718065,-0.018830971415597884
2021-08-13,3.2306819526235846e-05,-0.15749065716818209,0.0,-0.1545,9.417778364629546,-0.0002050861361771677
2021-08-16,-0.0008098173682200613,-0.1584287729083291,0.0,-0.1612,10.467190082268363,0.005142002597368482
2021-08-17,-0.004912984969840142,-0.16414821559420967,0.0,-0.1791,11.833468737400288,0.031010686251309406
2021-08-18,-0.012381608133117051,-0.2157,0.036979118380768394,-0.2157,13.513899269995058,0.07531680152094675
2021-08-19,-0.006361946576491077,-0.22348373817950362,0.0,-0.2167,14.331424192885166,0.029494420846041154
2021-08-20,0.017734952574531216,-0.2021634268180496,0.0,-0.1856,10.122429792420146,-0.07935679221674011
2021-08-23,0.006442085119438475,-0.17149999999999999,0.02295493712278232,-0.17149999999999999,7.718099041316702,-0.031922502945145356
2021-08-24,0.0008389048438393057,-0.17051804674078783,0.0,-0.1722,7.785770158643873,-0.00489157343346534
2021-08-25,0.003984574268115488,-0.16587254101396118,0.0,-0.1679,7.368467590851683,-0.023367463704135782
2021-08-26,-0.0069589800302161265,-0.17404268058275799,0.0,-0.1884,8.859973768753061,0.041953779617027766
2021-08-27,0.008905819718173518,-0.16367916374068847,0.0,-0.16390000000000002,5.502523521322413,-0.05117032033954892
2021-08-30,0.0016376153726784931,-0.1617766204873599,0.0,-0.16190000000000002,5.183051550881059,-0.01000503262145763
2021-08-31,0.0007385139417238055,-0.16091926542462806,0.0,-0.1648,6.202478793254835,-0.0045650226806506185
2021-09-01,0.0041090057224244985,-0.15616856218651637,0.0,-0.1611,8.523576292246187,-0.025534579166651052
2021-09-02,0.0004609123501714503,-0.15563591532084328,0.0,-0.1641,8.858126195447877,-0.0029513773048699143
2021-09-03,-0.0018697551067247407,-0.15780071912800245,0.0,-0.1641,9.253670191627592,0.012013648025073405
2021-09-07,-0.003115233812810798,-0.16141881027661065,0.0,-0.1814,11.510873118535741,0.01974156917677814
2021-09-08,-3.944260286782478e-06,-0.16142339123276883,0.0,-0.1796,11.258036920748541,2.443494831874619e-05
2021-09-09,-0.0037372024117030347,-0.188,0.022232860169678292,-0.188,11.726060533229477,0.0230826892754673
2021-09-10,-0.008050018427206483,-0.19764103237983627,0.0,-0.2095,13.360109343990757,0.042819246953225976
2021-09-13,0.008134525858474155,-0.18797739950428577,0.0,-0.1937,13.428967340953815,-0.04115808220856093
2021-09-14,-0.0022097698170001215,-0.1906083699440559,0.0,-0.1946,13.901555934385868,0.01175550796440154
2021-09-15,0.006044348065351348,-0.18345515506709598,0.0,-0.1818,10.631933343353193,-0.03171082186540592
2021-09-16,0.0024853459453899733,-0.1805211516094962,0.0,-0.1869,11.172353168470691,-0.013547430403255744
2021-09-17,-0.011951174104088318,-0.1948004194418839,0.0,-0.20809999999999998,12.53262732238638,0.06620373290073579
2021-09-20,-0.021808852437006355,-0.2571,0.03568368469071978,-0.2571,14.865043101036605,0.11186326321623784
2021-09-21,0.01028074486959564,-0.24430759111643086,0.0,-0.24359999999999998,13.410070099795277,-0.03998733904938016
2021-09-22,0.013223718838418125,-0.22806796562454373,0.0,-0.2087,8.010054100235198,-0.054127335045090895
2021-09-23,0.014164101710741677,-0.1863,0.024601735144358566,-0.1863,3.8720145074516203,-0.06215867511025955
2021-09-24,0.006453101679833524,-0.1786937692575945,0.0,-0.1775,3.4800832465826943,-0.034638226944892776
2021-09-27,-0.0019114421284706865,-0.1809510889206207,0.0,-0.18760000000000002,4.501563929658561,0.010696747493838261
2021-09-28,-0.019356721778941193,-0.2325,0.028255702646011238,-0.2325,5.976294035328436,0.10689404547382063
2021-09-29,-0.004326945850137317,-0.2378561364727779,0.0,-0.2256,6.100850451437374,0.018610519785536846
2021-09-30,0.0011490910691444838,-0.23643535964343718,0.0,-0.2314,6.02445798195345,-0.004831033944234585
2021-10-01,0.007086333286049001,-0.2277352186967319,0.0,-0.2115,2.7633410126790743,-0.029971546120409993
2021-10-04,-0.005943101425721842,-0.23507539704981262,0.0,-0.2296,5.3612253382855215,0.02609654079739019
2021-10-05,0.008045717471135404,-0.225217642061138,0.0,-0.213,2.758838532690465,-0.0342261145662577
2021-10-06,0.004436632110501149,-0.2198058124251566,0.0,-0.21,3.0863323232587945,-0.019699309831584032
2021-10-07,0.007868473258646959,-0.210282735088709,0.0,-0.1954,2.2503026471235046,-0.03579738484543559
2021-10-08,0.00435542773051106,-0.20503429530273062,0.0,-0.1877,1.5397860563534103,-0.0207122459610091
2021-10-11,-0.002992695779182394,-0.20865142130978723,0.0,-0.2,2.5215761703091246,0.014596074158051048
2021-10-12,0.004037169139050767,-0.20379151137023205,0.0,-0.1985,5.633144968773339,-0.01934886958213783
2021-10-13,0.003846773911680391,-0.19917854263696924,0.0,-0.1864,4.328011454411936,-0.01887602621824557
2021-10-14,0.011458593762274946,-0.18559331052439948,0.0,-0.1686,2.1874621081674146,-0.057529257974137486
2021-10-15,-0.00010704418651313514,-0.163,0.02270677175470795,-0.163,2.196873500466708,0.000515594017722966
2021-10-18,0.0034702164779785607,-0.1589780951167098,0.0,-0.1631,5.1776533654987364,-0.021289671644040248
2021-10-19,0.0016867583588243101,-0.15702647104529316,0.0,-0.157,4.906179503779752,-0.010610004841145056
2021-10-20,0.0018569910643296702,-0.15488186574025714,0.0,-0.1549,4.696502931338346,-0.01182597463961369
2021-10-21,0.00495384621958172,-0.14918896035342527,0.0,-0.1501,4.526849463875585,-0.031984675519660326
2021-10-22,-0.003224154493971926,-0.15290610776189348,0.0,-0.1543,5.049197558411576,0.02161121363359579
2021-10-25,0.004405979341134088,-0.14784871005862774,0.0,-0.1524,6.7348833310701455,-0.028814933593072106
2021-10-26,-0.002854511673546197,-0.1511346373186773,0.0,-0.1598,8.126164023960271,0.019306977195907037
2021-10-27,-0.0034337355593422126,-0.15510094852024117,0.0,-0.1698,7.7909363517905525,0.0227197128352646
2021-10-28,0.004974489807729641,-0.14938335274682796,0.0,-0.1653,9.682323784724378,-0.032072594366374586
2021-10-29,-0.0011720133579049316,-0.15073202605273076,0.0,-0.16260000000000002,9.781995760470377,0.007845675815639493
2021-11-01,0.002579974610175007,-0.1477708065136255,0.0,-0.1641,9.901700508126487,-0.017116300216600627
2021-11-02,0.003889022794975167,-0.1433243918915083,0.0,-0.1603,10.051644676521873,-0.026317937126617577
2021-11-03,0.005129394277274991,-0.13748975843413733,0.0,-0.151,8.878695739372892,-0.03578870427831829
2021-11-04,-0.0023530898796236687,-0.1401726872455181,0.0,-0.15439999999999998,9.137775869045022,0.017114655712708125
2021-11-05,-0.005183770830620965,-0.14611387893973574,0.0,-0.1648,10.573354939412289,0.036981318775328766
2021-11-08,-0.0001504694998727308,-0.1722,0.025928502713162854,-0.1722,11.308578500370093,0.0009410827329610695
2021-11-09,-0.003081736080980826,-0.17582357794502115,0.0,-0.1778,11.137444970208968,0.017896260632873556
2021-11-10,-0.002711386253452023,-0.17902035753498158,0.0,-0.1873,10.893288888863584,0.015421061754868026
2021-11-11,0.0030242922129769152,-0.17546540665899904,0.0,-0.1766,11.024583945723784,-0.016893565930824105
2021-11-12,0.00704225914449674,-0.16724536233224338,0.0,-0.1629,8.921686382625587,-0.04013474381410534
2021-11-15,0.0020965794757093607,-0.16480325972466528,0.0,-0.1649,9.088132932089792,-0.012535949855185666
2021-11-16,-0.0006678051342658399,-0.16558164112901724,0.0,-0.1637,8.975880965593571,0.004052135469780959
2021-11-17,-0.001971175241822071,-0.16788374465180134,0.0,-0.1711,9.935270470887502,0.011904551907938746
2021-11-18,-0.001863120794429236,-0.17006371468944634,0.0,-0.1759,10.590907652075533,0.011097684283212974
2021-11-19,-0.002409810140334453,-0.17289015728396773,0.0,-0.1791,11.0152738016744,0.014170042943816743
2021-11-22,-0.00291326703321946,-0.17631708306266708,0.0,-0.1917,12.144999518609263,0.016850392636490533
2021-11-23,0.004689228437268162,-0.1938,0.022986584998732684,-0.1938,12.530647909447573,-0.02666061420773837
2021-11-24,0.001987413512527035,-0.19143213168223583,0.0,-0.1858,13.433728348938146,-0.010254971684866023
2021-11-26,-0.05390727326425835,-0.2862,0.026899340735704214,-0.2862,15.686425753781105,0.28152966338665936
2021-11-29,0.04367753851520915,-0.23237298162976294,0.0,-0.2296,8.977678065892365,-0.1526119444975861
2021-11-30,-0.03347020759198468,-0.2750491410714046,0.0,-0.27190000000000003,10.321646871711241,0.14403657153787505
2021-12-01,-0.020550890440555025,0.0,0.3016019370440752,0.0,14.175846364955266,0.07416888993933266
2021-12-02,-0.00013974999999999998,-0.27949999999999997,0.27949999999999997,-0.27949999999999997,8.397220540942381,-0.056639048797546665
2021-12-03,-0.024844511251840402,-0.3120984445696325,0.0,-0.30670000000000003,11.152235653829987,0.08888912791356138
2021-12-06,0.026774935325038888,-0.277883204418377,0.0,-0.2718,6.19129652750723,-0.0857900312895187
2021-12-07,0.030414520336038215,-0.10945,0.1306355961745172,-0.10945,-1.9895311862913871,-0.10968578758806691
2021-12-08,0.006661356638208065,-0.10210846247745055,0.0,-0.09949999999999999,-4.005356686166934,-0.06086209811062644
2021-12-09,-0.0028804768553272286,-0.10529223116770212,0.0,-0.1079,-2.5402016576437276,0.028209971881256637
2021-12-10,0.006793352397133037,-0.09783425619174714,0.0,-0.09345,-2.5002893449355383,-0.06451902786933121
2021-12-13,-0.003925238733946407,-0.10216049927452521,0.0,-0.10154999999999999,-0.8398278028951616,0.040121312173654805
2021-12-14,-0.0020214189328113534,-0.2189,0.11457044983136332,-0.2189,3.273069184882033,0.01922596034517863
2021-12-15,0.016095219771055692,-0.19959229832282827,0.0,-0.1929,1.0132740807882143,-0.07352772851098992
2021-12-16,-0.008887644433447505,-0.2103494539093923,0.0,-0.2057,2.3013272538896103,0.04452899489674841
2021-12-17,-0.006916327236864167,-0.21877892780347558,0.0,-0.2157,2.959472872921907,0.032880176812074655
2021-12-20,-0.008109167443895398,-0.22874301062212654,0.0,-0.22870000000000001,4.226517698405242,0.03706557814004688
2021-12-21,0.011313465656401782,-0.21499718173395452,0.0,-0.2101,3.2573994608015795,-0.04945928457281317
2021-12-22,0.012262868124624045,-0.20027832689835562,0.0,-0.1863,0.12029972327887961,-0.057037343586199066
2021-12-23,0.0013134928241861623,-0.0898,0.1088386944391145,-0.0898,-0.36538337481680827,-0.006830055915635626
2021-12-27,0.002605755236538277,-0.08696762841032221,0.0,-0.08839999999999999,-1.3714961975704796,-0.029017318892408432
2021-12-28,0.0019108767785389156,-0.08489452864836412,0.0,-0.0877,-0.6614418919509113,-0.021972276506416876
2021-12-29,0.0021296341128716647,-0.08258901016210295,0.0,-0.08474999999999999,-0.5076017448333374,-0.025085646233960236
2021-12-30,0.00020421488361363564,-0.17329999999999998,0.09098125079207871,-0.17329999999999998,1.0751194114906397,-0.003023471385836461
2021-12-31,0.0018219435045251035,-0.17116620134673696,0.0,-0.1722,1.8068594671741245,-0.010513234301933662
2022-01-03,0.006125410550237343,-0.16403600293351192,0.0,-0.166,2.910621343322756,-0.035786332243413516
2022-01-04,0.0002342307023959337,-0.16376341381167211,0.0,-0.1691,5.481163922833982,-0.0014279225182710256
2022-01-05,-0.013420571713572122,-0.17959424294199192,0.0,-0.1973,5.299595103446778,0.08195097672429921
2022-01-06,-0.0012710614959458842,-0.18109548793974756,0.0,-0.1961,6.031633517960422,0.007077406687008509
2022-01-07,0.005451724256062062,-0.1746913943716642,0.0,-0.18760000000000002,5.512282204941052,-0.030104141842981255
2022-01-10,0.003134089180139136,-0.19399999999999998,0.022992110755417267,-0.19399999999999998,9.143776459742742,-0.018006526576944386
2022-01-11,0.007269959502915649,-0.18538231854867881,0.0,-0.1841,6.6113918709856705,-0.03747401805626623
2022-01-12,0.001083505930140122,-0.18409933989203078,0.0,-0.17620000000000002,5.707067322522773,-0.005844710210891059
2022-01-13,-0.011540915903982662,-0.19792448564012513,0.0,-0.20309999999999997,6.845203997706918,0.06268852409112978
2022-01-14,0.0037663336589320363,-0.19342963144962955,0.0,-0.19190000000000002,5.650177338305371,-0.01902914460912202
2022-01-18,-0.016103469383938977,-0.21296253652034997,0.0,-0.2279,8.02259445052873,0.0832523396919796
2022-01-19,-0.005913679413957036,-0.22017827969433584,0.0,-0.23850000000000002,9.013653614465353,0.02776863720061836
2022-01-20,-0.008219401932183902,-0.2559,0.025625361682649644,-0.2559,12.385074098497874,0.03727247420924278
2022-01-21,-0.023694980521819394,-0.2863807672229919,0.0,-0.28850000000000003,13.910174534765186,0.0925946874631473
2022-01-24,-0.007823182349994191,-0.2965237086165902,0.0,-0.299,14.02267609436321,0.027317415292426494
2022-01-25,-0.0013142722880058215,-0.29822993624525695,0.0,-0.3116,15.197092777734104,0.004432267133503298
2022-01-26,-0.004937449419844971,0.0,0.30447211363512033,0.0,18.353839001774126,0.016045382376007247
2022-01-27,-0.00015245,-0.3049,0.3049,-0.3049,18.077520427874322,0.008385310269636872
2022-01-28,0.019085725804121333,-0.2804614636029306,0.0,-0.2766,7.136277836009366,-0.06259667367701323
2022-01-31,0.019162097550668337,-0.2563864636255977,0.0,-0.2483,1.3440469323082134,-0.06832345985970283
2022-02-01,0.01952161187399278,-0.10980000000000001,0.12245540373771344,-0.10980000000000001,-0.46221934956106026,-0.0763801618031541
2022-02-02,0.0024509232985221925,-0.10708661562029415,0.0,-0.11044999999999999,-0.16828538868192666,-0.022321705815320513
2022-02-03,-0.014400896670410602,-0.12326260431882585,0.0,-0.12175000000000001,-0.5637903971393996,0.1344789597373499
2022-02-04,0.005490508350380211,-0.2322,0.11513495724431047,-0.2322,0.829065339109988,-0.04501021100164286
2022-02-07,0.005721657882127437,-0.22518988265082807,0.0,-0.2286,0.31860390012284157,-0.024641076150419626
2022-02-08,0.011167087275417584,-0.21165917885252117,0.0,-0.2144,0.14588632838733062,-0.0495896491616939
2022-02-09,0.007885209278628838,-0.0998,0.10231872153014104,-0.0998,-1.6469368652225995,-0.037495981428349826
2022-02-10,-0.009845548674213953,-0.11073580341673156,0.0,-0.11955,-0.296398431099675,0.09865279232679311
2022-02-11,-0.014564560687694288,-0.2736,0.14653151475694706,-0.2736,3.4468577323447818,0.13086368169272938
2022-02-14,-0.0012586630865507207,-0.2752050535286595,0.0,-0.2833,6.684710606420932,0.004600376778328657
2022-02-15,0.02251287944116486,-0.2471285977596671,0.0,-0.257,2.494449567517627,-0.0818040190487287
2022-02-16,0.009414443045497422,-0.23549708085904134,0.0,-0.2429,1.851276933941957,-0.038095320132285865
2022-02-17,-0.029792825453250897,-0.27343634769164377,0.0,-0.2811,6.219792486794301,0.12651038112478188
2022-02-18,-0.00568748159463919,-0.28072042151689963,0.0,-0.2775,6.110494840269169,0.020800020343502413
2022-02-22,0.0018862781613780183,-0.27830917483691564,0.0,-0.28809999999999997,6.8415053985647845,-0.006719419097425595
2022-02-23,-0.01678341730391429,0.0,0.2999315228304835,0.0,9.212319467816503,0.05976609126251754
2022-02-24,-0.0,0.0,0.0,0.0,8.399388177131591,-0.03561235533779226
2022-02-25,-0.00013795,-0.2759,0.2759,-0.2759,2.5458823521611222,-0.04052637598503243
2022-02-28,-0.013427669285791283,0.0,0.2930734802829019,0.0,7.000812721671583,0.048137486573576777
2022-03-01,0.0,0.0,0.0,0.0,9.058367511604931,0.10992160388686543
2022-03-02,-0.0001537,-0.3074,0.3074,-0.3074,5.982637170357577,-0.06668094942456605
2022-03-03,-0.003510997434613304,-0.31200645128465654,0.0,-0.3048,5.731102317791255,0.011421592175059544
2022-03-04,-0.01244170044359399,-0.3285356944232933,0.0,-0.31980000000000003,9.269067935633664,0.0398764204790205
2022-03-07,-0.030505229046771807,0.0,0.37007668066345567,0.0,9.631118018634226,0.09228887825922141
2022-03-08,-0.0,0.0,0.0,0.0,8.508554486342533,-0.013915179970257829
2022-03-09,-0.00016225000000000001,-0.3245,0.3245,-0.3245,3.439751028319119,-0.039556512251938694
2022-03-10,0.014786542436882539,-0.30520059599862204,0.0,-0.3023,2.1423679496347496,-0.04556715697036221
2022-03-11,-0.006499253662380975,-0.3137389184759392,0.0,-0.3075,5.178871793622665,0.021295022839373217
2022-03-14,-0.009448298594079807,-0.3262699126267812,0.0,-0.3177,6.162571957453164,0.0301151627600973
2022-03-15,0.009414644042628715,-0.31390001170893583,0.0,-0.2983,1.8902715712266343,-0.028855385306085786
2022-03-16,0.03246861270184695,-0.13335,0.13914532301468271,-0.13335,-2.0481674202792135,-0.1036578023244082
2022-03-17,0.00208193252166421,-0.1309953440114518,0.0,-0.12835000000000002,-3.5995611598237574,-0.01561254234468849
2022-03-18,0.007022615705608497,-0.12310818681959501,0.0,-0.11935000000000001,-5.231901457277996,-0.05360965886691797
2022-03-21,0.0006379015508872195,-0.2353,0.11297114388567135,-0.2353,0.5933549608821629,-0.0056404625944789745
2022-03-22,0.00439958436384052,-0.2298889995881525,0.0,-0.22940000000000002,1.238764272447554,-0.018697766102169656
2022-03-23,0.0007181162520882114,-0.22900643009677912,0.0,-0.2357,2.292692859845971,-0.0031237521298310093
2022-03-24,0.005004869704693618,-0.22288604477897223,0.0,-0.2167,0.35717914472689927,-0.02185471256234394
2022-03-25,0.006796478907477463,-0.2146308319492573,0.0,-0.20809999999999998,2.191422509990538,-0.03049306615054019
2022-03-28,0.003515969933687053,-0.210375189175635,0.0,-0.1963,3.0049246354848442,-0.016381476518333084
2022-03-29,0.009970723719581645,-0.19842601448682748,0.0,-0.18899999999999997,3.68572831287136,-0.04739496020729627
2022-03-30,-0.0029377768697971453,-0.2019570962426577,0.0,-0.19329999999999997,4.677043373221489,0.014805401788645863
2022-03-31,-0.01043320428737089,-0.2146295747292908,0.0,-0.20559999999999998,3.188787318460932,0.05166049859835117
2022-04-01,0.008535875791284389,-0.20434939785985098,0.0,-0.1963,2.8665983082624216,-0.03977026838938933
2022-04-04,0.010628851446471483,-0.19168317442760047,0.0,-0.1857,1.5466743505687646,-0.05201312828805628
2022-04-05,-0.016915452397463764,-0.2121878808224348,0.0,-0.21030000000000001,3.201938103604178,0.08824693376440716
2022-04-06,-0.004168710656615078,-0.217262295124014,0.0,-0.221,4.821151443104263,0.019646318349838182
2022-04-07,0.005795423085153288,-0.2102483936447157,0.0,-0.2155,5.962921397268682,-0.026674776135662392
2022-04-08,0.00014673767995587757,-0.2100708306584426,0.0,-0.2116,5.822205007331155,-0.0006979253320900015
2022-04-11,-0.011836066698810705,-0.2245648620425987,0.0,-0.2437,7.888565639726625,0.05634321843595291
2022-04-12,-0.002640000386773992,-0.2278062710731153,0.0,-0.2426,10.340680277808884,0.011756070663776414
2022-04-13,0.016629942503437658,-0.20772192490185634,0.0,-0.2182,5.643642939007314,-0.0730003718734337
2022-04-14,-0.005848416277921431,-0.21482673736753077,0.0,-0.22699999999999998,7.0779764107186995,0.028155026392542186
2022-04-18,0.0028519616769508422,-0.21137195098678327,0.0,-0.2217,6.758249934093749,-0.013275636505485989
2022-04-19,0.01106381883059296,-0.19811621029804904,0.0,-0.2137,3.9813905850767384,-0.05234289024131098
2022-04-20,0.004746056819065966,-0.1924567428422414,0.0,-0.2032,3.8618971904144423,-0.023955923707231864
2022-04-21,-0.014220030303733028,-0.20965811793645445,0.0,-0.2268,5.330131404105245,0.07388689060060276
2022-04-22,-0.02749245636430418,-0.2821,0.03826973325676897,-0.2821,7.200229145451797,0.13103867271193725
2022-04-25,0.007135078051981337,-0.2730169248794916,0.0,-0.2702,5.316777159719678,-0.025292726167959363
2022-04-26,-0.02938096531028228,0.0,0.3113412596185051,0.0,9.192429408119878,0.10704572507134105
2022-04-27,-0.000158,-0.316,0.316,-0.316,6.924469888139825,0.016750263624804678
2022-04-28,0.015084653643029272,-0.29644359736601084,0.0,-0.2999,2.016473719438519,-0.047736245705788834
2022-04-29,-0.0231033360437076,0.0,0.3268821341702327,0.0,0.8751873332119686,0.07738367494002314
2022-05-02,-8.085000000000001e-05,-0.1617,0.1617,-0.1617,-0.6068153012271722,-0.01788257236233608
2022-05-03,0.009735637506425992,-0.15049915725353105,0.0,-0.14625,-2.0606062990871905,-0.06020802415847861
2022-05-04,0.014367025996884417,-0.1342040186320733,0.0,-0.12710000000000002,-10.986486916411806,-0.09546250131275957
2022-05-05,-0.025320394427488947,-0.16366856569842783,0.0,-0.156,-8.374997354875116,0.1886709107937074
2022-05-06,0.0028850117557579816,-0.1603210258982582,0.0,-0.15095,-7.457404526656422,-0.017627158541083827
2022-05-09,-0.013382313172321048,-0.17605942138448405,0.0,-0.17375,-5.0755858047597116,0.08347197815970588
2022-05-10,0.006696412406299457,-0.16823642847137735,0.0,-0.16495,-5.068990789309794,-0.03803495634394721
2022-05-11,0.0009613606185945445,-0.16711441063959429,0.0,-0.1628,-5.731798527691346,-0.005714342769456165
2022-05-12,0.0030725686391828723,-0.16353935610357542,0.0,-0.15885,-2.6318542200603154,-0.01838601846138391
2022-05-13,0.010354145699470695,-0.1516153628469097,0.0,-0.14435,-4.951373652519866,-0.06331286820594449
2022-05-16,0.006718937359444367,-0.14392937304578662,0.0,-0.13735,-6.032596943990825,-0.04431567641485425
2022-05-17,0.0032599268781036647,-0.14021236411326765,0.0,-0.1305,-9.363266426460598,-0.022649489879085494
2022-05-18,-0.019834884537946643,-0.16328600776183252,0.0,-0.1548,-4.3148418022206485,0.14146316313391194
2022-05-19,0.011570592754835985,-0.14998005684786278,0.0,-0.14675000000000002,-2.61721722992613,-0.07086089563603482
2022-05-20,-0.0007156801938875336,-0.1508036642374107,0.0,-0.14715,-2.692568548366914,0.004771835728889658
2022-05-23,0.0016460553160811933,-0.14891249072434184,0.0,-0.1424,-1.8371201901091432,-0.010915220955704385
2022-05-24,-0.0004769575265617369,-0.14946073467323143,0.0,-0.14725,-1.0516753962110315,0.0032029383448071726
2022-05-25,0.0035832330699461508,-0.14535665483075896,0.0,-0.14185,-1.2991981040941063,-0.02397441092324506
2022-05-26,0.0017025212805785012,-0.14340997501586872,0.0,-0.1375,-3.543881105817462,-0.011712716439166639
2022-05-27,0.005576996155611858,-0.13706854809447866,0.0,-0.1286,-5.443695007294391,-0.03888848146716955
2022-05-30,-0.0,-0.13706854809447866,0.0,-0.13269999999999998,-4.414179477416685,0.0
2022-05-31,0.002157960431338232,-0.13462008285108432,0.0,-0.13095,-3.584175812187315,-0.015743658638966485
2022-06-01,0.0010286435637405682,-0.2569,0.12351576096002173,-0.2569,5.750468426893999,-0.008099842320159412
2022-06-02,0.00517095997217526,-0.25043405555090154,0.0,-0.24719999999999998,4.536094287669879,-0.020128298840697778
2022-06-03,-0.0026998212672370504,-0.25381914313881665,0.0,-0.24789999999999998,1.5293309501618246,0.010780567608099543
2022-06-06,0.0033256641798741046,-0.24966318305402643,0.0,-0.2507,3.0339641744119916,-0.013102495496390752
2022-06-07,0.007068502458098601,-0.2408919353587087,0.0,-0.2402,2.798586447410486,-0.02831215388521661
2022-06-08,0.0002641504220040431,-0.24056423979124472,0.0,-0.2396,1.347122126376103,-0.0010965515371475618
2022-06-09,-0.012683950907747248,-0.25650164497156774,0.0,-0.2609,1.78708118847036,0.0527258370518995
2022-06-10,-0.015437054961843137,-0.27620245237126195,0.0,-0.2775,4.2676703700563685,0.0601830641809501
2022-06-13,-0.038268829523333735,-0.32698459980114103,0.0,-0.34020000000000006,6.043188469923329,0.138553547207083
2022-06-14,0.010542896615261742,-0.31314029740427374,0.0,-0.32689999999999997,4.568927577538581,-0.03224279254030162
2022-06-15,0.017340004704918796,-0.1481,0.14256810238534012,-0.1481,-0.9961696077236191,-0.05560219780219777
2022-06-16,-0.009406091849188154,-0.3295,0.17059811567065788,-0.3295,3.8452979296840937,0.06293580547841204
2022-06-17,0.010431506973835384,-0.3157744892395034,0.0,-0.31129999999999997,1.2030549305188778,-0.03165859476126065
2022-06-20,-0.0,-0.3157744892395034,0.0,-0.3103,1.4624864254277838,0.0
2022-06-21,0.005771802859568519,-0.15095,0.1571714703090947,-0.15095,-3.225559122339657,-0.018527109675049655
2022-06-22,0.0063454532055976735,-0.14369275116589553,0.0,-0.14475,-4.678847682635524,-0.042036788377593066
2022-06-23,-5.0978886186458666e-05,-0.1437510583209233,0.0,-0.14525,-4.589732345391841,0.0003547770209201628
2022-06-24,0.002459599940297635,-0.1409447905821246,0.0,-0.13615,-8.236987381157807,-0.01711013448545606
2022-06-27,0.004817661431367204,-0.1354744590743396,0.0,-0.13475,-1.541240270356223,-0.034181195427439984
2022-06-28,-0.0041602236570373,-0.14021802105973255,0.0,-0.1418,-2.5922323573377106,0.03070854599060948
2022-06-29,-0.00014146775464893372,-0.14037934796553725,0.0,-0.1408,-2.0927494905703306,0.001008912788668361
2022-06-30,-0.001461096802709835,-0.2871,0.14513500016962613,-0.2871,4.27561888355163,0.00989126479605748
2022-07-01,0.007573289123719025,-0.2774256859462639,0.0,-0.267,2.0204885123020624,-0.026378575840191657
2022-07-04,-0.0,-0.2774256859462639,0.0,-0.2753,2.8504885123020642,0.0
2022-07-05,-0.00016767602353240415,-0.27763991552680567,0.0,-0.2754,5.799032743703055,0.0006043997799283886
2022-07-06,0.004495411449106834,-0.2719221023455495,0.0,-0.2673,5.081682733549819,-0.01619151713317968
2022-07-07,0.0028772142156900955,-0.2682730092140627,0.0,-0.2608,3.791488996281455,-0.010581023722866883
2022-07-08,0.0059222745578480385,-0.26080616891750474,0.0,-0.2464,9.216520473106462,-0.022075551227453097
2022-07-11,-0.008255895875004752,-0.27130190507146995,0.0,-0.26170000000000004,9.818875173057585,0.0316552936967383
2022-07-12,-0.0014354604335295874,-0.2731294319978648,0.0,-0.2729,14.037539571329637,0.005291007570151191
2022-07-13,0.0039418973739771025,-0.26813059134996237,0.0,-0.2682,13.299311272699441,-0.014432342004093936
2022-07-14,-0.0005245296991009665,-0.2687961125931213,0.0,-0.264,13.50677632360133,0.0019562471274169294
2022-07-15,0.013842183753396232,-0.2514729934553002,0.0,-0.24230000000000002,8.929515767384196,-0.051496964073841536
2022-07-18,-0.007592940648462045,-0.26104805650318735,0.0,-0.253,9.294545667825783,0.030193861154365682
2022-07-19,0.0038559118697412812,-0.25620424364928074,0.0,-0.245,3.55618653829546,-0.014770889013280974
2022-07-20,0.007173835044453363,-0.2472566303252268,0.0,-0.23879999999999998,2.857006479529751,-0.02800045363133665
2022-07-21,0.004938844921336904,-0.24112689705298204,0.0,-0.2311,2.7207387071497813,-0.019974570206026988
2022-07-22,0.0021775315042701165,-0.23843017632818864,0.0,-0.2303,1.8219900837091423,-0.009030645402415037
2022-07-25,0.0025306927482360224,-0.23530400144985256,0.0,-0.2336,3.434828689146034,-0.01061397842843783
2022-07-26,-0.0063407067889207445,-0.24318668369505364,0.0,-0.2469,4.220169498946152,0.026946871918249383
2022-07-27,0.008438581574476516,-0.23278373756194912,0.0,-0.2324,0.30845081613879444,-0.03470001501010705
2022-07-28,0.011708185645890863,-0.11164999999999999,0.1068027989069615,-0.11164999999999999,-0.32599083126998707,-0.050525810645231664
2022-07-29,0.0010450206087887414,-0.11048951557038512,0.0,-0.10665,-0.7729463446896858,-0.009359790495196968
2022-08-01,-0.003511405793112662,-0.2284,0.1140611398810019,-0.2284,1.607904096999743,0.031264280645448395
2022-08-02,-0.00309076191254911,-0.23220846298571693,0.0,-0.23929999999999998,4.801970958274431,0.013532232541808714
2022-08-03,0.01203117186550211,-0.21755979187316588,0.0,-0.2195,1.9536369022770153,-0.05181194393523092
2022-08-04,-0.0006218927570610269,-0.2183174546740287,0.0,-0.2144,1.4967888098412203,0.0028584912299584346
2022-08-05,0.005276199629641577,-0.21192310642873535,0.0,-0.2115,2.2713140224340265,-0.024167557456729733
2022-08-08,-0.0011601185764450151,-0.21333071392933609,0.0,-0.21289999999999998,2.254282754919199,0.0054742429742324255
2022-08-09,-0.001938817251484072,-0.21568771023435562,0.0,-0.2177,4.261171196227476,0.00908831745683975
2022-08-10,0.013200993411440896,-0.19984851785541907,0.0,-0.1974,3.7721968632669576,-0.06120419840841812
2022-08-11,-0.0019466440691198613,-0.20218875145840817,0.0,-0.20199999999999999,4.729422391874287,0.00974059797895607
2022-08-12,0.0021052986443266457,-0.19966310235537071,0.0,-0.1953,3.5481640307578974,-0.010412540901216863
2022-08-15,0.004066937188848501,-0.19480390990081353,0.0,-0.19949999999999998,4.39929650569532,-0.020368997280278432
2022-08-16,-0.0014656903930700424,-0.19655769301622147,0.0,-0.19690000000000002,5.276035551789526,0.00752392697773014
2022-08-17,0.0012210055653327262,-0.19509847113184886,0.0,-0.19899999999999998,5.575197483804459,-0.006211944933806073
2022-08-18,0.002358146227938412,-0.1922868843129857,0.0,-0.1956,5.376294112288811,-0.012086953907213146
2022-08-19,-0.009155775491437613,-0.20330406619096414,0.0,-0.20600000000000002,4.205295352976705,0.047615184593322236
2022-08-22,-0.014001244259938754,-0.220391059507778,0.0,-0.23800000000000002,3.740434279697059,0.06886849103542937
2022-08-23,0.004025029912336221,-0.24109999999999998,0.025616864902560932,-0.24109999999999998,4.124916851735151,-0.018321243855379706
2022-08-24,0.008801403017238002,-0.23027188135145024,0.0,-0.22820000000000001,6.297245079610271,-0.036505197085184585
2022-08-25,0.006734509502211959,-0.22204202770377676,0.0,-0.21780000000000002,3.4819565425841077,-0.029245904722224762
2022-08-26,-0.022142581704983618,-0.24971392029169093,0.0,-0.2556,3.1625466816915875,0.09972248017174358
2022-08-29,0.0014795904413502016,-0.24786758733739575,0.0,-0.2621,4.414117110765531,-0.00592514201700046
2022-08-30,-0.004076107102481715,-0.2529748470105263,0.0,-0.2621,4.8070323985697385,0.01644469592118692
2022-08-31,0.005623691980413355,-0.24596790728248938,0.0,-0.2587,4.468176154853083,-0.022230241649990413
2022-09-01,0.001757129026748851,-0.2437824210874367,0.0,-0.2556,4.126252827824654,-0.00714373288028516
2022-09-02,-0.002220873889985792,-0.24655085333013713,0.0,-0.2547,4.211190124847402,0.0091100657712692
2022-09-05,-0.0,-0.24655085333013713,0.0,-0.25989999999999996,5.920345852289955,0.0
2022-09-06,-0.0063712391511195595,-0.2545438522383142,0.0,-0.2691,6.880569513501847,0.025841480834740114
2022-09-07,0.014925728154619743,-0.23609424555566064,0.0,-0.2464,1.6984623365260703,-0.05863715828676025
2022-09-08,0.00392327567645472,-0.23126365879182004,0.0,-0.2361,2.053856322735136,-0.016617413386002176
2022-09-09,0.0019992031312243944,-0.22880702394188493,0.0,-0.2279,6.370435858619672,-0.008644692130483182
2022-09-12,0.0013528058092104746,-0.2271469324429213,0.0,-0.23870000000000002,7.205410073344684,-0.005912431296488853
2022-09-13,-0.021206856222561122,-0.13635,0.11730957772187092,-0.13635,-0.6950090250952776,0.09310361890541673
2022-09-14,0.0005730511495459696,-0.13569918627576624,0.0,-0.1308,-1.6537071562800811,-0.004202795376208064
2022-09-15,0.0005582751424366206,-0.1350655074179376,0.0,-0.13135,-2.032043783582825,-0.004114064039426888
2022-09-16,0.0005214101928908951,-0.1344739811206118,0.0,-0.1315,-1.7768217165455908,-0.0038604244922241958
2022-09-19,0.0034730508067655984,-0.13054753210215755,0.0,-0.1288,-2.6744333604409505,-0.025826935276427678
2022-09-20,-0.0043920234860178806,-0.1355348277347599,0.0,-0.1358,-1.7897056602490906,0.03364309853503002
2022-09-21,-0.003909309785232017,-0.2799,0.1399886931863113,-0.2799,0.15411716150355304,0.02832715031853184
2022-09-22,0.0010045778244339647,-0.27861553119138827,0.0,-0.2735,0.2009090583813382,-0.00358905975146111
2022-09-23,-0.01726839985627701,-0.3010831553644889,0.0,-0.2992,5.28438990260744,0.061979315303908517
2022-09-26,-0.01076791608692242,0.0,0.31503621294251427,0.0,10.325169498624597,0.03524075588887163
2022-09-27,0.0,0.0,0.0,0.0,19.564405873396968,0.014912105410197685
2022-09-28,-0.0001509,-0.3018,0.3018,-0.3018,11.935100150787786,-0.044060122053251896
2022-09-29,-0.009965582484364422,0.0,0.31469483599194975,0.0,12.208248401038343,0.03249912215496503
2022-09-30,-0.00015810000000000002,-0.31620000000000004,0.31620000000000004,-0.31620000000000004,11.503288581675946,0.019824746974992334
2022-10-03,0.01432335159250515,-0.29761382101037437,0.0,-0.301,4.564587127743543,-0.045298392133159865
2022-10-04,0.01107839238303696,-0.14535,0.13795830652195676,-0.14535,-2.052014348550369,-0.03745582613889883
2022-10-05,-0.0009457806975454861,-0.1464342754086861,0.0,-0.14275000000000002,-1.2934655038301344,0.006506919143759794
2022-10-06,-0.004505751876926027,-0.30519999999999997,0.15366567228116185,-0.30519999999999997,0.5091162186413989,0.03024509820822137
2022-10-07,-0.01255266906085773,-0.1568,0.16488167209153248,-0.1568,-0.8227589404337792,0.04085920126085178
2022-10-10,-0.004096387795272195,-0.3245,0.16303687729982425,-0.3245,0.41781661984204277,0.025605034162131907
2022-10-11,-0.005365134961017672,0.0,0.3314226303066553,0.0,1.4905308061696658,0.01602287718294097
2022-10-12,-0.0,0.0,0.0,0.0,3.6524221795668517,-0.013982700067945941
2022-10-13,-0.0,0.0,0.0,0.0,0.2751084961313701,-0.027118149585087126
2022-10-14,-8.005000000000001e-05,-0.16010000000000002,0.16010000000000002,-0.16010000000000002,-0.9031364493423126,0.020803544651581258
2022-10-17,0.003612818751715692,-0.15592385661526487,0.0,-0.15685000000000002,-1.39842549749822,-0.022566013439823184
2022-10-18,0.0033931878536574505,-0.305,0.15307301251405797,-0.305,1.5881666751297878,-0.022252684324476843
2022-10-19,-0.0028334217021574707,-0.30870812199464936,0.0,-0.30760000000000004,1.719697569990128,0.009289907220188428
2022-10-20,0.004416673649259903,-0.3029534020376561,0.0,-0.2998,1.0758218299219635,-0.014306956424478053
2022-10-21,-0.00018125595736583218,-0.3031896129185749,0.0,-0.2969,2.0511775766375493,0.0005982964909676198
2022-10-24,0.006108358945648098,-0.2952775924496376,0.0,-0.2985,2.607405511973429,-0.020146992790576138
2022-10-25,0.011390098734199473,-0.28069040231927933,0.0,-0.2846,1.5740095742357063,-0.03857420618918844
2022-10-26,0.006478568682717709,-0.1364,0.13596082967798442,-0.1364,-0.15971016037871522,-0.023323024383677154
2022-10-27,0.0026101443620940665,-0.27390000000000003,0.14053787890485245,-0.27390000000000003,1.6397665259170324,-0.01965112391163118
2022-10-28,0.006269187485733382,-0.26596343785798476,0.0,-0.2575,3.075456754836388,-0.02288859980187434
2022-10-31,0.004293402882605269,-0.2605513829168973,0.0,-0.2588,4.178884330951746,-0.016142831199594424
2022-11-01,0.0030263292110246113,-0.2567480495835444,0.0,-0.2581,3.9524465204187997,-0.011615095560593734
2022-11-02,-0.00755440299268298,-0.26631429810684,0.0,-0.2586,0.0216500009274867,0.029423409466738007
2022-11-03,0.006834791668724389,-0.1265,0.13113615619845814,-0.1265,-0.7668994147934463,-0.025910586836217598
2022-11-04,0.0009537361501350785,-0.2455,0.1201408964846879,-0.2455,0.4978995891826372,-0.0080142814100982
2022-11-07,0.00334421107979936,-0.24134866803047827,0.0,-0.24350000000000002,0.6229491056723688,-0.013622041058245866
2022-11-08,-0.007412954615482932,-0.25061945327887464,0.0,-0.2554,3.204461138799516,0.030714711110594574
2022-11-09,-0.007617155452215614,-0.26021873528936834,0.0,-0.2609,1.7563216137260689,0.030393312859635403
2022-11-10,0.014862420685729497,-0.11765,0.12403724929479926,-0.11765,-13.816449146555641,-0.05735343880516761
2022-11-11,0.0014873345351673925,-0.11599014931002459,0.0,-0.11259999999999999,-13.381832289803025,-0.01264202749823538
2022-11-14,6.039723859887024e-05,-0.11592275065739523,0.0,-0.11865,-12.276189010315417,-0.0005207100685545056
2022-11-15,-0.0016698875780855192,-0.11778933317978865,0.0,-0.12269999999999999,-11.357694941622917,0.014405175589913331
2022-11-16,0.0029512321746385634,-0.1145001843770146,0.0,-0.12054999999999999,-8.796890821998694,-0.02505517346068958
2022-11-17,0.0013143605873198719,-0.11303725208066097,0.0,-0.11964999999999999,-8.192353564082246,-0.011479113282403796
2022-11-18,0.0011279356643352772,-0.11178323212214046,0.0,-0.11560000000000001,-8.68406509226093,-0.009978442005387802
2022-11-21,0.0031248186128534474,-0.10831993336536389,0.0,-0.1118,-9.636620098313813,-0.027954269647876166
2022-11-22,0.003785548406902141,-0.10414015735170448,0.0,-0.10644999999999999,-11.061389793826578,-0.03494784652547246
2022-11-23,0.0023582918594398086,-0.10154239887959893,0.0,-0.10175000000000001,-8.748373951972745,-0.022645364856472536
2022-11-24,-5.132880056020055e-05,-0.20420000000000002,0.10265760112040109,-0.20420000000000002,8.32713190589765,0.0
2022-11-25,-0.0010495472205501095,-0.20546519264240773,0.0,-0.205,9.178041004894363,0.005139800296523552
2022-11-28,-0.007702745714483744,-0.21482266270138858,0.0,-0.22210000000000002,8.728779526293685,0.037489297410533313
2022-11-29,0.0032973137541935688,-0.21083017570903057,0.0,-0.2189,9.217444271460165,-0.015349003278936898
2022-11-30,0.007711381824474893,-0.2015644534219772,0.0,-0.20579999999999998,0.6643740296066234,-0.03657627186687673
2022-12-01,0.003993826367369145,-0.1967847031185981,0.0,-0.1984,0.09286798270972696,-0.019814140338564705
2022-12-02,0.0035051394756504544,-0.0953,0.09724667509165649,-0.0953,-0.7978332706933955,-0.018059141573898162
2022-12-05,-0.0019171904196682431,-0.0974039323055224,0.0,-0.10375,-1.562481161308181,0.02011742308151357
2022-12-06,-0.0026499137020547982,-0.10031968451415707,0.0,-0.11085,-0.29359653177438716,0.02720540782422353
2022-12-07,-0.0016550051722739783,-0.2268,0.12472510403581609,-0.2268,0.6331760896685275,0.015875674130846347
2022-12-08,0.0044879907416790175,-0.11145,0.10980198445480349,-0.11145,-0.32307282059504416,-0.020030386833802555
2022-12-09,-0.002583504104394662,-0.22829999999999998,0.11403482386060736,-0.22829999999999998,0.035618517413620765,0.022669239053067374
2022-12-12,0.0010089492884287794,-0.25,0.02295211076424583,-0.25,2.2459871842525096,-0.004469668610647843
2022-12-13,0.011282463309248909,-0.11275,0.12322895854923914,-0.11275,-0.38670125001008415,-0.045376311154094115
2022-12-14,0.003908603023650385,-0.2114,0.10303924452758885,-0.2114,5.096822440445052,-0.03512303898815236
2022-12-15,-0.013710221191737714,-0.2282394343209551,0.0,-0.22829999999999998,3.275116608127931,0.06485440488050007
2022-12-16,-0.000697913836444019,-0.2290972382898927,0.0,-0.2262,2.8269478454885437,0.0030578144329896904
2022-12-19,0.005802183690647504,-0.22200692961303375,0.0,-0.2242,3.7723836483014637,-0.02532629259941404
2022-12-20,0.001210613281980295,-0.22052934058227822,0.0,-0.2148,3.5135434751043384,-0.005453042768036288
2022-12-21,0.008597629927892057,-0.10035,0.10970932095668653,-0.10035,-0.02919838081563242,-0.039235072147427975
2022-12-22,-0.005474237722500704,-0.21969999999999998,0.11335631720028744,-0.21969999999999998,1.6064883422986256,0.05398664239063837
2022-12-23,0.005542242482197332,-0.21297738520576792,0.0,-0.2087,0.15734908591397456,-0.02522641093398877
2022-12-27,0.0015064442256008963,-0.21115285098707837,0.0,-0.2165,3.108712100860796,-0.007073259088731165
2022-12-28,-0.000649828676695273,-0.2119404046164438,0.0,-0.2214,4.382872524652676,0.00307752736303352
2022-12-29,0.0028582460051663028,-0.20848625360976533,0.0,-0.2144,0.004291950673977141,-0.013486083554190498
2022-12-30,0.0005976158576784746,-0.20776447440751872,0.0,-0.2167,3.6780953518214154,-0.0028664520913549707
2023-01-03,0.0016219307509813456,-0.22899999999999998,0.023205231580173485,-0.22899999999999998,5.7604625781218814,-0.007862428701681431
2023-01-04,0.006564975983251181,-0.220984267607231,0.0,-0.22010000000000002,5.0302379610415,-0.02866801739410996
2023-01-05,-0.0020389998250033895,-0.223478940953731,0.0,-0.22460000000000002,4.374955634707934,0.00922690039015551
2023-01-06,0.005049409323598806,-0.21733213273279361,0.0,-0.2113,0.85596747818472,-0.022594564400787248
2023-01-09,-0.000981656615351202,-0.21852830910842264,0.0,-0.21969999999999998,3.405004745249851,0.0045168498694030355
2023-01-10,0.0095460954544296,-0.20700611353454185,0.0,-0.20579999999999998,1.9315598779568184,-0.04368356435546899
2023-01-11,-0.001307146152665508,-0.20858591195952547,0.0,-0.2109,2.0774760481743932,0.006314529220159445
2023-01-12,0.011128842771706494,-0.1952837866305442,0.0,-0.1883,2.0561591181213608,-0.05335376041055909
2023-01-13,0.004440953397054019,-0.18999905627907057,0.0,-0.18350000000000002,3.1419604915641433,-0.022741024606696216
2023-01-16,-0.0,-0.18999905627907057,0.0,-0.1949,4.543633563016202,0.0
2023-01-17,-0.0013640861366882367,-0.19162453478711128,0.0,-0.1936,4.742637143542391,0.0071794363793295235
2023-01-18,-0.006325769625784179,-0.1992104639146652,0.0,-0.2034,2.754490189803736,0.03301127192721906
2023-01-19,-0.000530005614683009,-0.19984638923771836,0.0,-0.2052,3.715582575696942,0.002660530999566593
2023-01-20,0.006004758461937929,-0.19268460625588027,0.0,-0.1985,4.431362527060779,-0.030046869922654627
2023-01-23,0.002880089303161806,-0.18925943288454522,0.0,-0.1981,3.7097161290090597,-0.014947168635449376
2023-01-24,0.007333836216987237,-0.1806010977957161,0.0,-0.192,3.1114126424807935,-0.03875017538207002
2023-01-25,-0.00014906298850536468,-0.18077710796018734,0.0,-0.19079999999999997,4.015712203993079,0.000825371441949787
2023-01-26,0.002425908699643681,-0.17791958259728394,0.0,-0.1873,2.907113500787071,-0.0134193357058126
2023-01-27,0.0031788780354396863,-0.17418698537996044,0.0,-0.18510000000000001,2.7201163675440725,-0.01786693734907747
2023-01-30,-0.005469054019688734,-0.18064399114555643,0.0,-0.19940000000000002,2.5658647114529742,0.03139760417667765
2023-01-31,0.004173386557734395,-0.1757371853806603,0.0,-0.19399999999999998,0.7330526538631119,-0.023102825238020958
2023-02-01,0.005833598783881216,-0.16891818567425435,0.0,-0.1787,1.815303307670721,-0.03319501658823766
2023-02-02,-0.0041035425571803565,-0.17373465578510597,0.0,-0.1873,3.586844227731488,0.024293077390102454
2023-02-03,-0.0011111112616629575,-0.17504025624672906,0.0,-0.1833,2.348313684532643,0.006395449754350114
2023-02-06,-0.004462316121882995,-0.18030715991519256,0.0,-0.1943,3.359437090397634,0.025493084948373875
2023-02-07,0.005847437516355609,-0.17344551061303484,0.0,-0.1866,1.8716599425238023,-0.03243042327939695
2023-02-08,-0.00703390691455094,-0.1817578855757109,0.0,-0.1963,1.3172099938685946,0.040553986607609116
2023-02-09,-0.005794784016403966,-0.1886458314409099,0.0,-0.2071,2.2595351250078792,0.03188188505851736
2023-02-10,-0.0020517157051976476,-0.19108960869737202,0.0,-0.2053,2.0786164835161927,0.010876019308384837
2023-02-13,0.0072648126067310775,-0.2034,0.02091330043472564,-0.2034,2.7408581410962682,-0.038072553010824677
2023-02-14,0.008342916031257398,-0.19344320356458583,0.0,-0.1891,2.512344031009306,-0.04101728628936774
2023-02-15,0.0033635063392040204,-0.1894425061550147,0.0,-0.18230000000000002,2.574215469295762,-0.017387565327830347
2023-02-16,-0.010469631180512327,-0.20202728853488622,0.0,-0.20170000000000002,5.026768198599019,0.05526548076779223
2023-02-17,-0.000820842044957739,-0.20301477364179668,0.0,-0.2002,5.640621670891964,0.004063025598722498
2023-02-20,-0.0,-0.20301477364179668,0.0,-0.21230000000000002,7.109627155427116,0.0
2023-02-21,-0.015479917561541937,-0.2219301516553845,0.0,-0.22870000000000001,7.95645935763846,0.07625020230722229
2023-02-22,0.006424414249757961,-0.21413007708708648,0.0,-0.2229,7.87407978012881,-0.028947910871226997
2023-02-23,0.007521060867482076,-0.20506669710875594,0.0,-0.2114,6.568088321963822,-0.035123794703643005
2023-02-24,-0.007588937314262637,-0.2142818056134057,0.0,-0.2167,6.613251523141921,0.03700716606479446
2023-02-27,0.007626688004148347,-0.20509095289902302,0.0,-0.2095,7.679581356578247,-0.035591859898305864
2023-02-28,0.005097543274588483,-0.19897910502582647,0.0,-0.207,7.551051120586742,-0.024855037253146268
2023-03-01,-0.0025561357330145815,-0.20205171236072308,0.0,-0.20579999999999998,8.06019716155678,0.012846252035774351
2023-03-02,0.007715760705144032,-0.19284798276807089,0.0,-0.1959,6.762516910133812,-0.03818705921862755
2023-03-03,0.005867107320212401,-0.185890237474814,0.0,-0.18489999999999998,2.621136994745793,-0.030423482973469793
2023-03-06,0.002904782567210534,-0.1824554614638509,0.0,-0.1861,2.728635442892136,-0.01562633200468152
2023-03-07,-0.004446024991188939,-0.18773616614145472,0.0,-0.1959,5.22332954803116,0.024367727638943876
2023-03-08,0.0036241690568177736,-0.1834471535870455,0.0,-0.1911,4.734803811352393,-0.019304586491273337
2023-03-09,-0.020021896245969957,-0.20762611843425968,0.0,-0.2261,5.877554280706544,0.10914258332424649
2023-03-10,-0.022144940367569817,-0.23497455633987216,0.0,-0.248,7.444333286101735,0.10665777761761477
2023-03-13,-0.008506833563477869,-0.24557041656518402,0.0,-0.2652,9.4671364660061,0.036203211513562365
2023-03-14,0.015779595599069506,-0.2262211428165106,0.0,-0.2373,4.053354156418418,-0.06425690773253619
2023-03-15,-0.01895918638059191,-0.24991858217656124,0.0,-0.2614,6.331485957117263,0.08380819822827006
2023-03-16,0.023358769907934385,-0.22138845039556276,0.0,-0.2299,1.3984932645444061,-0.09346551866812368
2023-03-17,-0.024524743344773562,-0.2520957779939387,0.0,-0.2551,5.371330163903771,0.11077697730371351
2023-03-20,0.011942286805768854,-0.23731935538164206,0.0,-0.2415,3.062745333835359,-0.047372022255985545
2023-03-21,0.021027971312266306,-0.2118368841466599,0.0,-0.2138,0.4050548170145305,-0.08860622126016837
2023-03-22,-0.006248633060748603,-0.11130000000000001,0.10809050570637199,-0.11130000000000001,-0.4838616029707019,0.029242253221619097
2023-03-23,-0.0034825819533299152,-0.2261,0.11097837474492558,-0.2261,1.9636988638646216,0.030791489361702177
2023-03-24,0.009097039922331575,-0.21504667191806523,0.0,-0.21739999999999998,2.8325841860482264,-0.040234586122651815
2023-03-27,0.008735050495155708,-0.20452508448242948,0.0,-0.20600000000000002,1.8350784299441685,-0.040619324248290824
2023-03-28,0.004924446299463934,-0.19862253218933562,0.0,-0.1997,2.597280195846796,-0.024077468599637653
2023-03-29,0.006574817642030257,-0.1907932835009624,0.0,-0.1912,1.1925967595014342,-0.033102073413115364
2023-03-30,0.0006604870130168911,-0.19000729913448874,0.0,-0.1902,2.7759314645169972,-0.0034617938372739393
2023-03-31,0.0004738036171766221,-0.1894437363897592,0.0,-0.187,3.5684474766811043,-0.0024936074526340168
2023-04-03,0.005015077241373273,-0.18350835059571144,0.0,-0.1855,3.645292485081617,-0.026472647430555923
2023-04-04,-0.003663240728140357,-0.1878597668730401,0.0,-0.19,4.235643932588484,0.01996225630195363
2023-04-05,0.0014917391956488376,-0.18609042929008413,0.0,-0.19079999999999997,8.457150048570277,-0.007940706094120668
2023-04-06,0.0034351624249217504,-0.18202996437134408,0.0,-0.184,7.7979948051507115,-0.01845964049858202
2023-04-10,0.002017031653236447,-0.17965057182820812,0.0,-0.18969999999999998,8.375222992803915,-0.011080767170407558
2023-04-11,0.001516625587947957,-0.17786419285419777,0.0,-0.191,8.407539606989664,-0.00844208605914285
2023-04-12,-0.0009821518895455478,-0.1790221717079568,0.0,-0.1909,8.095977699581255,0.005521920257163037
2023-04-13,0.006675254100018241,-0.17120408682541732,0.0,-0.17800000000000002,7.1574192823694744,-0.037287303781052016
2023-04-14,0.0030141499791157835,-0.16768451058223205,0.0,-0.1707,6.237307293146511,-0.017605595958637456
2023-04-17,0.0049088541506827526,-0.16198051769493277,0.0,-0.16949999999999998,8.289597191688676,-0.029274344622757884
2023-04-18,0.001313826276798649,-0.1604558802663733,0.0,-0.16829999999999998,8.300267940296692,-0.008111014185502566
2023-04-19,0.0004740056678664859,-0.15990607821110844,0.0,-0.1646,8.655204973537842,-0.0029541183974036204
2023-04-20,-0.00360105385735736,-0.16409805801325927,0.0,-0.17170000000000002,8.848897025278237,0.022519805986381824
2023-04-21,0.003423750390318622,-0.16012607590805028,0.0,-0.1677,8.601419064656277,-0.020864051846621975
2023-04-24,0.0006667273917950357,-0.15935310343722608,0.0,-0.1689,8.721254208697918,-0.004163765258182513
2023-04-25,-0.0133841176673678,-0.17508051937720223,0.0,-0.18760000000000002,7.0674345850143965,0.08399031696700028
2023-04-26,0.004665867801056321,-0.16962321209253162,0.0,-0.1884,7.134915414653797,-0.026649839843140642
2023-04-27,0.007331935279231953,-0.1611100285114187,0.0,-0.1703,2.8657276323236083,-0.043224834554083845
2023-04-28,0.006880406679270412,-0.15317571064949353,0.0,-0.1578,1.037608454896601,-0.04270625946033373
2023-05-01,0.0027374883035686153,-0.1500275237544338,0.0,-0.16079999999999997,1.393806535907018,-0.017871556083932337
2023-05-02,-0.007550801745815999,-0.15877722081638596,0.0,-0.1778,1.9763994745733626,0.05032944327052421
2023-05-03,-0.004516472799437007,-0.16403455120450597,0.0,-0.1834,2.2531411262258807,0.02844534484364084
2023-05-04,-0.00844831778400567,-0.2009,0.02696348678443125,-0.2009,3.8693662293590947,0.051421093779794806
2023-05-05,0.015576262936631082,-0.08595000000000001,0.09647519687868818,-0.08595000000000001,-1.9417415196320356,-0.07777252630697076
2023-05-08,0.0014860701108809142,-0.0843385968211895,0.0,-0.0849,-2.1457822016080925,-0.017289937299370728
2023-05-09,-0.0016956960317720659,-0.1771,0.09096905740349716,-0.1771,0.49545725518518324,0.01956650413059413
2023-05-10,0.004853410280348721,-0.08470000000000001,0.08666413165373991,-0.08470000000000001,-0.06059046036369509,-0.027649589758190797
2023-05-11,0.0009379920279480811,-0.1693,0.0856628567282521,-0.1693,3.0874328702221447,-0.011579969968266908
2023-05-12,-8.053194278380618e-05,-0.16939417358467881,0.0,-0.1703,4.037766153593125,0.0004756759762776502
2023-05-15,0.004386865678723071,-0.16428660463859274,0.0,-0.17120000000000002,3.9354761641531972,-0.02589738233546806
2023-05-16,-0.004712166577603444,-0.1697988918794245,0.0,-0.17989999999999998,5.667513826200453,0.028682597634600477
2023-05-17,0.005684804109919313,-0.1631864050235444,0.0,-0.16870000000000002,3.791690936985228,-0.03347963020840051
2023-05-18,0.006812806799821864,-0.15531546397463863,0.0,-0.1605,3.461931185215544,-0.04174861747116078
2023-05-19,-0.004064008709358556,-0.16002983532852955,0.0,-0.1681,7.293426200777455,0.0261661563205462
2023-05-22,-0.0001331872256153822,-0.1601843570642493,0.0,-0.1721,7.698066141801796,0.0008322649669791795
2023-05-23,-0.0028618529960256133,-0.18530000000000002,0.021798554161740535,-0.18530000000000002,7.363641654751701,0.01779795337818934
2023-05-24,-0.008108679896207484,-0.1949897896837821,0.0,-0.2003,8.430088813242204,0.04375974040047211
2023-05-25,0.0049196065669921095,-0.18913969025453495,0.0,-0.19140000000000001,6.729372181124054,-0.025230072687243317
2023-05-26,0.007508084923048496,-0.18027806232975205,0.0,-0.1795,4.17608839858929,-0.039695977681598625
2023-05-29,-0.0,-0.18027806232975205,0.0,-0.1746,3.6744582016852974,0.0
2023-05-30,0.005003418842429469,-0.17440203704899357,0.0,-0.1746,4.445227691338374,-0.02775389738368479
2023-05-31,0.001235797840362595,-0.17295250487661915,0.0,-0.1794,5.611520643578302,-0.007085914025278447
2023-06-01,0.009912267908195714,-0.16144000043303197,0.0,-0.1565,3.348361864291425,-0.05731208065050534
2023-06-02,0.0061583574787987,-0.15433121615501297,0.0,-0.146,0.5833018105988721,-0.03814641639172499
2023-06-05,0.003748678448488925,-0.15002016036452667,0.0,-0.14730000000000001,0.580613652124411,-0.02428982639988845
2023-06-06,0.008791125291182457,-0.1399982925430467,0.0,-0.1396,1.8682109128333142,-0.058599626009073244
2023-06-07,-0.0007077795816431916,-0.14080573154645679,0.0,-0.1394,2.654081452323105,0.005055630099385415
2023-06-08,0.0037422025341058403,-0.13655252181916075,0.0,-0.1365,2.610626068938103,-0.026577061125321846
2023-06-09,-0.0011078037525770505,-0.13781299532511285,0.0,-0.1383,4.137751921971033,0.00811265685773374
2023-06-12,-0.0007267402747033395,-0.1386404912284966,0.0,-0.1501,4.8725069781872,0.005273379865149117
2023-06-13,0.0005057487761020295,-0.1380649162899583,0.0,-0.1461,4.4854373091867625,-0.0036479153501302397
2023-06-14,0.004304926958736565,-0.1331866306145459,0.0,-0.1388,5.0247722786630575,-0.031180455356924514
2023-06-15,-0.003729104908363804,-0.13742821977180844,0.0,-0.145,5.089026107134233,0.02799909338615352
2023-06-16,0.005196468523613707,-0.13154816534762664,0.0,-0.1354,5.01302567052079,-0.0378122377794178
2023-06-19,-0.0,-0.13154816534762664,0.0,-0.1419,5.925244882664261,0.0
2023-06-20,-2.6858837916129527e-05,-0.13157855823271158,0.0,-0.1388,4.5867547019266635,0.000204174933532162
2023-06-21,0.002845461088917756,-0.12836783147426506,0.0,-0.132,3.5757179317792556,-0.021625568231909306
2023-06-22,0.0031744835510756687,-0.12479718132385621,0.0,-0.1291,3.4729661555295017,-0.024729587737190084
2023-06-23,-0.001400613677689361,-0.12637479727111872,0.0,-0.1344,2.8250357899776564,0.011223119487408005
2023-06-26,-9.064785754731338e-05,-0.1264769099895858,0.0,-0.1425,4.350680904629142,0.0007172937919958962
2023-06-27,0.003383405161177859,-0.12267843398170901,0.0,-0.1374,2.816184286126461,-0.026751168742630185
2023-06-28,0.004336398377100545,-0.11783107313031416,0.0,-0.1343,2.5167849674187703,-0.035347682851470774
2023-06-29,-0.0025573485451227456,-0.12069708619321368,0.0,-0.1354,4.6287851014875905,0.02170351569568131
2023-06-30,0.0023735587071376245,-0.11804334467749714,0.0,-0.1359,2.9091591600988576,-0.0196654184620331
2023-07-03,0.0007064050882166543,-0.11725411068887555,0.0,-0.13570000000000002,2.9002774002568845,-0.005984285604127903
2023-07-04,-0.0,-0.11725411068887555,0.0,-0.13699999999999998,3.568681248171318,0.0
2023-07-05,-0.002101884773781674,-0.1418,0.022205060090584747,-0.1418,4.565128713160879,0.017831206355605787
2023-07-06,-0.007379455675585419,-0.15028850302218774,0.0,-0.15439999999999998,4.745604325004335,0.052041295314424675
2023-07-07,0.003203443525772659,-0.14661538538931104,0.0,-0.1483,4.963052862399737,-0.021315293328191053
2023-07-10,0.0010012490068699593,-0.14546848620509734,0.0,-0.1507,5.654913349476745,-0.006829085530221272
2023-07-11,0.0014005082752454293,-0.14386649171767077,0.0,-0.1484,6.434246697116961,-0.009627571660234643
2023-07-12,0.008348721905297294,-0.13439573717742176,0.0,-0.1354,4.539199407207933,-0.05803103839969319
2023-07-13,-0.0008895885957228669,-0.13540578121190566,0.0,-0.1361,4.17947877024285,0.006619172708941517
2023-07-14,0.001950528184190326,-0.13319545154546994,0.0,-0.1334,5.351684584798492,-0.014405058386228077
2023-07-17,0.0001740711027103443,-0.13299822929432784,0.0,-0.1348,5.423720450850892,-0.00130688473735847
2023-07-18,0.001966309677535274,-0.1307747759093445,0.0,-0.133,4.802631235724995,-0.014784480124045785
2023-07-19,-0.0028492959944616866,-0.13400589436184565,0.0,-0.1376,5.529647095632969,0.021787810184716903
2023-07-20,0.000497098256356416,-0.13344246209026028,0.0,-0.1399,6.176884893133478,-0.003709525306507342
2023-07-21,0.0019765996531056064,-0.13120651967587815,0.0,-0.136,6.1776937476780684,-0.014812373978596388
2023-07-24,0.0020325269503989165,-0.12891197566071966,0.0,-0.1391,6.463824692927178,-0.015491051476861858
2023-07-25,0.00012616150582410543,-0.12876956839224288,0.0,-0.1386,6.6166865332862255,-0.0009786639695612677
2023-07-26,0.003606505079189521,-0.12471328422007125,0.0,-0.1319,6.449000954947424,-0.02800743315535395
2023-07-27,-0.0060595833558374805,-0.1315701277320392,0.0,-0.1441,7.238654939977051,0.04858811468026641
2023-07-28,0.005059350402760355,-0.12587393697554458,0.0,-0.1333,4.8873428956859115,-0.03845364057914745
2023-07-31,0.0012150620589028425,-0.12450759046741935,0.0,-0.1363,5.242989820237817,-0.009653007509719116
2023-08-01,-0.001738331494681575,-0.1264657613781034,0.0,-0.1393,5.986085115950278,0.013961650756838433
2023-08-02,-0.011517450015728492,-0.1609,0.021321347124427736,-0.1609,5.4475499189407195,0.09098738833954938
2023-08-03,0.00028156145890163566,-0.1605732273089567,0.0,-0.1592,5.665346626437671,-0.0017499158415266356
2023-08-04,-0.005666555303360546,-0.16718715788850413,0.0,-0.171,6.684460596670595,0.035289539846250995
2023-08-07,0.008661737179979995,-0.1571641065236896,0.0,-0.1577,4.5218072954482835,-0.051808627465014044
2023-08-08,-0.0025918259323863685,-0.16017106798369413,0.0,-0.15990000000000001,4.79357980554329,0.016491207755478816
2023-08-09,0.0012887547959340117,-0.15867781639087805,0.0,-0.15960000000000002,4.515331798100689,-0.008046114770647659
2023-08-10,7.117718151382291e-06,-0.15866956930745316,0.0,-0.1585,4.637634305587438,-4.485641605912261e-05
2023-08-11,0.00594275169610847,-0.1518245619383745,0.0,-0.1484,5.48112918022086,-0.03745363223740295
2023-08-14,0.0027864070273246324,-0.1486240278753487,0.0,-0.1482,4.832099579831503,-0.018352807949846964
2023-08-15,-0.008599137456546318,-0.15858687567462534,0.0,-0.1646,5.3748323034961025,0.0578583260020273
2023-08-16,-0.002748565683863977,-0.1617801046023312,0.0,-0.1678,7.105684404978593,0.01733160876126498
2023-08-17,-0.007571737870716152,-0.1706439134549615,0.0,-0.1789,7.855476747459479,0.046802651595065456
2023-08-18,0.0036257925152273426,-0.16641473563683853,0.0,-0.17300000000000001,7.189951982948907,-0.021247710755205505
2023-08-21,0.005268724605361693,-0.16030142695898342,0.0,-0.17129999999999998,7.658099804509826,-0.03166020476010886
2023-08-22,-0.0006089583142258254,-0.16100843269696052,0.0,-0.1697,7.550347392518791,0.0037988327725968435
2023-08-23,0.005261400363400091,-0.15493187371688416,0.0,-0.1598,4.767153053209208,-0.03267779379793574
2023-08-24,-0.006110769112974925,-0.1620327877847433,0.0,-0.172,4.195414950184082,0.03944165242680458
2023-08-25,0.007105803151525872,-0.15383387142483543,0.0,-0.1568,1.8993944379730188,-0.043854106620480796
2023-08-28,0.0061884390207888424,-0.14673735721683848,0.0,-0.1508,1.1807794762138624,-0.04022806527242973
2023-08-29,0.003967550222830234,-0.07225,0.06991582919121093,-0.07225,-0.09847189710792925,-0.02727668136690785
2023-08-30,0.002448105730461435,-0.1388,0.06920549135264921,-0.1388,0.15456917981855334,-0.03436274707457107
2023-08-31,0.0025049135101670853,-0.13595453214549322,0.0,-0.13570000000000002,0.8131250753603183,-0.018046927306679287
2023-09-01,0.0018302511117480058,-0.13387924839053844,0.0,-0.1309,0.39713076532332003,-0.013462229488527405
2023-09-04,-0.0,-0.13387924839053844,0.0,-0.1382,1.1607923788730812,0.0
2023-09-05,-0.0008305269481992896,-0.13482174843401554,0.0,-0.1401,1.1339904343946774,0.006203552516044637
2023-09-06,-0.0027874805504742614,-0.13799388425292924,0.0,-0.1445,1.7966878094534344,0.02067530337539355
2023-09-07,0.000456728250544084,-0.137474367574988,0.0,-0.14400000000000002,4.340338329537055,-0.0033097716831199993
2023-09-08,0.002711760302326634,-0.13439815170017477,0.0,-0.1384,4.210774330709501,-0.019725570302023415
2023-09-11,0.002934340841042508,-0.13107917986823453,0.0,-0.138,4.135403780872565,-0.021833193417634567
2023-09-12,-0.000431033202047384,-0.1315669227822923,0.0,-0.1423,7.400047730095017,0.0032883422255210477
2023-09-13,0.0025475864046828056,-0.12869148370332842,0.0,-0.1348,7.086419565271601,-0.019363426238207096
2023-09-14,0.003925620322493432,-0.12427799515740635,0.0,-0.1282,4.828347110223529,-0.03050411891701503
2023-09-15,-0.004910264853675221,-0.12982573877328243,0.0,-0.1379,3.879219982238464,0.03951033203791261
2023-09-18,0.0008188045414320236,-0.12890138918898555,0.0,-0.14,4.062058864028446,-0.006306950756982944
2023-09-19,0.0008594508767411241,-0.1279319870538078,0.0,-0.1411,4.298986199844451,-0.006667506705308363
2023-09-20,-0.004694798124489843,-0.1332523781935244,0.0,-0.1514,4.864715550217113,0.036697609664385386
2023-09-21,-0.010862382761331184,-0.1754,0.029719829987671198,-0.1754,4.723807795177169,0.08140584801108264
2023-09-22,-0.00010027020571971949,-0.17551786941859382,0.0,-0.172,4.590834647595116,0.000571665939109005
2023-09-25,-0.00015027480567538366,-0.175694546688131,0.0,-0.16899999999999998,4.750690018877615,0.0008561795227641022
2023-09-26,-0.016153948696811422,-0.1949984910045861,0.0,-0.1894,5.51505031923522,0.0919433699071247
2023-09-27,0.00811576662390391,-0.1853782378650191,0.0,-0.1822,4.875945504135311,-0.041619638091009825
2023-09-28,0.00901690565134696,-0.17478530956805552,0.0,-0.1734,4.705258044587021,-0.048640583464346604
2023-09-29,-0.003603479977933773,-0.17903393474521434,0.0,-0.1752,5.573325743926807,0.020616606663563446
2023-10-02,-0.0004867730898464259,-0.1796081362425011,0.0,-0.1761,5.750387053940576,0.002718887291055516
2023-10-03,-0.01703250944061193,-0.20004796452750295,0.0,-0.1978,7.03258177973972,0.09483150260863007
2023-10-04,0.010423331383987895,-0.1876685021552146,0.0,-0.1858,4.766997834051763,-0.05210416116258397
2023-10-05,0.0023989924041613454,-0.18482611330913398,0.0,-0.18489999999999998,6.828947610147971,-0.012783138228370447
2023-10-06,0.0025522622063567342,-0.1818098247583023,0.0,-0.1745,3.997092946987147,-0.013808991384717948
2023-10-09,0.0026825598187394163,-0.1786480309101464,0.0,-0.177,4.003911768407576,-0.014754757188208104
2023-10-10,0.006212731825565499,-0.1713706193835697,0.0,-0.1703,5.93397350475688,-0.034776380091702676
2023-10-11,0.003243712161523758,-0.16758331518451347,0.0,-0.1609,4.991575210429248,-0.01892805297192473
2023-10-12,-0.003977962601844653,-0.1722464677935407,0.0,-0.16690000000000002,5.017802560733591,0.023737223466815987
2023-10-13,-0.021553749976973874,-0.19806935512906693,0.0,-0.1932,7.357723599673731,0.125133189975244
2023-10-16,0.019649757636771317,-0.17498125817811827,0.0,-0.1721,4.371514081702989,-0.09920645030609124
2023-10-17,-0.004705461028712798,-0.1805362253796258,0.0,-0.1788,8.167739313991264,0.026891228681891054
2023-10-18,-0.011069004343137318,-0.19374984762763559,0.0,-0.19219999999999998,6.713865277094527,0.061311818832269084
2023-10-19,-0.009473590145116307,-0.20516710685434925,0.0,-0.214,7.8999970837941405,0.048895987589747336
2023-10-20,-0.001688236357293672,-0.20720515448686627,0.0,-0.21710000000000002,8.470177905832765,0.008228591723000571
2023-10-23,0.007173257970846642,-0.19860723558032525,0.0,-0.20370000000000002,7.959835711949729,-0.034619109686778185
2023-10-24,0.008863079627251103,-0.18807721264136232,0.0,-0.18969999999999998,6.0944916645772995,-0.04462616682294284
2023-10-25,-0.011695656605714037,-0.20213699411758687,0.0,-0.20190000000000002,6.651266407108935,0.06218539950406466
2023-10-26,-0.0021140899098666525,-0.20468380399218652,0.0,-0.20679999999999998,6.618065169493288,0.010458698661744455
2023-10-27,-0.006659282183666632,-0.21275991448377338,0.0,-0.2127,7.2066071849518565,0.03253448516093066
2023-10-30,0.015702263566143702,-0.1940112353651332,0.0,-0.1975,5.235058262479532,-0.07380273490071021
2023-10-31,0.013046871890367049,-0.1786337517997393,0.0,-0.1814,2.730658173160606,-0.0672480223416575
2023-11-01,0.0077168959491242,-0.1696080084969063,0.0,-0.16870000000000002,0.7815963733564502,-0.043199540240163405
2023-11-02,0.005993225109584806,-0.0783,0.0842913387034508,-0.0783,-2.918087621197113,-0.03558423232737043
2023-11-03,0.001773224026186155,-0.07639131705501988,0.0,-0.07455,-2.4242912127283986,-0.022646539287179503
2023-11-06,0.0025544972400480806,-0.07364868445380139,0.0,-0.07445,-2.2390233532923425,-0.03343962820026046
2023-11-07,0.0004082332448562569,-0.07321056422275472,0.0,-0.07405,-2.179532972014316,-0.005542980813354988
2023-11-08,0.0013869518472806393,-0.1445,0.07281482879128633,-0.1445,0.37314771214275844,-0.019441992788711296
2023-11-09,-0.005947713973560924,-0.1513478879214201,0.0,-0.15289999999999998,2.496966897747326,0.04116065033606176
2023-11-10,0.006636707153638021,-0.14375710694771587,0.0,-0.1417,1.6192337257355671,-0.04385067571662317
2023-11-13,0.0012902197885612853,-0.14228331041647324,0.0,-0.1476,1.941229129131857,-0.008974998286731905
2023-11-14,0.001291466119710546,-0.0708,0.0699701345174834,-0.0708,-0.37468064734167505,-0.009322605603472901
2023-11-15,0.0016948296218200504,-0.06898824705351622,0.0,-0.0709,-0.4023743357517908,-0.02393827149463348
2023-11-16,0.0008828031950336441,-0.1432,0.07519474558908708,-0.1432,1.511881814844429,-0.01334141114086006
2023-11-17,0.0022614888556816,-0.14062049945192748,0.0,-0.138,1.1859257939747145,-0.015792519941910617
2023-11-20,0.0011565704312833185,-0.13930281550323861,0.0,-0.1341,0.6698582951284617,-0.008224764069186824
2023-11-21,0.0029970440715543,-0.13589847770474606,0.0,-0.1335,0.2153906647877104,-0.021514597969375736
2023-11-22,-0.001230548405731605,-0.06425,0.0730064132651499,-0.06425,-0.17958663694156307,0.008786302976058499
2023-11-23,-3.1875e-05,-0.128,0.06375,-0.128,1.2469221298073982,0.0
2023-11-24,0.005938700506578532,-0.12134069345572736,0.0,-0.1246,2.489482229246173,-0.04639609770764478
2023-11-27,-0.0009143658722628274,-0.1223669474886668,0.0,-0.12689999999999999,2.60967281246964,0.0075355253561035975
2023-11-28,0.0015345626452192515,-0.12064724408941929,0.0,-0.12689999999999999,8.197426510244972,-0.012540662954441822
2023-11-29,-0.002044675137303027,-0.12294329833212003,0.0,-0.1298,8.395401722337207,0.016947549467334615
2023-11-30,0.002151444747221963,-0.12053253449668583,0.0,-0.1292,8.11684210396601,-0.017499487783466102
2023-12-01,0.0004921232613032994,-0.11998136561444073,0.0,-0.1263,7.314825790676722,-0.004082908099114359
2023-12-04,-0.0005971008756566331,-0.12065050701348352,0.0,-0.1308,7.790900192728153,0.004976613431584139
2023-12-05,0.001104720039679211,-0.11941386808071994,0.0,-0.1285,7.756129776482505,-0.009156364668701733
2023-12-06,-0.0009490331967008542,-0.12047723817589656,0.0,-0.1297,7.6942380861214374,0.007947428652586132
2023-12-07,5.4737205123188306e-05,-0.12041590974042181,0.0,-0.1306,6.523265053804519,-0.00045433648672516945
2023-12-08,0.003686879841148096,-0.11630024487093847,0.0,-0.1235,5.57125319185575,-0.03061787972283588
2023-12-11,0.002495201084522104,-0.11352178410759423,0.0,-0.1263,5.926760078287997,-0.02145482227738296
2023-12-12,0.003474376670874791,-0.10966638510672547,0.0,-0.1207,5.226053858677241,-0.03060537409790732
2023-12-13,0.0015020201962605106,-0.10800214350967399,0.0,-0.1219,3.3704484549613536,-0.013696267956664844
2023-12-14,0.00020632858693136536,-0.10777357815265384,0.0,-0.12480000000000001,3.664019250186529,-0.0019104119624522456
2023-12-15,-0.003294212231205399,-0.11143488053028501,0.0,-0.12279999999999999,3.2575513261609075,0.03056604677761904
2023-12-18,-6.655392391001235e-05,-0.11150885580609964,0.0,-0.12560000000000002,4.607393257655353,0.000597244988223636
2023-12-19,-0.0017537352274944473,-0.11346157259041281,0.0,-0.1253,4.821137294471797,0.01572731793198542
2023-12-20,-0.00672070792509601,-0.1209954556330827,0.0,-0.1367,2.2755272692246464,0.05923334016669438
2023-12-21,0.0027917729654617753,-0.11787460353615416,0.0,-0.1365,2.0256084329117687,-0.02307337040762749
2023-12-22,0.002996900741608833,-0.1145344544032046,0.0,-0.1303,1.3904486239291138,-0.02542448204875304
2023-12-26,0.0032059410760475852,-0.11097274125763755,0.0,-0.12990000000000002,1.3446496675061503,-0.027991062538801292
2023-12-27,0.004515819684819341,-0.10597834248764795,0.0,-0.1243,0.7831489575153796,-0.04069305338988863
2023-12-28,0.00015515931609044495,-0.10580676626606592,0.0,-0.1247,2.445917978852659,-0.0014640662653176441
2023-12-29,-0.00034141243836459915,-0.10618443139006777,0.0,-0.1245,2.211875752627659,0.0032267543032746112
2024-01-02,-1.5842284250173714e-05,-0.132,0.02581232070585221,-0.132,2.482176108238356,2.7651171257505515e-05
2024-01-03,-0.004824350773763408,-0.1374876393731562,0.0,-0.1404,2.861203243644482,0.03654811192245006
2024-01-04,0.0002603486394181327,-0.13719157309434332,0.0,-0.1413,3.5616070529480446,-0.0018936148777092502
2024-01-05,0.004372851072626482,-0.13224045420968142,0.0,-0.1335,5.25912146004452,-0.03187405008920904
2024-01-08,0.003170598004117292,-0.12866192097571263,0.0,-0.1308,3.2375606797789374,-0.02397600660906661
2024-01-09,0.0033309814995056367,-0.12491485042044297,0.0,-0.1276,2.917984071947922,-0.025889412144984393
2024-01-10,0.0009464477828116674,-0.12385118395917455,0.0,-0.12689999999999999,2.6541639562693984,-0.007576743514690838
2024-01-11,0.0010110236690589619,-0.12271609141711846,0.0,-0.1244,2.4410705889331084,-0.008163213598282829
2024-01-12,-0.001703547901314964,-0.12463195582521625,0.0,-0.127,2.6963492987342796,0.013882025426677866
2024-01-15,-0.0,-0.12463195582521625,0.0,-0.1325,3.3774938936923107,0.0
2024-01-16,-0.00493807514384802,-0.13021303270929108,0.0,-0.1384,4.246349608404671,0.039621260142729146
2024-01-17,-0.004944239973251158,-0.135828843078009,0.0,-0.1479,5.784592852193956,0.0379703925972563
2024-01-18,0.00450758466786359,-0.130731972973172,0.0,-0.1413,4.586360274637618,-0.033185769426562824
2024-01-19,0.003416687308176712,-0.1268817703306675,0.0,-0.133,2.4197398405611654,-0.026135055032619016
2024-01-22,0.004527152671589684,-0.12180319599492123,0.0,-0.1319,4.279379383362876,-0.03568008753181358
2024-01-23,0.0032770174060565184,-0.11813903491511316,0.0,-0.1255,3.834520205772412,-0.02690419885364222
2024-01-24,-0.0028856767333170887,-0.12137496054809115,0.0,-0.13140000000000002,4.616531628798475,0.024426107216725987
2024-01-25,-0.001596433450114932,-0.12316802355098742,0.0,-0.13449999999999998,4.858312630861732,0.013152906026959274
2024-01-26,0.0009806229776009362,-0.12206769818372465,0.0,-0.1326,4.501721632748177,-0.007961668534812456
2024-01-29,-0.0009481504059614061,-0.1231325968113398,0.0,-0.136,4.513287132762759,0.007767414476304293
2024-01-30,0.001996767528322253,-0.12089443120842557,0.0,-0.1331,4.719135079558924,-0.016216400693486895
2024-01-31,-0.0064230887488942075,-0.12814057826384306,0.0,-0.1435,1.8404674574118776,0.053129732153010534
2024-02-01,0.001247080653189884,-0.1267354482850236,0.0,-0.1388,0.5933520945134081,-0.0097321291201147
2024-02-02,0.0005875443177079267,-0.12607383000488465,0.0,-0.13849999999999998,0.9331757076315572,-0.004635990369376057
2024-02-05,0.004706539261749207,-0.12079874669902639,0.0,-0.1367,0.3902830813734841,-0.03733161165617683
2024-02-06,0.0030371095873090222,-0.0653,0.05207605888722952,-0.0653,-0.21944008472365972,-0.02535744534158586
2024-02-07,0.00023765123034084242,-0.06504689029615043,0.0,-0.06415,-0.8198287781813658,-0.0036393756560619056
2024-02-08,0.00042375750364782844,-0.0645957598545604,0.0,-0.06394999999999999,-0.8014198485264714,-0.00651464661444249
2024-02-09,-0.000611015569302148,-0.06524664213805358,0.0,-0.06465,-0.6294697759087615,0.009459066209266224
2024-02-12,-0.0013152404834709257,-0.1393,0.07268927383436352,-0.1393,0.6022936123312501,0.019600945039405453
2024-02-13,-0.010797571234095329,-0.15173595097350492,0.0,-0.1585,0.34718220261336263,0.0775130741858961
2024-02-14,0.008563312336537584,-0.14195701636744987,0.0,-0.1438,1.6911215153908028,-0.056435619123861094
2024-02-15,0.0011317479904060287,-0.14066606983518956,0.0,-0.1401,2.326682890156796,-0.007972469550054121
2024-02-16,0.000631838569854881,-0.13994580810608373,0.0,-0.1424,2.9100488938717106,-0.0044917624455931005
2024-02-19,-0.0,-0.13994580810608373,0.0,-0.1471,3.6592797419075183,0.0
2024-02-20,-0.00522709238362489,-0.1459357199801155,0.0,-0.1542,3.8883194377930757,0.03735083211397496
2024-02-21,0.0016800237434733706,-0.14401374971772973,0.0,-0.1534,4.6339091250567215,-0.011512080412542472
2024-02-22,0.0026288810958428315,-0.0727,0.06827531106949279,-0.0727,-0.4533344772599186,-0.01849142013590477
2024-02-23,0.0027860739128290563,-0.069719681900218,0.0,-0.06875,-1.0883585468829313,-0.038322887384168586
2024-02-26,0.0008077519517562137,-0.0688563111287568,0.0,-0.0687,-1.2945923219135622,-0.011585709081579845
2024-02-27,0.001130124328503061,-0.1343,0.06668582299115111,-0.1343,0.8608721067087952,-0.016897031236875717
2024-02-28,-0.0020520274617687076,-0.13663240090058412,0.0,-0.1384,1.6965340420463448,0.015279430095076004
2024-02-29,0.001880935989623347,-0.13449848187585078,0.0,-0.134,1.5539151130121134,-0.01376639784725693
2024-03-01,-0.00039154252150743623,-0.13494286026512586,0.0,-0.1311,1.1765156512462447,0.0029111296725925183
2024-03-04,0.0002908202532446116,-0.13461289185658154,0.0,-0.1349,1.4776012816895339,-0.002155136275259241
2024-03-05,-0.00565732300549891,-0.14106828370885277,0.0,-0.1446,1.4353185651897302,0.04202660627428093
2024-03-06,-0.00037149867623813943,-0.14149234660455234,0.0,-0.145,1.4154857126131084,0.0026334670449728167
2024-03-07,0.0005953498554920413,-0.14081316365242846,0.0,-0.1444,4.908737097379751,-0.004207647054974255
2024-03-08,-0.0034648156237887602,-0.14477961394461863,0.0,-0.1474,4.494562389021189,0.02460576507137517
2024-03-11,0.0013296681042281656,-0.14325945830804926,0.0,-0.1522,5.2210390148056245,-0.009184083780861529
2024-03-12,0.00717500035988103,-0.13511500771915796,0.0,-0.1384,2.708004538210389,-0.050083955674694126
2024-03-13,0.0008010934015493858,-0.13420640245415688,0.0,-0.1375,2.5971308451037345,-0.005928974249955201
2024-03-14,-0.00365960535914144,-0.1383723961759009,0.0,-0.14400000000000002,3.1307754612163556,0.027268485647631544
2024-03-15,-0.0024601074342133857,-0.14117982113765595,0.0,-0.1441,3.4299903934526093,0.017778888724930823
2024-03-18,0.003034750088024399,-0.13772710370952573,0.0,-0.1433,2.938451739903673,-0.021495636299647927
2024-03-19,0.0036993615590997,-0.13353375251951302,0.0,-0.1382,3.8290098544823117,-0.026860083886624548
2024-03-20,0.002993414231512432,-0.13015074320106063,0.0,-0.1304,2.4846655016901646,-0.022416910893558618
2024-03-21,0.0009633183505835741,-0.12906309600171548,0.0,-0.1292,3.1929922210816297,-0.007401558584228844
2024-03-22,-0.00022793099794797298,-0.1293205031510018,0.0,-0.1306,4.058411663515457,0.0017660431603542454
2024-03-25,0.0007183104630952074,-0.12850988269455596,0.0,-0.1319,3.96155460049893,-0.00555449789935064
2024-03-26,0.0005437910309915169,-0.12789654267076528,0.0,-0.1324,5.289881747050706,-0.004231511379432248
2024-03-27,0.0023055712180405545,-0.12530207858677442,0.0,-0.1278,4.089678448403173,-0.01802684552604067
2024-03-28,-0.002449346067199996,-0.12806510040399452,0.0,-0.1301,4.4872241695968,0.01954752941710995
2024-04-01,-0.0008290408484532172,-0.12900108842424637,0.0,-0.1365,6.29318551040533,0.0064735891811111895
2024-04-02,-0.0038413463917288176,-0.13335469639780298,0.0,-0.1461,6.372158922776544,0.029777627759974917
2024-04-03,0.0007668358001785597,-0.13248626538629424,0.0,-0.1433,6.460911213008601,-0.005750347163560363
2024-04-04,-0.006389738310498468,-0.1635,0.023744526879742878,-0.1635,7.6596895791092585,0.04813982814341138
2024-04-05,-0.002814541726199228,-0.1667839621469226,0.0,-0.1603,5.672849997853785,0.01721432248439895
2024-04-08,0.006449777858665223,-0.15930669151657656,0.0,-0.1519,4.838545895084854,-0.0386714512333237
2024-04-09,0.0013776573186635235,-0.1577117614355321,0.0,-0.14980000000000002,4.685901242153918,-0.008647830832141613
2024-04-10,-0.0025296779289896046,-0.16064782662587734,0.0,-0.158,4.3584414086805285,0.01603988127431867
2024-04-11,0.0026613374343130275,-0.15756714983728434,0.0,-0.1491,3.656738549157719,-0.01656628346744366
2024-04-12,-0.013993269697633471,-0.17399518102914724,0.0,-0.17309999999999998,4.372041612542979,0.08880829355664535
2024-04-15,-0.009797940789804864,-0.18561173460449998,0.0,-0.1923,5.332262408981521,0.056311564101097354
2024-04-16,0.0053027549191978504,-0.17935788875839162,0.0,-0.184,4.585422788189332,-0.028569071511006128
2024-04-17,0.0025101464822124358,-0.17640494003650167,0.0,-0.1821,4.523664596298362,-0.013995183036491856
2024-04-18,-0.0017794969923434867,-0.17850208094501388,0.0,-0.18,5.166785830278345,0.010087568930752583
2024-04-19,-0.0045834508327481545,-0.18392855928598756,0.0,-0.18710000000000002,7.903331191129256,0.02567729635689821
2024-04-22,0.013895462829876451,-0.1677027885907813,0.0,-0.16940000000000002,4.2735200964879585,-0.07554815241210376
2024-04-23,0.006760175716603256,-0.15986191821664028,0.0,-0.15689999999999998,0.9099472881913098,-0.040310455022301676
2024-04-24,0.0017298105597202385,-0.1578590414201242,0.0,-0.1597,1.760345058506804,-0.010820654343556975
2024-04-25,-0.0034589961869856264,-0.1618779728981214,0.0,-0.1537,2.111550230709618,0.02191192950285245
2024-04-26,0.00543715020835533,-0.15559483022618278,0.0,-0.1503,2.0310487982946412,-0.0335879558596723
2024-04-29,0.0023672857232461663,-0.15286566779000282,0.0,-0.1467,3.4624447486478473,-0.015214424025560011
2024-04-30,-0.004311650395246783,-0.15785794646250753,0.0,-0.1565,1.568006278748289,0.028205485623952236
2024-05-01,-0.0007528021742224445,-0.15873024110735043,0.0,-0.1539,1.5460127979756955,0.004768858274747928
2024-05-02,0.00501913410227184,-0.15294346325294617,0.0,-0.14679999999999999,0.1418608787193385,-0.0316205284340075
2024-05-03,0.005236199932628081,-0.06745,0.07944254853410508,-0.06745,-0.9016806800286066,-0.03449589210733073
2024-05-06,0.0017393723350362378,-0.06559653087388737,0.0,-0.06745,-1.0415729057398142,-0.025787580949388256
2024-05-07,0.0004162115901963493,-0.06515320176597761,0.0,-0.06615,-0.5207883189262486,-0.006345024418997661
2024-05-08,0.000617041678011021,-0.06449636314382672,0.0,-0.065,-0.7216610354297028,-0.009470627095616264
2024-05-09,0.00029313746812684654,-0.06418441082001887,0.0,-0.06344999999999999,-0.6685038084014021,-0.004545023220505485
2024-05-10,0.0009731402434816918,-0.0631498169482963,0.0,-0.06275,-0.3735277050088932,-0.015161629296722828
2024-05-13,-0.000868784372313311,-0.136,0.07196405141685171,-0.136,0.641845293369876,0.01318772384228349
2024-05-14,0.0026297252818579375,-0.13302046743193177,0.0,-0.13419999999999999,5.209794359247239,-0.019336215307778952
2024-05-15,0.004913918717950597,-0.12748012175751033,0.0,-0.1245,4.452416158948941,-0.03694107239899086
2024-05-16,0.00035684818130601485,-0.12707792604940943,0.0,-0.1242,3.834892936220273,-0.002799245689338162
2024-05-17,0.0012557250672303921,-0.12566440104372995,0.0,-0.1199,4.4973294043812935,-0.009881535733768201
2024-05-20,0.00018931278019910472,-0.1254513387218177,0.0,-0.1215,5.645443192025188,-0.0015064949072826582
2024-05-21,0.0020998298004274384,-0.12309303449932357,0.0,-0.1186,5.4066506030748736,-0.016738201615239114
2024-05-22,-0.002373420165647002,-0.12576494772803987,0.0,-0.1229,5.343331074812212,0.019281514793268374
2024-05-23,-0.001759709767770072,-0.12774945946746216,0.0,-0.1277,4.592608736218333,0.013992052631193809
2024-05-24,0.003906643099899218,-0.12336088940019026,0.0,-0.1193,3.2970758846859063,-0.030580505907300853
2024-05-27,-0.0,-0.12336088940019026,0.0,-0.12359999999999999,3.7202057518696723,0.0
2024-05-28,-0.0026749374573840877,-0.12637386905354023,0.0,-0.1292,4.432698052407861,0.021683837319836655
2024-05-29,-0.0051482886042050905,-0.1322027757013328,0.0,-0.14279999999999998,7.506791985725175,0.040738553331970385
2024-05-30,0.00043037347506697464,-0.1317157152761615,0.0,-0.1447,7.076693611929943,-0.003255404228722528
2024-05-31,0.004054397781143621,-0.1271458177735551,0.0,-0.1292,3.9430173766199115,-0.030781427809452925
2024-06-03,0.0010053549169238812,-0.1260137742890496,0.0,-0.1311,4.147524292668077,-0.007907101739786707
2024-06-04,-0.000618693272372343,-0.12671086271972315,0.0,-0.1316,4.29246984522571,0.004909727336260782
2024-06-05,0.002544621534750595,-0.12385108704178376,0.0,-0.1263,1.940005616085772,-0.020082110405791692
2024-06-06,0.0007726434767679946,-0.12298342122685421,0.0,-0.1258,2.881707119809537,-0.006238487648536562
2024-06-07,0.0013988588258747982,-0.12141472034782971,0.0,-0.1222,2.8514081957692543,-0.01137436909723364
2024-06-10,-0.0001324328556174675,-0.1215632521720705,0.0,-0.1274,3.3239786105175817,0.0010907479359839808
2024-06-11,0.000112494214292803,-0.12143709698696616,0.0,-0.1285,3.419575403535614,-0.0009253965510364066
2024-06-12,0.0027314730840047063,-0.11838226592995031,0.0,-0.1204,3.318837450410463,-0.022492904983539546
2024-06-13,0.00028094024291111817,-0.11806815559072746,0.0,-0.11939999999999999,4.950867522781021,-0.0023731615601728507
2024-06-14,-0.003987053522065703,-0.12254379779339263,0.0,-0.1266,6.21711417451095,0.03376908449291324
2024-06-17,0.0008623009522971386,-0.12157666117039113,0.0,-0.1275,5.962927014607977,-0.007036675603533747
2024-06-18,0.0003725729795108148,-0.1211589476407634,0.0,-0.12300000000000001,5.622257640784081,-0.0030645107039800126
2024-06-19,-0.0,-0.1211589476407634,0.0,-0.12480000000000001,7.377726544313792,0.0
2024-06-20,-0.004000183496648771,-0.12566180140153776,0.0,-0.1328,7.644198906857497,0.03301599736991217
2024-06-21,0.0027182351728307036,-0.12261028264586835,0.0,-0.132,7.542104088253733,-0.021631356088433727
2024-06-24,0.00043603057245647286,-0.12212100358231091,0.0,-0.1333,7.064321761385887,-0.0035562316882985015
2024-06-25,0.0026310509265823163,-0.11917639349519632,0.0,-0.1284,6.483810618725403,-0.02154462254160038
2024-06-26,0.0012630539020667562,-0.11776459655991924,0.0,-0.1255,7.299760886118158,-0.010598188659884784
2024-06-27,0.0010578712713411153,-0.11658339506422426,0.0,-0.12240000000000001,7.006705915113406,-0.008982931222482175
2024-06-28,-0.0017910741400759603,-0.11858686707527137,0.0,-0.1244,6.634246459033162,0.015363029521393515
2024-07-01,0.004692938787725548,-0.11336192769999119,0.0,-0.1222,7.960734133600853,-0.039573849140872995
2024-07-02,0.0014618837239596945,-0.11173669791597912,0.0,-0.12029999999999999,6.689913180354469,-0.012895720402960368
2024-07-03,-0.00047485751208178385,-0.11226486524266424,0.0,-0.1209,6.390818110711566,0.004249790095272503
2024-07-04,-0.0,-0.11226486524266424,0.0,-0.1226,6.885310087897824,0.0
2024-07-05,-0.00023787712575322267,-0.11252951056495306,0.0,-0.12480000000000001,6.845881709507266,0.0021188920081010505
2024-07-08,0.0016369558426432948,-0.11071132517172314,0.0,-0.12369999999999999,7.465985148996512,-0.014546902714007886
2024-07-09,2.9650812375895353e-05,-0.11067839265509256,0.0,-0.1251,7.649668662272382,-0.0002678209508368209
2024-07-10,0.0005117349803155749,-0.11011031037726354,0.0,-0.1285,6.620282528060221,-0.004623621359503262
2024-07-11,-0.0006038037109952457,-0.11078100406962381,0.0,-0.1292,4.411162841593249,0.0054836255472032885
2024-07-12,0.0015441105310001547,-0.10906847975044083,0.0,-0.1246,4.35648277624691,-0.013938405270543583
2024-07-15,-0.0016754629186903531,-0.13119999999999998,0.02028148300616131,-0.13119999999999998,5.0285201037824905,0.015268592548440115
2024-07-16,-0.0010003489468847783,-0.13233272785182973,0.0,-0.1319,5.1939280036249205,0.007624610875646177
2024-07-17,-0.004491844124414108,-0.13744193974573882,0.0,-0.1448,2.9274862531978183,0.03394356178800709
2024-07-18,-0.004505288867678394,-0.14258963611364633,0.0,-0.1593,3.5726572061929573,0.03277957860615885
2024-07-19,-0.005740699200922397,-0.14918677169563,0.0,-0.16519999999999999,4.145408083623758,0.04026028368812838
2024-07-22,0.008036651938024508,-0.1400247892635987,0.0,-0.1491,1.2982886681978378,-0.05386973554478972
2024-07-23,0.0010205500540978424,-0.13886252305408586,0.0,-0.1472,1.1035547974734392,-0.007288352722864249
2024-07-24,-0.019176582610916853,-0.16112900942526143,0.0,-0.1804,1.7300578772837198,0.1380976104218395
2024-07-25,-0.0007612780381251832,-0.18460000000000001,0.022599515449510943,-0.18460000000000001,2.356214582468663,0.004654520517910215
2024-07-26,0.010002490292466592,-0.08195000000000001,0.09086563863865867,-0.08195000000000001,-0.6846868414772267,-0.054430786087681045
2024-07-29,0.0011885560336274707,-0.08066556841832295,0.0,-0.083,-0.3130577217336601,-0.014503429330414527
2024-07-30,-0.0024841690803625725,-0.1769,0.09359401181799389,-0.1769,1.513520597286913,0.030215767671946798
2024-07-31,0.0045569109731271075,-0.0818,0.08970899038223469,-0.0818,-1.641379687543683,-0.02601337178246594
2024-08-01,-0.0071810471074890405,-0.0896246459117735,0.0,-0.09295,-0.3490362864757053,0.08778786194974378
2024-08-02,-0.02179231050591205,0.0,0.11383427196177354,0.0,2.7016022677068356,0.24251580744126436
2024-08-05,0.0,0.0,0.0,0.0,15.585128810693586,0.42722759112601094
2024-08-06,-0.0,0.0,0.0,0.0,3.4311760517657426,-0.18938505063968447
2024-08-07,-0.0,0.0,0.0,0.0,5.432558883842358,-0.04063889346286842
2024-08-08,-5.9475e-05,-0.11895,0.11895,-0.11895,-2.4416881922493765,-0.08540672092755844
2024-08-09,0.016105112505751185,-0.1012148115667184,0.0,-0.10185000000000001,-5.16594616250212,-0.13539396810215373
2024-08-12,0.00013811591240877488,-0.10106273728213938,0.0,-0.10355,-4.824193642138724,-0.001364582023824963
2024-08-13,0.008315396059430559,-0.09198247054956428,0.0,-0.0906,-8.932239719691783,-0.08227954519197574
2024-08-14,0.006222424392377133,-0.08522971072620913,0.0,-0.08095000000000001,-9.438911948400133,-0.0676479372123867
2024-08-15,0.00311116032162478,-0.08186385881526322,0.0,-0.07615,-10.771033692609937,-0.03650323690079194
2024-08-16,0.0003011088686440926,-0.08153819807204638,0.0,-0.07400000000000001,-8.55240086057471,-0.0036781660796565327
2024-08-19,0.0017296826659790486,-0.1465,0.06686532237581377,-0.1465,0.3701718984150286,-0.02162318237164235
2024-08-20,-0.0067113459952394,-0.15424654794708353,0.0,-0.1588,0.8592828057065507,0.04581123546238498
2024-08-21,-0.001818180911204886,-0.15634899962489235,0.0,-0.16269999999999998,3.0468859645437423,0.011787498231912708
2024-08-22,-0.00752937781654258,-0.16512164065964882,0.0,-0.17550000000000002,5.238241128086759,0.04815750554596978
2024-08-23,0.010384168879734226,-0.15314716574734155,0.0,-0.1586,3.2049233286145125,-0.06288799480340816
2024-08-26,-6.148030926471249e-05,-0.15321806595068582,0.0,-0.16149999999999998,3.1051203930572235,0.00040144594883421606
2024-08-27,0.0033722468687863234,-0.14934220031451126,0.0,-0.1543,3.9651589852163855,-0.022009459836620716
2024-08-28,-0.008779606688590732,-0.15952235049851848,0.0,-0.1711,4.710612557628297,0.05878851838329073
2024-08-29,0.005721912575126607,-0.15292541208492672,0.0,-0.1565,6.2237472291040135,-0.035869033757622244
2024-08-30,0.004664186448115122,-0.14757291803241598,0.0,-0.15,4.630993711866962,-0.0304997474554777
2024-09-02,-0.0,-0.14757291803241598,0.0,-0.1555,6.14555261650052,0.0
2024-09-03,-0.031020034124486794,-0.2072,0.022903733779108176,-0.2072,6.434147289919542,0.21012379961739233
2024-09-04,-0.004247237667513917,-0.21234913491197605,0.0,-0.2132,7.264235729332027,0.02049825129109033
2024-09-05,0.008794774319061515,-0.20177975320135272,0.0,-0.19899999999999998,6.250204051411096,-0.04141657710405633
2024-09-06,-0.015153269322054776,-0.22027084597628296,0.0,-0.2238,8.413730765414291,0.07509806648902764
2024-09-09,0.015039681790721394,-0.2021902866137165,0.0,-0.1945,3.540457704724602,-0.06827813151605523
2024-09-10,0.00420731142463349,-0.1971534890621455,0.0,-0.19079999999999997,2.8964831242841704,-0.02080867234078132
2024-09-11,0.008546892193944007,-0.1870082574523787,0.0,-0.1769,0.5156397731228033,-0.04335146303827222
2024-09-12,0.001460296333429514,-0.08535,0.09986830463645048,-0.08535,-0.7031493560397983,-0.008075742249682834
2024-09-13,0.0003055615767391275,-0.0850184600485565,0.0,-0.0828,-0.7009759055152749,-0.003580100489034886
2024-09-16,-0.0009676831878411457,-0.08606943117793557,0.0,-0.0857,-0.14270702004309754,0.011382036175302092
2024-09-17,-0.001937417550979004,-0.1761,0.08797026871536065,-0.1761,4.611997888517953,0.021998895434860465
2024-09-18,0.0021833292176308785,-0.17353778067545758,0.0,-0.18230000000000002,5.1439295371774065,-0.012398235193815324
2024-09-19,0.006640799951031809,-0.1657959629021042,0.0,-0.16329999999999997,1.5107306609801263,-0.038267171132326104
2024-09-20,0.000634984219011728,-0.1650561706194986,0.0,-0.16149999999999998,6.045740589785238,-0.0038299136353920783
2024-09-23,-0.000435251308560605,-0.16556348365096815,0.0,-0.1589,6.257395271304247,0.002636989013661192
2024-09-24,-0.0002980928586890493,-0.16591103340389263,0.0,-0.1539,5.721914031924602,0.001800474670595071
2024-09-25,-0.0023823336698187546,-0.1686952554607342,0.0,-0.15410000000000001,5.850038452181741,0.014359103315445085
2024-09-26,0.0002600498725897543,-0.16839141542201871,0.0,-0.1537,6.2527100585533955,-0.0015415363750421777
2024-09-27,-0.008095895359604742,-0.17792779559633654,0.0,-0.1696,7.753008376831101,0.04807783899977914
2024-09-30,0.0038986169860273133,-0.173353340333102,0.0,-0.1673,7.475174552589415,-0.02191123074930955
2024-10-01,-0.013565206195420612,-0.18948900393871618,0.0,-0.19260000000000002,8.424946610690071,0.07825177276281374
2024-10-02,0.0026916740231965456,-0.18629588212896458,0.0,-0.18899999999999997,8.308447588085631,-0.014204908819231941
2024-10-03,-0.008452012240764587,-0.19640793665451647,0.0,-0.20489999999999997,14.243416114380363,0.045368755037288606
2024-10-04,0.007729468110756377,-0.1872312704097912,0.0,-0.19210000000000002,11.496714277335547,-0.03935415361728782
2024-10-07,-0.01766510114005512,0.0,0.20845275794677842,0.0,13.566384767403907,0.09379242432445403
2024-10-08,-0.00010710000000000001,-0.21420000000000003,0.21420000000000003,-0.21420000000000003,11.171795554350872,-0.04122308770591785
2024-10-09,0.005775630643328358,-0.20722749985834948,0.0,-0.2086,10.230137994508205,-0.026963728493596437
2024-10-10,-0.0029315966381418036,-0.21077700966943577,0.0,-0.20929999999999999,10.320369988643101,0.01414675484742951
2024-10-11,0.0023858833531084887,-0.2078951128274397,0.0,-0.2046,9.615494476750088,-0.011319466752328916
2024-10-14,0.0077085267040736495,-0.19865524684813285,0.0,-0.19699999999999998,8.386086511122295,-0.03707892215086364
2024-10-15,-0.007052786487471692,-0.20716915313948767,0.0,-0.2064,9.63243487199864,0.035502643898770905
2024-10-16,0.002555725117715226,-0.20409182541723325,0.0,-0.19579999999999997,8.550408050018607,-0.012336417265723184
2024-10-17,0.0030956924356446303,-0.2003758310371609,0.0,-0.1911,8.243251817064989,-0.015168135369047634
2024-10-18,0.004919890076072386,-0.19449902712771713,0.0,-0.18030000000000002,7.742932705896699,-0.024553310898857674
2024-10-21,-0.0005462972610619346,-0.1951519353565553,0.0,-0.1837,9.781420606155669,0.002808740327031098
2024-10-22,0.0008039293247593866,-0.19419188947721472,0.0,-0.182,10.359101306633912,-0.004119504750442548
2024-10-23,-0.010208172298422904,-0.20650813237191562,0.0,-0.1924,10.290054934463697,0.052567449268372604
2024-10-24,0.0037740623670273112,-0.20197181577576884,0.0,-0.19079999999999997,10.148540893339119,-0.018275611346047747
2024-10-25,-0.009884490868698373,-0.2139713040454681,0.0,-0.20329999999999998,11.927546233675379,0.048939951501313604
2024-10-28,0.011046478216710884,-0.20070771245519506,0.0,-0.198,12.479130134807455,-0.051625979782613976
2024-10-29,0.000467488849377034,-0.20014665727530176,0.0,-0.1934,13.17107783021552,-0.0023292022197771486
2024-10-30,-0.005262095197643375,-0.2064953506660205,0.0,-0.20350000000000001,14.412862168256968,0.026291197011626143
2024-10-31,-0.01591215511722504,0.0,0.22586303485644296,0.0,11.858814139750365,0.0765112800304643
2024-11-01,-0.0001094,-0.2188,0.2188,-0.2188,10.519939874369959,-0.01835935196571321
2024-11-04,0.009440171348057042,0.0,0.20727796805478088,0.0,10.62557445119627,-0.04361887720331094
2024-11-05,-0.0,0.0,0.0,0.0,6.996398294860876,-0.05171502012601081
2024-11-06,-4.0675e-05,-0.08134999999999999,0.08134999999999999,-0.08134999999999999,-1.6338899884789164,-0.10107975221411113
2024-11-07,0.0025551066982263094,-0.0785940770490647,0.0,-0.076,-2.909719308395605,-0.03140881005809846
2024-11-08,0.0004812720363934039,-0.07807522958793563,0.0,-0.0747,-3.0907319292570765,-0.006123515339367819
2024-11-11,0.00014929515401726633,-0.07791430220617035,0.0,-0.07485,-3.100136941453668,-0.0019121961575420815
2024-11-12,0.0002666542523411117,-0.07762694839794267,0.0,-0.07355,-3.6225990544218227,-0.0034224044211486797
2024-11-13,0.0018944639984818422,-0.07558928322372244,0.0,-0.0701,-4.092714988125,-0.024404720752001775
2024-11-14,-2.13754924856857e-05,-0.0756122749658235,0.0,-0.07155,-0.014658447637104999,0.0002827846961112254
2024-11-15,-0.005234975817387837,-0.08127271146233017,0.0,-0.08070000000000001,-0.5639556235073684,0.06923447045805763
2024-11-18,0.0027280673672109984,-0.07833095198117676,0.0,-0.0779,-0.9197292892057849,-0.033566830958697065
2024-11-19,-0.0028818510230006495,-0.1635,0.08209699563327667,-0.1635,0.5934607117429636,0.036266666666666676
2024-11-20,-0.0053208718218409855,-0.16972395121133288,0.0,-0.1716,7.621151273908982,0.03254355854336994
2024-11-21,0.0018081514841004136,-0.167612730519789,0.0,-0.16870000000000002,7.81115693085861,-0.010653484503486382
2024-11-22,0.006913129485074613,-0.15959629120825405,0.0,-0.1524,6.338270148201669,-0.04124465643889992
2024-11-25,0.005894405055270077,-0.15280121390528925,0.0,-0.146,5.509601427331006,-0.036933220757483544
2024-11-26,0.001749842942466744,-0.15078751649127817,0.0,-0.141,4.798658152696088,-0.011451760740273625
2024-11-27,0.0008276353315123139,-0.14983587169842028,0.0,-0.141,4.616456876231323,-0.005488752323606218
2024-11-28,-0.0,-0.14983587169842028,0.0,-0.139,5.173189353651209,0.0
2024-11-29,0.0028058170733137318,-0.14661866945907176,0.0,-0.1351,8.932545435994374,-0.01872593686351086
2024-12-02,0.0009349842863085859,-0.1455476004534293,0.0,-0.1334,8.79433583768834,-0.0063769797513377685
2024-12-03,0.0014074666652773799,-0.14393754648958598,0.0,-0.133,8.679100691514368,-0.009670146817210672
2024-12-04,-0.0013048086486104416,-0.14543211622122762,0.0,-0.13449999999999998,8.588220749726986,0.009065102750690874
2024-12-05,-0.00027861011749536467,-0.14575133413505145,0.0,-0.1354,8.418258107397286,0.001915739966759131
2024-12-06,0.0026346721817437856,-0.14274058729874586,0.0,-0.1277,7.673734916278521,-0.018076487583314534
2024-12-09,-0.0036206552179306227,-0.14689309175582016,0.0,-0.1419,8.030159690268828,0.025365281777584743
2024-12-10,0.000466148309564826,-0.14635871857700056,0.0,-0.1418,8.12548408481156,-0.003173384833778995
2024-12-11,0.0015590113679912882,-0.14457431420963687,0.0,-0.1358,6.843146155097244,-0.01065198836905011
2024-12-12,-0.0010765604469232105,-0.14580784561600132,0.0,-0.1392,6.421235415896063,0.007446415726116932
2024-12-13,-5.3485553135031275e-05,-0.14586913306040344,0.0,-0.1381,6.910317994397459,0.00036682218922492354
2024-12-16,-0.002808840123204546,-0.14909676215137868,0.0,-0.1469,7.531382959273269,0.019255890977575248
2024-12-17,-0.0037637983818686197,-0.15343807049469224,0.0,-0.15869999999999998,8.339087394105583,0.02524399810941043
2024-12-18,-0.024288530759716036,0.0,0.18204050810774772,0.0,11.502159145359766,0.15770212977553838
2024-12-19,-0.00012045,-0.2409,0.2409,-0.2409,7.914488085033842,0.09863880174071454
2024-12-20,0.03784853421044611,-0.1956465313544306,0.0,-0.18359999999999999,0.5443401819935012,-0.15711305193211336
2024-12-23,0.012968073374085447,-0.0839,0.09638364640480376,-0.0839,-1.4244897604667166,-0.06652949636867192
2024-12-24,0.004883728795454662,-0.07863225260823108,0.0,-0.07135,-4.906357042208327,-0.0582089248564322
2024-12-26,-0.0002900018336536989,-0.07894514867975998,0.0,-0.07365000000000001,-3.9786402105635865,0.0036880773987052486
2024-12-27,-0.004070413178146702,-0.08335485054000717,0.0,-0.07975,-3.310091566249259,0.05156001662189888
2024-12-30,-0.0019012869616440303,-0.08541854266309919,0.0,-0.087,-2.5162613738533963,0.022809553965086705
2024-12-31,-0.0005607611482068416,-0.08602754471605842,0.0,-0.08675000000000001,-2.2317972163505715,0.00656486438101092
2025-01-02,-0.0019216537829934205,-0.08811853180905455,0.0,-0.08965,-1.6444439800423218,0.02233765696017491
2025-01-03,0.0051888708829773145,-0.1613,0.07884087981637976,-0.1613,2.1040799416207836,-0.05933248336700357
2025-01-06,0.0008626656075552793,-0.16029904991515914,0.0,-0.1604,1.8827809496302663,-0.005348205874490262
2025-01-07,-0.010472265066847921,-0.17257860386656432,0.0,-0.1782,3.469506245213811,0.06532955168724042
2025-01-08,0.0012928147073382188,-0.17106463428411817,0.0,-0.177,3.7382962273673694,-0.007491164480260876
2025-01-09,-0.0019565137282659697,-0.17336032987772662,0.0,-0.1807,5.756175360143075,0.011437277707655407
2025-01-10,-0.009526044852682332,-0.18464531427604014,0.0,-0.1954,5.628568457446148,0.05494939274401
2025-01-13,0.003815728064606958,-0.18014221251551732,0.0,-0.19190000000000002,5.6740571715895864,-0.02066517679892239
2025-01-14,0.003487490213849337,-0.17604078179790938,0.0,-0.18710000000000002,6.120357388312829,-0.019359650162778626
2025-01-15,0.01575072976434618,-0.15780451575038537,0.0,-0.1612,0.4247890073304532,-0.08947205075712311
2025-01-16,-0.0004480448304604907,-0.15832349660504016,0.0,-0.166,0.9371759752961513,0.0028392396017944536
2025-01-17,-0.0010533085698875328,-0.15954485513812613,0.0,-0.1597,0.7611807324178432,0.0066528885002783665
2025-01-20,-0.0,-0.15954485513812613,0.0,-0.15810000000000002,0.8341766610366239,0.0
2025-01-21,0.006831518208735077,-0.15167715170566476,0.0,-0.1506,1.0773034113138458,-0.04281879351622265
2025-01-22,-0.0019330098843095272,-0.15390766663084274,0.0,-0.151,1.044582948539535,0.012744239079994104
2025-01-23,0.0024809880562655265,-0.1510519205637825,0.0,-0.1502,1.0101004555504822,-0.016119977065316267
2025-01-24,0.000813659838840801,-0.15011611726915708,0.0,-0.1485,4.5796662940810435,-0.005386623591437413
2025-01-27,-0.010768727850749052,-0.162636230424014,0.0,-0.179,3.9412304597861514,0.07173598709218414
2025-01-28,0.006039353429475958,-0.15565681050221022,0.0,-0.1641,2.230297199187026,-0.03713412081508881
2025-01-29,0.0006667382501863317,-0.1548868032958175,0.0,-0.1656,4.395063483836406,-0.00428338630372273
2025-01-30,0.0008599497208481554,-0.1538945120323071,0.0,-0.15839999999999999,3.7056478039411456,-0.0055521174338251525
2025-01-31,-0.005387898310631074,-0.16014525670097293,0.0,-0.1643,4.603913187644812,0.03501033428339531
2025-02-03,-0.0037511911876566308,-0.1862,0.021699112148180072,-0.1862,6.209167855867465,0.023355931412733608
2025-02-04,0.005920165023322378,-0.17921882992821583,0.0,-0.1721,5.248304811482976,-0.0317946564088205
2025-02-05,0.003709194018885101,-0.17486104237681066,0.0,-0.1577,3.9969064263540837,-0.02069645260138557
2025-02-06,0.0012672606358241562,-0.17337407160476923,0.0,-0.155,3.960622320250536,-0.00724724397498053
2025-02-07,-0.006402125276271895,-0.18093456261772728,0.0,-0.1654,4.241327496881533,0.03692665931539318
2025-02-10,0.00524708024703541,-0.1747704478062422,0.0,-0.15810000000000002,5.345107259896281,-0.028999878028396774
2025-02-11,-0.00048269087762496123,-0.1753377726272174,0.0,-0.1602,6.461494010270918,0.0027618563875289283
2025-02-12,0.0004808585632204754,-0.17477287303138112,0.0,-0.1589,6.48281330269678,-0.0027424698969047614
2025-02-13,0.00347799554526214,-0.17070117954409364,0.0,-0.151,4.60759556184864,-0.0199000879537962
2025-02-14,0.0007246406602446755,-0.1477,0.022140515105049358,-0.1477,4.817936573114393,-0.004309934587225037
2025-02-17,-0.0,-0.1477,0.0,-0.1537,6.418880899380751,0.0
2025-02-18,0.0008728015260240608,-0.14669915922393884,0.0,-0.1535,6.762439695627899,-0.005909285890481115
2025-02-19,0.0016694750124468176,-0.1447879643229518,0.0,-0.1527,6.775749021650467,-0.011380262990453372
2025-02-20,-0.0010790628218974594,-0.14602459685840172,0.0,-0.1566,6.819030387162131,0.007452710775673267
2025-02-21,-0.010663759171941185,-0.1821,0.023736643098793225,-0.1821,6.46775928459717,0.07294586720017313
2025-02-24,-0.0012228307718087775,-0.1835472780314674,0.0,-0.1898,7.735363103755697,0.006715160745792298
2025-02-25,-0.00048151393169703586,-0.18411744707900146,0.0,-0.1943,8.103985754112786,0.0026233782209207426
2025-02-26,0.0031334522427583543,-0.18041866157649078,0.0,-0.191,7.748549428392115,-0.017018768685261244
2025-02-27,-0.010681608112631543,-0.19316356721575903,0.0,-0.2113,9.82589855393448,0.05920456353736412
2025-02-28,0.004463262329186181,-0.18786182826538392,0.0,-0.1963,4.628159782774842,-0.023106129139771087
2025-03-03,-0.016692824375786786,0.0,0.20789952198282835,0.0,6.120576837405466,0.08830359401890318
2025-03-04,0.0,0.0,0.0,0.0,6.993967309216526,0.023700127973935402
2025-03-05,-0.0,0.0,0.0,0.0,3.8001936945496517,-0.04809376913619448
2025-03-06,0.0,0.0,0.0,0.0,5.649767657170475,0.11368082468629581
2025-03-07,-0.0,0.0,0.0,0.0,4.3496650415946085,-0.048983272012295305
2025-03-10,0.0,0.0,0.0,0.0,5.693982513487452,0.11801252153745354
2025-03-11,-0.0,0.0,0.0,0.0,4.743249719876861,-0.005268199448492654
2025-03-12,-0.0,0.0,0.0,0.0,1.5010767325204526,-0.050734874527737575
2025-03-13,0.0,0.0,0.0,0.0,2.214935625308968,0.04576179265425718
2025-03-14,-5.4425e-05,-0.10885,0.10885,-0.10885,-2.1209934409136686,-0.09167174101243591
2025-03-17,0.003958700903932756,-0.10447770311829203,0.0,-0.10255,-3.125707440514784,-0.036368405180824584
2025-03-18,-0.003013481702397594,-0.10781608662495805,0.0,-0.1085,-1.8308145756609555,0.028843299694152554
2025-03-19,0.0038392562705966498,-0.103579163401768,0.0,-0.09949999999999999,-3.653781932576617,-0.03560930832104521
2025-03-20,0.0018210451007355632,-0.10157314901565119,0.0,-0.099,-2.220525637119504,-0.017581191437818465
2025-03-21,-8.4039766949424e-05,-0.1016657327470874,0.0,-0.0964,-2.442583765683409,0.0008273817220776969
2025-03-24,0.006804615781907809,-0.09421998616038152,0.0,-0.0874,-1.2305450876938622,-0.06693126187203675
2025-03-25,-0.000758778822147114,-0.09505088758305294,0.0,-0.08574999999999999,-0.5321630214054167,0.008053268240302208
2025-03-26,-0.0031314292410078892,-0.09849073358718406,0.0,-0.09165,-0.9889102567608177,0.032944765910489046
2025-03-27,-0.0005466281692912385,-0.1869,0.08785677762619265,-0.1869,1.0907088678673666,0.005104031233894223
2025-03-28,-0.017675705375809394,-0.20825679105704525,0.0,-0.2165,3.4997642174546115,0.09457306247089028
2025-03-31,0.0009887033925640434,0.0,0.20693860566691474,0.0,4.256236872979613,-0.005244355729548984
2025-04-01,-0.00010885,-0.2177,0.2177,-0.2177,4.537684427806255,0.0015424384612622974
2025-04-02,0.006336855416833951,0.0,0.20990601722424695,0.0,4.91925917200572,-0.02959030053029892
2025-04-03,0.0,0.0,0.0,0.0,0.19117277259736198,0.256180423634527
2025-04-04,0.0,0.0,0.0,0.0,5.363747744187307,0.2028109744207241
2025-04-07,0.0,0.0,0.0,0.0,9.849937743571516,0.0007435808284251694
2025-04-08,0.0,0.0,0.0,0.0,16.149506386647467,0.14070405687903142
2025-04-09,-0.0001681,0.3362,0.3362,0.3362,-36.51040469806902,-0.22182427144932254
2025-04-10,0.06822325903119383,0.4072,0.02859736167088056,0.4072,-32.381553977540065,0.20296715559794548
2025-04-11,-0.013483777946761517,0.37560000000000004,0.023504723460535892,0.37560000000000004,-36.090452280102724,-0.03308454220292546
2025-04-14,-0.04324936666095395,0.3089,0.03848748056526752,0.3089,-42.886392005074214,-0.11509617391020051
2025-04-15,-0.002424417408093066,0.3072204131095713,0.0,0.3012,-43.591672660962274,-0.007848551013574186
2025-04-16,0.025737270104397567,0.32460328089675544,0.0,0.3264,-41.42039017984793,0.08377460938840113
2025-04-17,-0.010554907100312198,0.2965,0.02090569649067997,0.2965,-40.409251507633165,-0.03248412715649867
2025-04-21,0.018863123519785144,0.3382,0.02866576266875487,0.3382,-30.169051798685103,0.06366764384863245
2025-04-22,-0.022180170892700492,0.3231881985823603,0.0,0.3057,-34.42547408927641,-0.06558300086546567
2025-04-23,-0.013071835358594863,0.2845,0.0297341759770261,0.2845,-35.62470876570717,-0.040400510686589786
2025-04-24,-0.009671596399586223,0.277512391446367,0.0,0.2647,-10.049306297721053,-0.033995066430883035
2025-04-25,-0.011694450453581579,-0.1242,0.3933087529330429,-0.1242,-2.379275271328357,-0.041431649293891655
2025-04-28,-0.0008113352135752772,-0.12511284366931474,0.0,-0.12575,-1.1572394091201375,0.00653248964231302
2025-04-29,0.0014319993429211934,-0.12350398669859301,0.0,-0.12085000000000001,-1.9583390751477197,-0.01144566217922522
2025-04-30,-0.0030178100485528368,-0.12690477124100624,0.0,-0.1235,-1.2816520044906703,0.024434920112479386
2025-05-01,0.0020134046560573815,-0.24600000000000002,0.12142772494011801,-0.24600000000000002,2.834326725550387,-0.016343897067419625
2025-05-02,0.010425434144950688,-0.23314393907196018,0.0,-0.2268,0.6899040365271247,-0.04237981359736052
2025-05-05,-0.005893818808413418,-0.240454955821571,0.0,-0.2364,7.8566990014797895,0.025279742771242633
2025-05-06,-0.008565307902698285,-0.2511716260377036,0.0,-0.24760000000000001,9.753445634533042,0.035621257517579094
2025-05-07,0.007051379465311014,-0.2424109152226245,0.0,-0.23550000000000001,9.533826535282218,-0.02807394918187345
2025-05-08,0.008939953082976869,-0.23140223699759327,0.0,-0.2248,11.625881410559217,-0.036879333897842946
2025-05-09,0.0020076224051242203,-0.22893499955803923,0.0,-0.21899999999999997,11.061045940021748,-0.00867589886412853
2025-05-12,0.030411711995829736,-0.09195,0.10065579427621266,-0.09195,-0.26386617356282116,-0.13305977658189025
2025-05-13,0.0005645812006029227,-0.09133385342277596,0.0,-0.0911,-0.4370114530611602,-0.006140089185458648
2025-05-14,-0.0020700666702173037,-0.1862,0.0926530918213314,-0.1862,0.02902114843961101,0.02215761241277024
2025-05-15,0.0031603133724953532,-0.08915,0.09325808535901649,-0.08915,-0.7533785506273887,-0.017223106418769396
2025-05-16,0.0004319108002430275,-0.0886797874417976,0.0,-0.0862,-0.6418135086602206,-0.004844765005530315
2025-05-19,-0.0011718011103545936,-0.1814,0.09149291761833422,-0.1814,1.074087511653488,0.012697985460153249
2025-05-20,0.0014736710060847802,-0.1796615669517906,0.0,-0.1809,2.002023020238795,-0.008123875446994378
2025-05-21,-0.011891936413205288,-0.19385886060848845,0.0,-0.2087,1.0849005493395296,0.066190764196086
2025-05-22,0.001407058164625063,-0.19218139204709453,0.0,-0.2028,0.5077104822623113,-0.007258157611205173
2025-05-23,-0.011234440411155453,-0.20572706086449427,0.0,-0.2229,1.9757978372483684,0.05845748275359784
2025-05-26,-0.0,-0.20572706086449427,0.0,-0.2057,9.366754765592804,0.0
2025-05-27,0.01904557029137351,-0.18319248521903034,0.0,-0.18960000000000002,3.6687879197105904,-0.09257688420444701
2025-05-28,-0.0022239349456639754,-0.18582969331359647,0.0,-0.1931,3.676716237991478,0.012139880863589865
2025-05-29,-0.0004724356074376925,-0.1863901862819107,0.0,-0.1918,3.6206442569610306,0.0025423041873100165
2025-05-30,-0.0011197677712466766,-0.18772015703501854,0.0,-0.1857,3.4192679717416183,0.006007654123769449
