Date,Adj Close,Close,High,Low,Open,Volume
2018-01-01,1318.8162841796875,1423.0,1423.0,1423.0,1423.0,0
2018-01-02,1318.8162841796875,1423.0,1423.0,1423.0,1423.0,0
2018-01-03,1318.8162841796875,1423.0,1423.0,1423.0,1423.0,0
2018-01-04,1492.125,1610.0,1622.5,1479.0,1482.5,3264200
2018-01-05,1598.705322265625,1725.0,1725.0,1620.0,1627.5,2724600
2018-01-08,1598.705322265625,1725.0,1725.0,1725.0,1725.0,0
2018-01-09,1631.142822265625,1760.0,1810.0,1715.0,1725.0,2781200
2018-01-10,1628.8260498046875,1757.5,1762.5,1720.0,1745.0,1400000
2018-01-11,1591.7548828125,1717.5,1747.5,1700.0,1722.5,970400
2018-01-12,1668.2144775390625,1800.0,1805.0,1725.0,1727.5,1449800
2018-01-15,1658.9462890625,1790.0,1847.5,1775.0,1835.0,1177600
2018-01-16,1686.7501220703125,1820.0,1822.5,1777.5,1790.0,811400
2018-01-17,1828.085205078125,1972.5,1975.0,1807.5,1812.5,2368600
2018-01-18,1841.9866943359375,1987.5,2130.0,1975.0,2112.5,3528400
2018-01-19,1888.326171875,2037.5,2050.0,1992.5,2015.0,1324800
2018-01-22,1865.156494140625,2012.5,2072.5,1990.0,2040.0,1405600
2018-01-23,1932.3485107421875,2085.0,2097.5,2015.0,2037.5,1452000
2018-01-24,1828.085205078125,1972.5,2052.5,1965.0,2050.0,1738000
2018-01-25,1811.866455078125,1955.0,1992.5,1892.5,1905.0,1569000
2018-01-26,1795.6474609375,1937.5,1990.0,1927.5,1955.0,754400
2018-01-29,1846.6204833984375,1992.5,1997.5,1942.5,1950.0,920600
2018-01-30,1818.817138671875,1962.5,1995.0,1925.0,1980.0,1396000
2018-01-31,1804.9151611328125,1947.5,1995.0,1925.0,1932.5,737800
2018-02-01,1837.352783203125,1982.5,1990.0,1955.0,1975.0,746400
2018-02-02,1846.6204833984375,1992.5,2032.5,1957.5,1957.5,858800
2018-02-05,1788.6966552734375,1930.0,1945.0,1880.0,1887.5,868200
2018-02-06,1735.406494140625,1872.5,1887.5,1647.5,1650.0,2541400
2018-02-07,1756.2589111328125,1895.0,2020.0,1892.5,2010.0,922600
2018-02-08,1890.64306640625,2040.0,2065.0,1915.0,1930.0,2454400
2018-02-09,1835.0360107421875,1980.0,1982.5,1872.5,1925.0,1763600
2018-02-12,1835.0360107421875,1980.0,1980.0,1980.0,1980.0,0
2018-02-13,1809.54931640625,1952.5,2032.5,1940.0,2032.5,872600
2018-02-14,1779.428955078125,1920.0,1970.0,1882.5,1920.0,1143800
2018-02-15,1906.8614501953125,2057.5,2092.5,1922.5,1925.0,1478200
2018-02-16,1906.8614501953125,2057.5,2102.5,2035.0,2090.0,1013600
2018-02-19,1981.0042724609375,2137.5,2140.0,2052.5,2080.0,1095800
2018-02-20,1978.687255859375,2135.0,2140.0,2090.0,2140.0,927000
2018-02-21,2036.6114501953125,2197.5,2212.5,2082.5,2120.0,1210600
2018-02-22,2034.294921875,2195.0,2210.0,2145.0,2167.5,614200
2018-02-23,2034.294921875,2195.0,2222.5,2165.0,2205.0,842200
2018-02-26,1981.0042724609375,2137.5,2222.5,2077.5,2200.0,1119800
2018-02-27,2057.464111328125,2220.0,2245.0,2160.0,2162.5,1259200
2018-02-28,2055.14697265625,2217.5,2242.5,2202.5,2220.0,784200
2018-03-01,2008.807861328125,2167.5,2205.0,2140.0,2192.5,828400
2018-03-02,1992.58935546875,2150.0,2172.5,2100.0,2100.0,729400
2018-03-05,1913.8125,2065.0,2162.5,2052.5,2152.5,957000
2018-03-06,2011.1243896484375,2170.0,2195.0,2130.0,2130.0,941200
2018-03-07,1999.5401611328125,2157.5,2190.0,2122.5,2152.5,657800
2018-03-08,2122.33935546875,2290.0,2290.0,2185.0,2200.0,1385200
2018-03-09,2099.169921875,2265.0,2302.5,2237.5,2290.0,1102800
2018-03-12,2126.97314453125,2295.0,2357.5,2265.0,2312.5,1014400
2018-03-13,2117.70556640625,2285.0,2285.0,2212.5,2250.0,1244800
2018-03-14,2085.268310546875,2250.0,2260.0,2207.5,2235.0,919000
2018-03-15,2069.04931640625,2232.5,2250.0,2197.5,2235.0,777200
2018-03-16,2018.076416015625,2177.5,2235.0,2172.5,2210.0,835200
2018-03-19,1892.9598388671875,2042.5,2140.0,2015.0,2120.0,1699600
2018-03-20,1862.8394775390625,2010.0,2032.5,1962.5,1990.0,1270200
2018-03-21,1862.8394775390625,2010.0,2010.0,2010.0,2010.0,0
2018-03-22,1830.401611328125,1975.0,2010.0,1955.0,1982.5,1363000
2018-03-23,1777.1116943359375,1917.5,1955.0,1875.0,1905.0,1815000
2018-03-26,1730.7724609375,1867.5,1875.0,1792.5,1867.5,1959800
2018-03-27,1802.598388671875,1945.0,1982.5,1935.0,1962.5,1079600
2018-03-28,1728.4554443359375,1865.0,1917.5,1852.5,1875.0,1117800
2018-03-29,1756.2589111328125,1895.0,1907.5,1870.0,1900.0,860200
2018-03-30,1811.866455078125,1955.0,1970.0,1900.0,1922.5,1003400
2018-04-02,1835.0360107421875,1980.0,2025.0,1977.5,1977.5,791600
2018-04-03,1802.598388671875,1945.0,1957.5,1907.5,1922.5,821800
2018-04-04,1740.040283203125,1877.5,1997.5,1875.0,1980.0,828400
2018-04-05,1765.5269775390625,1905.0,1915.0,1875.0,1902.5,527600
2018-04-06,1779.428955078125,1920.0,1945.0,1897.5,1917.5,597200
2018-04-09,1765.5269775390625,1905.0,1917.5,1852.5,1885.0,621600
2018-04-10,1781.7454833984375,1922.5,1945.0,1872.5,1905.0,830600
2018-04-11,1784.0626220703125,1925.0,1997.5,1925.0,1955.0,922200
2018-04-12,1779.428955078125,1920.0,1942.5,1897.5,1922.5,509600
2018-04-13,1860.5224609375,2007.5,2017.5,1940.0,1940.0,748800
2018-04-16,1844.3035888671875,1990.0,2035.0,1985.0,2017.5,650400
2018-04-17,1872.107177734375,2020.0,2042.5,1985.0,1990.0,947000
2018-04-18,1890.64306640625,2040.0,2045.0,1990.0,2032.5,782800
2018-04-19,1804.9151611328125,1947.5,2007.5,1922.5,1990.0,1103600
2018-04-20,1918.44677734375,2070.0,2087.5,1905.0,1907.5,1762600
2018-04-23,1786.379638671875,1927.5,2030.0,1895.0,2027.5,1671800
2018-04-24,1772.4779052734375,1912.5,1937.5,1887.5,1932.5,859800
2018-04-25,1679.7991943359375,1812.5,1870.0,1765.0,1870.0,1693200
2018-04-26,1647.3616943359375,1777.5,1870.0,1777.5,1817.5,1782600
2018-04-27,1691.38427734375,1825.0,1870.0,1817.5,1847.5,1153400
2018-04-30,1691.38427734375,1825.0,1825.0,1825.0,1825.0,0
2018-05-01,1730.7724609375,1867.5,1877.5,1775.0,1790.0,2004200
2018-05-02,1756.2589111328125,1895.0,1960.0,1870.0,1895.0,1197600
2018-05-03,1756.2589111328125,1895.0,1895.0,1895.0,1895.0,0
2018-05-04,1756.2589111328125,1895.0,1895.0,1895.0,1895.0,0
2018-05-07,1779.428955078125,1920.0,1955.0,1907.5,1925.0,751000
2018-05-08,1791.0135498046875,1932.5,1945.0,1890.0,1922.5,598200
2018-05-09,1756.2589111328125,1895.0,1942.5,1870.0,1932.5,556600
2018-05-10,1753.9420166015625,1892.5,1917.5,1875.0,1895.0,369400
2018-05-11,1770.16064453125,1910.0,1932.5,1890.0,1890.0,544200
2018-05-14,1772.4779052734375,1912.5,1917.5,1885.0,1915.0,344000
2018-05-15,1753.9420166015625,1892.5,1950.0,1870.0,1922.5,630200
2018-05-16,1740.040283203125,1877.5,1900.0,1852.5,1852.5,535200
2018-05-17,1758.5760498046875,1897.5,1932.5,1895.0,1915.0,542000
2018-05-18,1786.379638671875,1927.5,1932.5,1882.5,1895.0,534800
2018-05-21,1749.3082275390625,1887.5,1917.5,1875.0,1917.5,409000
2018-05-22,1726.1385498046875,1862.5,1902.5,1855.0,1900.0,305200
2018-05-23,1733.0892333984375,1870.0,1902.5,1857.5,1862.5,408400
2018-05-24,1716.8707275390625,1852.5,1880.0,1840.0,1870.0,359800
2018-05-25,1705.28564453125,1840.0,1865.0,1827.5,1865.0,410800
2018-05-28,1709.9197998046875,1845.0,1880.0,1832.5,1855.0,630400
2018-05-29,1707.6026611328125,1842.5,1865.0,1827.5,1840.0,420000
2018-05-30,1677.4822998046875,1810.0,1835.0,1800.0,1807.5,454400
2018-05-31,1721.50439453125,1857.5,1862.5,1825.0,1830.0,662400
2018-06-01,1723.8214111328125,1860.0,1870.0,1832.5,1840.0,606200
2018-06-04,1730.7724609375,1867.5,1902.5,1850.0,1902.5,416000
2018-06-05,1751.625244140625,1890.0,1910.0,1872.5,1872.5,534200
2018-06-06,1698.3350830078125,1832.5,1890.0,1825.0,1890.0,546200
2018-06-07,1714.553955078125,1850.0,1855.0,1817.5,1835.0,298800
2018-06-08,1689.0672607421875,1822.5,1857.5,1805.0,1825.0,422000
2018-06-11,1665.8975830078125,1797.5,1840.0,1792.5,1815.0,400000
2018-06-12,1573.21875,1697.5,1800.0,1662.5,1800.0,1382200
2018-06-13,1577.85302734375,1702.5,1735.0,1690.0,1697.5,614600
2018-06-14,1591.7548828125,1717.5,1747.5,1702.5,1717.5,756000
2018-06-15,1496.759033203125,1615.0,1715.0,1582.5,1697.5,3368800
2018-06-18,1506.0269775390625,1625.0,1670.0,1600.0,1610.0,1278800
2018-06-19,1475.9063720703125,1592.5,1650.0,1580.0,1635.0,868600
2018-06-20,1526.8797607421875,1647.5,1655.0,1572.5,1610.0,1299000
2018-06-21,1538.4642333984375,1660.0,1687.5,1615.0,1640.0,1122800
2018-06-22,1557.0001220703125,1680.0,1697.5,1620.0,1627.5,968000
2018-06-25,1524.5626220703125,1645.0,1692.5,1642.5,1685.0,652400
2018-06-26,1517.6116943359375,1637.5,1647.5,1595.0,1612.5,646800
2018-06-27,1541.87109375,1652.5,1697.5,1632.5,1647.5,1265800
2018-06-28,1434.570068359375,1537.5,1630.0,1532.5,1630.0,1366200
2018-06-29,1455.5638427734375,1560.0,1565.0,1520.0,1562.5,937600
2018-07-02,1420.5740966796875,1522.5,1595.0,1512.5,1560.0,582600
2018-07-03,1422.90673828125,1525.0,1552.5,1492.5,1510.0,705600
2018-07-04,1329.134765625,1424.5,1500.0,1421.5,1490.0,839400
2018-07-05,1319.80419921875,1414.5,1448.0,1406.5,1410.0,507800
2018-07-06,1349.662109375,1446.5,1450.5,1409.0,1425.0,591400
2018-07-09,1374.854736328125,1473.5,1484.0,1441.5,1450.0,449200
2018-07-10,1393.5155029296875,1493.5,1527.5,1481.5,1500.0,674600
2018-07-11,1396.7811279296875,1497.0,1512.5,1452.5,1475.0,498800
2018-07-12,1395.8482666015625,1496.0,1510.0,1462.0,1481.5,450400
2018-07-13,1450.8984375,1555.0,1565.0,1517.5,1517.5,469400
2018-07-16,1450.8984375,1555.0,1555.0,1555.0,1555.0,0
2018-07-17,1436.902587890625,1540.0,1590.0,1535.0,1575.0,391000
2018-07-18,1450.8984375,1555.0,1600.0,1542.5,1577.5,488000
2018-07-19,1548.8690185546875,1660.0,1695.0,1615.0,1620.0,1025800
2018-07-20,1511.5465087890625,1620.0,1652.5,1607.5,1650.0,613800
2018-07-23,1476.5572509765625,1582.5,1620.0,1575.0,1612.5,312400
2018-07-24,1504.548828125,1612.5,1630.0,1575.0,1595.0,371600
2018-07-25,1490.5533447265625,1597.5,1612.5,1577.5,1602.5,437400
2018-07-26,1534.8734130859375,1645.0,1670.0,1627.5,1640.0,430400
2018-07-27,1562.86474609375,1675.0,1677.5,1647.5,1655.0,335200
2018-07-30,1537.2056884765625,1647.5,1675.0,1640.0,1670.0,330400
2018-07-31,1539.538330078125,1650.0,1667.5,1612.5,1630.0,390600
2018-08-01,1565.1973876953125,1677.5,1695.0,1660.0,1670.0,327600
2018-08-02,1576.860595703125,1690.0,1722.5,1677.5,1705.0,387800
2018-08-03,1553.534423828125,1665.0,1692.5,1630.0,1692.5,416600
2018-08-06,1506.8817138671875,1615.0,1645.0,1607.5,1635.0,479400
2018-08-07,1483.555419921875,1590.0,1615.0,1570.0,1592.5,456000
2018-08-08,1530.2080078125,1640.0,1672.5,1580.0,1587.5,806200
2018-08-09,1772.8017578125,1900.0,1915.0,1750.0,1815.0,2224600
2018-08-10,1700.490234375,1822.5,1895.0,1807.5,1895.0,1170600
2018-08-13,1600.18701171875,1715.0,1800.0,1712.5,1787.5,787800
2018-08-14,1642.1744384765625,1760.0,1810.0,1715.0,1750.0,1413400
2018-08-15,1667.83349609375,1787.5,1817.5,1735.0,1767.5,1405200
2018-08-16,1637.5093994140625,1755.0,1787.5,1720.0,1735.0,882000
2018-08-17,1644.5069580078125,1762.5,1772.5,1752.5,1760.0,600000
2018-08-20,1590.8563232421875,1705.0,1760.0,1705.0,1750.0,583200
2018-08-21,1728.481689453125,1852.5,1857.5,1722.5,1775.0,2483400
2018-08-22,1800.793701171875,1930.0,1942.5,1847.5,1872.5,1274800
2018-08-23,1854.4442138671875,1987.5,2000.0,1917.5,1945.0,1186200
2018-08-24,1877.7703857421875,2012.5,2017.5,1955.0,1992.5,711000
2018-08-27,1889.4334716796875,2025.0,2027.5,2002.5,2020.0,572400
2018-08-28,1849.7786865234375,1982.5,2037.5,1967.5,2025.0,686000
2018-08-29,1868.43994140625,2002.5,2010.0,1985.0,2000.0,482200
2018-08-30,1917.4251708984375,2055.0,2057.5,2005.0,2025.0,990000
2018-08-31,1929.088134765625,2067.5,2075.0,2032.5,2035.0,562200
2018-09-03,1901.096435546875,2037.5,2072.5,2020.0,2070.0,372400
2018-09-04,1938.4188232421875,2077.5,2097.5,2062.5,2072.5,510200
2018-09-05,1931.4210205078125,2070.0,2120.0,2065.0,2092.5,784200
2018-09-06,1905.76220703125,2042.5,2055.0,1982.5,2045.0,672600
2018-09-07,1805.4586181640625,1935.0,1980.0,1912.5,1975.0,990800
2018-09-10,1796.1279296875,1925.0,1960.0,1920.0,1935.0,547600
2018-09-11,1852.1114501953125,1985.0,1995.0,1902.5,1922.5,937400
2018-09-12,1831.1177978515625,1962.5,2007.5,1945.0,2002.5,766200
2018-09-13,1828.7847900390625,1960.0,1977.5,1930.0,1942.5,615000
2018-09-14,1812.45654296875,1942.5,2050.0,1930.0,2000.0,1320600
2018-09-17,1812.45654296875,1942.5,1942.5,1942.5,1942.5,0
2018-09-18,1775.134521484375,1902.5,1917.5,1867.5,1897.5,747200
2018-09-19,1772.8017578125,1900.0,1925.0,1885.0,1905.0,817000
2018-09-20,1772.8017578125,1900.0,1932.5,1882.5,1930.0,436800
2018-09-21,1737.8123779296875,1862.5,1922.5,1850.0,1922.5,657800
2018-09-24,1737.8123779296875,1862.5,1862.5,1862.5,1862.5,0
2018-09-25,1789.130126953125,1917.5,1937.5,1870.0,1885.0,992000
2018-09-26,1754.1407470703125,1880.0,1907.5,1870.0,1882.5,720600
2018-09-27,1681.8292236328125,1802.5,1880.0,1802.5,1880.0,716800
2018-09-28,1765.80419921875,1892.5,1895.0,1847.5,1855.0,718800
2018-10-01,1782.132568359375,1910.0,1947.5,1892.5,1907.5,516000
2018-10-02,1747.1429443359375,1872.5,1915.0,1860.0,1912.5,561800
2018-10-03,1737.8123779296875,1862.5,1892.5,1845.0,1867.5,516800
2018-10-04,1707.4881591796875,1830.0,1910.0,1815.0,1895.0,616000
2018-10-05,1614.182861328125,1730.0,1807.5,1720.0,1802.5,729800
2018-10-08,1614.182861328125,1730.0,1730.0,1730.0,1730.0,0
2018-10-09,1485.8880615234375,1592.5,1680.0,1582.5,1680.0,1135800
2018-10-10,1539.538330078125,1650.0,1657.5,1592.5,1640.0,793600
2018-10-11,1478.889892578125,1585.0,1617.5,1532.5,1560.0,1028000
2018-10-12,1527.8751220703125,1637.5,1645.0,1552.5,1552.5,724000
2018-10-15,1520.8775634765625,1630.0,1657.5,1612.5,1630.0,704000
2018-10-16,1511.5465087890625,1620.0,1652.5,1585.0,1632.5,736800
2018-10-17,1602.51953125,1717.5,1722.5,1652.5,1685.0,1174400
2018-10-18,1562.86474609375,1675.0,1715.0,1672.5,1715.0,493600
2018-10-19,1504.548828125,1612.5,1617.5,1580.0,1592.5,613200
2018-10-22,1511.5465087890625,1620.0,1635.0,1557.5,1575.0,824600
2018-10-23,1457.896240234375,1562.5,1610.0,1562.5,1585.0,573400
2018-10-24,1413.576416015625,1515.0,1570.0,1512.5,1565.0,699600
2018-10-25,1306.74169921875,1400.5,1448.5,1397.0,1436.0,1367000
2018-10-26,1261.4886474609375,1352.0,1419.5,1336.5,1416.0,864600
2018-10-29,1221.3671875,1309.0,1370.0,1301.5,1350.0,772000
2018-10-30,1455.5638427734375,1560.0,1560.0,1400.5,1484.0,1975800
2018-10-31,1511.5465087890625,1620.0,1647.5,1525.0,1625.0,1295200
2018-11-01,1530.2080078125,1640.0,1657.5,1585.0,1592.5,816800
2018-11-02,1614.182861328125,1730.0,1745.0,1652.5,1655.0,1234200
2018-11-05,1593.1890869140625,1707.5,1725.0,1670.0,1695.0,690400
2018-11-06,1614.182861328125,1730.0,1732.5,1677.5,1695.0,457400
2018-11-07,1625.8458251953125,1742.5,1790.0,1715.0,1730.0,631600
2018-11-08,1707.4881591796875,1830.0,1852.5,1800.0,1800.0,936600
2018-11-09,1576.860595703125,1690.0,1802.5,1680.0,1800.0,1167400
2018-11-12,1588.52392578125,1702.5,1722.5,1652.5,1660.0,447000
2018-11-13,1544.2039794921875,1655.0,1665.0,1592.5,1620.0,631800
2018-11-14,1499.8839111328125,1607.5,1682.5,1600.0,1670.0,495800
2018-11-15,1539.538330078125,1650.0,1685.0,1600.0,1602.5,432400
2018-11-16,1427.572021484375,1530.0,1655.0,1522.5,1650.0,662800
2018-11-19,1548.8690185546875,1660.0,1682.5,1517.5,1540.0,1248000
2018-11-20,1516.2120361328125,1625.0,1667.5,1585.0,1625.0,729000
2018-11-21,1572.1954345703125,1685.0,1702.5,1590.0,1595.0,695200
2018-11-22,1581.52587890625,1695.0,1717.5,1650.0,1692.5,536800
2018-11-23,1581.52587890625,1695.0,1695.0,1695.0,1695.0,0
2018-11-26,1576.860595703125,1690.0,1757.5,1685.0,1747.5,528800
2018-11-27,1597.8544921875,1712.5,1722.5,1655.0,1700.0,494400
2018-11-28,1658.5029296875,1777.5,1785.0,1737.5,1750.0,524600
2018-11-29,1681.8292236328125,1802.5,1877.5,1785.0,1825.0,1291000
2018-11-30,1705.1556396484375,1827.5,1842.5,1770.0,1792.5,966400
2018-12-03,1772.8017578125,1900.0,1942.5,1865.0,1875.0,1213600
2018-12-04,1754.1407470703125,1880.0,1935.0,1872.5,1902.5,831200
2018-12-05,1737.8123779296875,1862.5,1887.5,1825.0,1845.0,555800
2018-12-06,1637.5093994140625,1755.0,1845.0,1720.0,1845.0,844800
2018-12-07,1632.8438720703125,1750.0,1810.0,1737.5,1790.0,595600
2018-12-10,1513.87939453125,1622.5,1710.0,1605.0,1695.0,1176200
2018-12-11,1534.8734130859375,1645.0,1662.5,1600.0,1627.5,800200
2018-12-12,1600.18701171875,1715.0,1745.0,1657.5,1692.5,740000
2018-12-13,1616.5152587890625,1732.5,1747.5,1700.0,1730.0,650400
2018-12-14,1558.1995849609375,1670.0,1747.5,1657.5,1720.0,772800
2018-12-17,1518.544921875,1627.5,1677.5,1617.5,1635.0,693400
2018-12-18,1446.2330322265625,1550.0,1597.5,1532.5,1565.0,951000
2018-12-19,1420.5740966796875,1522.5,1560.0,1470.0,1527.5,816600
2018-12-20,1317.4716796875,1412.0,1484.0,1393.0,1450.0,1409000
2018-12-21,1285.748046875,1378.0,1422.0,1352.5,1411.5,740200
2018-12-24,1285.748046875,1378.0,1378.0,1378.0,1378.0,0
2018-12-25,1187.3106689453125,1272.5,1330.5,1265.0,1303.0,816200
2018-12-26,1217.826904296875,1297.0,1321.5,1266.0,1308.5,577600
2018-12-27,1279.798095703125,1363.0,1386.0,1337.0,1372.0,836400
2018-12-28,1315.478271484375,1401.0,1413.0,1347.5,1370.0,937200
2018-12-31,1315.478271484375,1401.0,1401.0,1401.0,1401.0,0
2019-01-04,1249.281982421875,1330.5,1370.0,1261.5,1351.0,1391800
2019-01-07,1301.3941650390625,1386.0,1409.5,1364.0,1399.0,790800
2019-01-08,1363.3651123046875,1452.0,1471.5,1411.5,1415.5,837600
2019-01-09,1365.242919921875,1454.0,1491.5,1431.5,1459.5,582000
2019-01-10,1348.811279296875,1436.5,1479.5,1422.0,1445.0,450600
2019-01-11,1368.998779296875,1458.0,1489.0,1447.0,1457.0,452600
2019-01-15,1369.9378662109375,1459.0,1471.0,1401.0,1417.5,502400
2019-01-16,1364.7735595703125,1453.5,1485.0,1434.0,1474.5,257200
2019-01-17,1345.9945068359375,1433.5,1466.0,1421.5,1446.5,361400
2019-01-18,1471.81494140625,1567.5,1585.0,1444.5,1449.5,1363200
2019-01-21,1455.3828125,1550.0,1645.0,1545.0,1602.5,642600
2019-01-22,1450.688232421875,1545.0,1582.5,1532.5,1562.5,357000
2019-01-23,1424.866943359375,1517.5,1552.5,1480.0,1512.5,491800
2019-01-24,1565.7103271484375,1667.5,1675.0,1499.5,1500.0,1132600
2019-01-25,1610.310791015625,1715.0,1737.5,1657.5,1687.5,1293000
2019-01-28,1619.700439453125,1725.0,1745.0,1690.0,1715.0,568200
2019-01-29,1626.7423095703125,1732.5,1740.0,1672.5,1702.5,1043800
2019-01-30,1636.132080078125,1742.5,1782.5,1730.0,1730.0,908400
2019-01-31,1671.3427734375,1780.0,1797.5,1765.0,1777.5,619000
2019-02-01,1640.826904296875,1747.5,1807.5,1720.0,1777.5,684200
2019-02-04,1708.9013671875,1820.0,1825.0,1775.0,1775.0,1096600
2019-02-05,1899.0399169921875,2022.5,2030.0,1872.5,1895.0,3354200
2019-02-06,1988.2408447265625,2117.5,2150.0,2047.5,2047.5,2270600
2019-02-07,2030.49365234375,2162.5,2187.5,2120.0,2150.0,1961400
2019-02-08,2028.146728515625,2160.0,2167.5,2067.5,2122.5,1606800
2019-02-12,2002.3253173828125,2132.5,2192.5,2117.5,2170.0,1283200
2019-02-13,2070.399658203125,2205.0,2230.0,2147.5,2167.5,1278000
2019-02-14,2070.399658203125,2205.0,2212.5,2147.5,2185.0,777000
2019-02-15,2011.71484375,2142.5,2220.0,2140.0,2217.5,750400
2019-02-18,2039.8834228515625,2172.5,2210.0,2137.5,2197.5,749800
2019-02-19,2023.451904296875,2155.0,2182.5,2132.5,2150.0,560400
2019-02-20,1943.6402587890625,2070.0,2142.5,2052.5,2140.0,1060600
2019-02-21,1913.1240234375,2037.5,2107.5,2035.0,2080.0,1210800
2019-02-22,1908.4295654296875,2032.5,2082.5,1997.5,2015.0,994800
2019-02-25,1934.2508544921875,2060.0,2137.5,2057.5,2072.5,1135600
2019-02-26,1915.4718017578125,2040.0,2102.5,2027.5,2075.0,914000
2019-02-27,1920.1663818359375,2045.0,2087.5,2032.5,2065.0,620800
2019-02-28,1838.0076904296875,1957.5,2052.5,1947.5,2045.0,1142600
2019-03-01,1955.377197265625,2082.5,2110.0,2027.5,2027.5,1225800
2019-03-04,2053.9677734375,2187.5,2192.5,2110.0,2110.0,1430600
2019-03-05,1985.893798828125,2115.0,2177.5,2095.0,2152.5,796800
2019-03-06,2021.1044921875,2152.5,2157.5,2082.5,2097.5,502800
2019-03-07,1995.2828369140625,2125.0,2135.0,2062.5,2117.5,820200
2019-03-08,1906.082275390625,2030.0,2072.5,1990.0,2070.0,1036400
2019-03-11,1929.5560302734375,2055.0,2070.0,1997.5,2045.0,527200
2019-03-12,2032.8411865234375,2165.0,2182.5,2120.0,2160.0,938600
2019-03-13,2025.7987060546875,2157.5,2210.0,2150.0,2150.0,862000
2019-03-14,1974.156494140625,2102.5,2150.0,2050.0,2137.5,686600
2019-03-15,2016.4097900390625,2147.5,2170.0,2097.5,2145.0,711000
2019-03-18,2021.1044921875,2152.5,2207.5,2150.0,2182.5,500200
2019-03-19,2039.8834228515625,2172.5,2177.5,2110.0,2160.0,474000
2019-03-20,2122.0419921875,2260.0,2275.0,2152.5,2180.0,1347400
2019-03-22,2300.443603515625,2450.0,2477.5,2275.0,2275.0,2320200
2019-03-25,2237.06396484375,2382.5,2392.5,2345.0,2380.0,1239600
2019-03-26,2190.11669921875,2332.5,2355.0,2287.5,2345.0,1013600
2019-03-27,2107.9580078125,2245.0,2277.5,2195.0,2265.0,1725800
2019-03-28,2138.473876953125,2277.5,2282.5,2135.0,2205.0,1130800
2019-03-29,2171.337646484375,2312.5,2345.0,2292.5,2310.0,825600
2019-04-01,2258.1904296875,2405.0,2435.0,2377.5,2380.0,907800
2019-04-02,2291.0546875,2440.0,2470.0,2420.0,2427.5,935200
2019-04-03,2370.865966796875,2525.0,2535.0,2412.5,2412.5,855000
2019-04-04,2417.813720703125,2575.0,2625.0,2560.0,2570.0,923600
2019-04-05,2431.897705078125,2590.0,2600.0,2525.0,2540.0,670000
2019-04-08,2427.203369140625,2585.0,2625.0,2565.0,2615.0,574600
2019-04-09,2422.50830078125,2580.0,2635.0,2575.0,2605.0,550800
2019-04-10,2370.865966796875,2525.0,2580.0,2510.0,2540.0,1109200
2019-04-11,2361.47607421875,2515.0,2550.0,2505.0,2530.0,487000
2019-04-12,2347.3916015625,2500.0,2550.0,2492.5,2550.0,713000
2019-04-15,2384.9501953125,2540.0,2580.0,2530.0,2580.0,703600
2019-04-16,2352.086181640625,2505.0,2555.0,2495.0,2555.0,679400
2019-04-17,2309.833251953125,2460.0,2505.0,2437.5,2500.0,1281000
2019-04-18,2276.97021484375,2425.0,2462.5,2385.0,2425.0,2124000
2019-04-19,2340.349609375,2492.5,2535.0,2472.5,2497.5,962800
2019-04-22,2321.570068359375,2472.5,2545.0,2465.0,2545.0,644000
2019-04-23,2305.138916015625,2455.0,2495.0,2437.5,2470.0,692200
2019-04-24,2326.26513671875,2477.5,2525.0,2457.5,2475.0,926800
2019-04-25,2403.729248046875,2560.0,2580.0,2492.5,2515.0,834800
2019-04-26,2361.47607421875,2515.0,2535.0,2415.0,2525.0,1336000
2019-05-07,2140.82080078125,2280.0,2437.5,2217.5,2375.0,2310200
2019-05-08,2208.895263671875,2352.5,2380.0,2245.0,2257.5,1147600
2019-05-09,2140.82080078125,2280.0,2372.5,2275.0,2335.0,873200
2019-05-10,2154.90576171875,2295.0,2322.5,2240.0,2265.0,1087400
2019-05-13,2002.3253173828125,2132.5,2235.0,2127.5,2227.5,1240000
2019-05-14,1990.5882568359375,2120.0,2140.0,2020.0,2027.5,1416400
2019-05-15,2016.4097900390625,2147.5,2162.5,2080.0,2145.0,668400
2019-05-16,1967.1142578125,2095.0,2172.5,2082.5,2165.0,508800
2019-05-17,1988.2408447265625,2117.5,2167.5,2110.0,2130.0,712200
2019-05-20,1927.208740234375,2052.5,2147.5,2050.0,2132.5,510400
2019-05-21,1908.4295654296875,2032.5,2050.0,1957.5,2012.5,1109200
2019-05-22,1908.4295654296875,2032.5,2110.0,2032.5,2080.0,852000
2019-05-23,1802.796875,1920.0,1987.5,1912.5,1987.5,1014400
2019-05-24,1807.4915771484375,1925.0,1940.0,1860.0,1892.5,931200
2019-05-27,1800.4493408203125,1917.5,1935.0,1897.5,1900.0,357200
2019-05-28,1821.5760498046875,1940.0,1955.0,1900.0,1912.5,613600
2019-05-29,1821.5760498046875,1940.0,1947.5,1900.0,1925.0,573200
2019-05-30,1751.1544189453125,1865.0,1885.0,1825.0,1860.0,1767400
2019-05-31,1784.017822265625,1900.0,1920.0,1850.0,1867.5,1093600
2019-06-03,1807.4915771484375,1925.0,1950.0,1855.0,1865.0,1080600
2019-06-04,1791.059814453125,1907.5,1925.0,1842.5,1915.0,983200
2019-06-05,1870.87109375,1992.5,2012.5,1952.5,1977.5,984400
2019-06-06,1737.06982421875,1850.0,1952.5,1850.0,1950.0,1000000
2019-06-07,1772.2806396484375,1887.5,1905.0,1855.0,1872.5,572800
2019-06-10,1856.787109375,1977.5,1995.0,1935.0,1950.0,894200
2019-06-11,1868.5238037109375,1990.0,2027.5,1980.0,1997.5,704400
2019-06-12,1891.9976806640625,2015.0,2027.5,1975.0,2005.0,686800
2019-06-13,1833.3128662109375,1952.5,1980.0,1917.5,1972.5,731600
2019-06-14,1781.67041015625,1897.5,1950.0,1880.0,1927.5,791600
2019-06-17,1722.9854736328125,1835.0,1880.0,1812.5,1875.0,875800
2019-06-18,1720.6380615234375,1832.5,1847.5,1802.5,1820.0,688600
2019-06-19,1856.787109375,1977.5,1982.5,1922.5,1930.0,844800
2019-06-20,1863.8289794921875,1985.0,1992.5,1910.0,1965.0,631600
2019-06-21,1873.2186279296875,1995.0,2065.0,1982.5,2027.5,1589800
2019-06-24,1899.0399169921875,2022.5,2025.0,1955.0,1980.0,497000
2019-06-25,1882.6082763671875,2005.0,2040.0,1997.5,2022.5,558200
2019-06-26,1918.566650390625,2027.5,2062.5,1970.0,1980.0,883400
2019-06-27,1989.53662109375,2102.5,2120.0,2060.0,2060.0,1080600
2019-06-28,2020.2911376953125,2135.0,2142.5,2095.0,2105.0,1123400
2019-07-01,2124.381103515625,2245.0,2255.0,2170.0,2205.0,1466200
2019-07-02,2169.32861328125,2292.5,2300.0,2240.0,2255.0,1097000
2019-07-03,2039.2159423828125,2155.0,2247.5,2145.0,2245.0,921800
2019-07-04,2093.626953125,2212.5,2220.0,2130.0,2187.5,849000
2019-07-05,2095.992431640625,2215.0,2225.0,2180.0,2182.5,590000
2019-07-08,2039.2159423828125,2155.0,2212.5,2145.0,2212.5,629200
2019-07-09,2046.31298828125,2162.5,2177.5,2145.0,2170.0,565400
2019-07-10,2062.872802734375,2180.0,2195.0,2145.0,2150.0,376000
2019-07-11,2103.090087890625,2222.5,2247.5,2172.5,2180.0,504400
2019-07-12,2027.3876953125,2142.5,2215.0,2125.0,2210.0,731400
2019-07-16,2055.7763671875,2172.5,2222.5,2165.0,2192.5,720600
2019-07-17,2091.26171875,2210.0,2217.5,2117.5,2142.5,960000
2019-07-18,2098.358642578125,2217.5,2267.5,2200.0,2215.0,1268000
2019-07-19,2245.0302734375,2372.5,2410.0,2315.0,2322.5,2001400
2019-07-22,2346.7548828125,2480.0,2485.0,2390.0,2395.0,1687400
2019-07-23,2375.142578125,2510.0,2540.0,2485.0,2485.0,796200
2019-07-24,2427.18798828125,2565.0,2605.0,2555.0,2560.0,1038400
2019-07-25,2460.307373046875,2600.0,2645.0,2565.0,2615.0,886000
2019-07-26,2436.650634765625,2575.0,2580.0,2525.0,2555.0,667600
2019-07-29,2441.3818359375,2580.0,2590.0,2525.0,2580.0,488400
2019-07-30,2493.4267578125,2635.0,2670.0,2570.0,2575.0,529800
2019-07-31,2493.4267578125,2635.0,2660.0,2580.0,2600.0,502800
2019-08-01,2488.695068359375,2630.0,2660.0,2585.0,2590.0,443000
2019-08-02,2446.11328125,2585.0,2595.0,2530.0,2560.0,696200
2019-08-05,2389.336181640625,2525.0,2560.0,2490.0,2530.0,858000
2019-08-06,2351.48583984375,2485.0,2515.0,2400.0,2412.5,1014600
2019-08-07,2370.4111328125,2505.0,2530.0,2460.0,2515.0,876000
2019-08-08,2701.606689453125,2855.0,2885.0,2685.0,2845.0,3592200
2019-08-09,2578.59130859375,2725.0,2920.0,2690.0,2900.0,2103800
2019-08-13,2621.173828125,2770.0,2795.0,2675.0,2680.0,1160200
2019-08-14,2682.68115234375,2835.0,2885.0,2815.0,2870.0,1038400
2019-08-15,2786.771240234375,2945.0,2960.0,2765.0,2780.0,2120200
2019-08-16,2834.084716796875,2995.0,3060.0,2965.0,2995.0,1774000
2019-08-19,2734.726318359375,2890.0,3005.0,2840.0,2990.0,1315400
2019-08-20,2966.56298828125,3135.0,3135.0,2940.0,2960.0,1790000
2019-08-21,2890.860595703125,3055.0,3150.0,3020.0,3125.0,1529600
2019-08-22,2857.741455078125,3020.0,3120.0,2990.0,3100.0,916400
2019-08-23,2890.860595703125,3055.0,3090.0,2950.0,2990.0,717200
2019-08-26,2744.18896484375,2900.0,2995.0,2875.0,2955.0,1244600
2019-08-27,2805.69677734375,2965.0,3000.0,2930.0,2950.0,720000
2019-08-28,2777.30810546875,2935.0,3000.0,2925.0,2960.0,606400
2019-08-29,2786.771240234375,2945.0,2985.0,2940.0,2965.0,1388200
2019-08-30,2881.39794921875,3045.0,3070.0,2990.0,2995.0,910800
2019-09-02,2980.756591796875,3150.0,3175.0,3035.0,3045.0,1104000
2019-09-03,2999.681884765625,3170.0,3190.0,3110.0,3150.0,1006200
2019-09-04,2999.681884765625,3170.0,3200.0,3125.0,3150.0,743400
2019-09-05,3094.3095703125,3270.0,3295.0,3155.0,3205.0,1235000
2019-09-06,3070.653076171875,3245.0,3345.0,3190.0,3300.0,1077800
2019-09-09,3113.234619140625,3290.0,3310.0,3230.0,3260.0,765800
2019-09-10,2985.488037109375,3155.0,3285.0,3145.0,3285.0,1059600
2019-09-11,3056.458740234375,3230.0,3230.0,3100.0,3140.0,858600
2019-09-12,3070.653076171875,3245.0,3315.0,3235.0,3290.0,759800
2019-09-13,3023.33935546875,3195.0,3250.0,3125.0,3250.0,1193800
2019-09-17,3122.697509765625,3300.0,3310.0,3205.0,3210.0,944200
2019-09-18,3056.458740234375,3230.0,3310.0,3200.0,3295.0,747200
2019-09-19,3113.234619140625,3290.0,3350.0,3260.0,3270.0,887600
2019-09-20,3170.01123046875,3350.0,3380.0,3280.0,3295.0,950800
2019-09-24,3174.74267578125,3355.0,3435.0,3315.0,3350.0,1082200
2019-09-25,3146.3544921875,3325.0,3345.0,3290.0,3325.0,543200
2019-09-26,3174.74267578125,3355.0,3415.0,3340.0,3390.0,666200
2019-09-27,3198.3994140625,3380.0,3390.0,3200.0,3345.0,954800
2019-09-30,3198.3994140625,3380.0,3400.0,3325.0,3330.0,698600
2019-10-01,3240.98193359375,3425.0,3430.0,3355.0,3400.0,772600
2019-10-02,3250.44384765625,3435.0,3460.0,3360.0,3380.0,591000
2019-10-03,3278.832275390625,3465.0,3495.0,3385.0,3385.0,739800
2019-10-04,3264.638671875,3450.0,3500.0,3370.0,3500.0,1280400
2019-10-07,3430.236083984375,3625.0,3630.0,3460.0,3480.0,1561200
2019-10-08,3586.37109375,3790.0,3795.0,3655.0,3685.0,1651000
2019-10-09,3524.863037109375,3725.0,3800.0,3685.0,3745.0,1489400
2019-10-10,3548.519775390625,3750.0,3775.0,3670.0,3770.0,1168600
2019-10-11,3657.341796875,3865.0,3880.0,3770.0,3785.0,1379200
2019-10-15,3690.460693359375,3900.0,3950.0,3855.0,3935.0,1139800
2019-10-16,3785.087890625,4000.0,4025.0,3865.0,3950.0,2170600
2019-10-17,3671.53515625,3880.0,3920.0,3725.0,3880.0,2143200
2019-10-18,3633.6845703125,3840.0,3885.0,3760.0,3875.0,2154000
2019-10-21,3543.788818359375,3745.0,3830.0,3745.0,3815.0,1603600
2019-10-23,3624.22216796875,3830.0,3840.0,3690.0,3770.0,1150000
2019-10-24,3709.3857421875,3920.0,3940.0,3830.0,3855.0,1231000
2019-10-25,3761.431396484375,3975.0,3980.0,3835.0,3925.0,1496600
2019-10-28,3851.327392578125,4070.0,4135.0,4015.0,4015.0,1821800
2019-10-29,3851.327392578125,4070.0,4095.0,3885.0,4000.0,2846600
2019-10-30,3931.760009765625,4155.0,4175.0,4040.0,4100.0,2065800
2019-10-31,3709.3857421875,3920.0,4195.0,3880.0,4170.0,2490800
2019-11-01,3761.431396484375,3975.0,4000.0,3790.0,3875.0,1348200
2019-11-05,3671.53515625,3880.0,4060.0,3870.0,4060.0,1524600
2019-11-06,3742.50537109375,3955.0,4000.0,3845.0,3900.0,1305200
2019-11-07,3766.162841796875,3980.0,3990.0,3860.0,3895.0,1296000
2019-11-08,3723.58056640625,3935.0,4005.0,3890.0,4000.0,885800
2019-11-11,3747.23779296875,3960.0,3990.0,3915.0,3925.0,814400
2019-11-12,3837.13330078125,4055.0,4060.0,3940.0,3940.0,1045400
2019-11-13,4012.193359375,4240.0,4255.0,4075.0,4075.0,2976200
2019-11-14,3931.760009765625,4155.0,4235.0,4145.0,4200.0,1279400
2019-11-15,4106.81982421875,4340.0,4365.0,4110.0,4155.0,1893400
2019-11-18,4296.07470703125,4540.0,4595.0,4380.0,4400.0,2536800
2019-11-19,4182.5234375,4420.0,4535.0,4385.0,4535.0,2138000
2019-11-20,4125.74560546875,4360.0,4470.0,4330.0,4370.0,1505000
2019-11-21,4097.357421875,4330.0,4360.0,4180.0,4320.0,2025200
2019-11-22,4064.23876953125,4295.0,4325.0,4190.0,4255.0,1318800
2019-11-25,4139.9404296875,4375.0,4420.0,4330.0,4385.0,1170600
2019-11-26,4333.92578125,4580.0,4630.0,4490.0,4500.0,2766800
2019-11-27,4376.5078125,4625.0,4650.0,4505.0,4615.0,1826400
2019-11-28,4404.89697265625,4655.0,4690.0,4590.0,4625.0,1286400
2019-11-29,4471.13623046875,4725.0,4805.0,4690.0,4710.0,1789000
2019-12-02,4532.64306640625,4790.0,4815.0,4700.0,4705.0,1173000
2019-12-03,4613.07568359375,4875.0,4910.0,4735.0,4745.0,1824600
2019-12-04,4570.494140625,4830.0,4900.0,4740.0,4840.0,1716200
2019-12-05,4660.38916015625,4925.0,4980.0,4840.0,4925.0,1828800
2019-12-06,4669.8525390625,4935.0,5005.0,4890.0,4935.0,1961000
2019-12-09,4532.64306640625,4790.0,4995.0,4780.0,4995.0,1571600
2019-12-10,4551.56884765625,4810.0,4850.0,4630.0,4705.0,1710400
2019-12-11,4542.10546875,4800.0,4850.0,4760.0,4785.0,897400
2019-12-12,4617.8076171875,4880.0,4945.0,4830.0,4845.0,1285800
2019-12-13,4660.38916015625,4925.0,4985.0,4870.0,4975.0,1400400
2019-12-16,4693.509765625,4960.0,5035.0,4920.0,4950.0,1385600
2019-12-17,4693.509765625,4960.0,5020.0,4860.0,5020.0,1401600
2019-12-18,4778.67236328125,5050.0,5130.0,4940.0,4970.0,2539800
2019-12-19,4825.98828125,5100.0,5130.0,5025.0,5050.0,1185600
2019-12-20,5124.06298828125,5415.0,5440.0,5145.0,5145.0,3235400
2019-12-23,5114.60009765625,5405.0,5585.0,5340.0,5535.0,2157800
2019-12-24,5232.884765625,5530.0,5555.0,5355.0,5400.0,2020000
2019-12-25,5266.00439453125,5565.0,5600.0,5485.0,5550.0,1501200
2019-12-26,5261.27197265625,5560.0,5570.0,5495.0,5525.0,2578800
2019-12-27,5418.31787109375,5710.0,5780.0,5530.0,5600.0,1887200
2019-12-30,5275.98095703125,5560.0,5690.0,5370.0,5690.0,2014500
2020-01-06,5200.06640625,5480.0,5550.0,5330.0,5360.0,1395200
2020-01-07,5162.1103515625,5440.0,5550.0,5350.0,5530.0,1331300
2020-01-08,5143.1328125,5420.0,5460.0,5220.0,5390.0,1711600
2020-01-09,5342.4052734375,5630.0,5720.0,5520.0,5590.0,2204600
2020-01-10,5456.2744140625,5750.0,5750.0,5610.0,5650.0,1453000
2020-01-14,5627.08056640625,5930.0,6010.0,5830.0,5840.0,2174200
2020-01-15,5541.677734375,5840.0,6000.0,5810.0,5920.0,1581100
2020-01-16,5446.78564453125,5740.0,5830.0,5660.0,5830.0,1455600
2020-01-17,5399.33984375,5690.0,5890.0,5650.0,5880.0,1183800
2020-01-20,5522.69921875,5820.0,5830.0,5570.0,5660.0,1017800
2020-01-21,5551.16748046875,5850.0,5920.0,5760.0,5860.0,1025000
2020-01-22,5693.50439453125,6000.0,6030.0,5770.0,5800.0,1589200
2020-01-23,5636.5693359375,5940.0,6070.0,5920.0,5960.0,1277600
2020-01-24,5712.48291015625,6020.0,6100.0,5940.0,6010.0,1338000
2020-01-27,5627.08056640625,5930.0,6020.0,5830.0,5880.0,1068200
2020-01-28,5608.1015625,5910.0,5940.0,5730.0,5800.0,1140800
2020-01-29,5513.2099609375,5810.0,6000.0,5730.0,6000.0,1332500
2020-01-30,5181.0888671875,5460.0,5880.0,5280.0,5790.0,3348100
2020-01-31,5228.53466796875,5510.0,5560.0,5350.0,5500.0,1161600
2020-02-03,5228.53466796875,5510.0,5550.0,5080.0,5110.0,1731700
2020-02-04,5133.64208984375,5410.0,5680.0,5270.0,5640.0,3094000
2020-02-05,4915.39208984375,5180.0,5550.0,5150.0,5440.0,2916700
2020-02-06,5238.0244140625,5520.0,5600.0,5200.0,5260.0,2185200
2020-02-07,5209.556640625,5490.0,5640.0,5420.0,5600.0,1277700
2020-02-10,5313.9375,5600.0,5620.0,5360.0,5400.0,1164300
2020-02-12,5503.72119140625,5800.0,5910.0,5630.0,5720.0,2359600
2020-02-13,5788.39599609375,6100.0,6200.0,5880.0,5910.0,3317100
2020-02-14,5778.90625,6090.0,6180.0,5960.0,6010.0,1457700
2020-02-17,5627.08056640625,5930.0,6070.0,5850.0,6050.0,1520600
2020-02-18,5285.4697265625,5570.0,5840.0,5510.0,5800.0,2006100
2020-02-19,5446.78564453125,5740.0,5830.0,5590.0,5810.0,1414300
2020-02-20,5342.4052734375,5630.0,5880.0,5570.0,5880.0,1637100
2020-02-21,5238.0244140625,5520.0,5680.0,5510.0,5570.0,1043400
2020-02-25,5086.19677734375,5360.0,5440.0,5150.0,5160.0,1898900
2020-02-26,5181.0888671875,5460.0,5480.0,5280.0,5400.0,1679100
2020-02-27,4915.39208984375,5180.0,5470.0,5140.0,5460.0,1805300
2020-02-28,4673.41796875,4925.0,5050.0,4800.0,4910.0,2594500
2020-03-02,5000.794921875,5270.0,5400.0,4935.0,4940.0,2291200
2020-03-03,4867.94677734375,5130.0,5500.0,5110.0,5450.0,2190700
2020-03-04,5076.7080078125,5350.0,5400.0,5040.0,5070.0,2163400
2020-03-05,5124.15380859375,5400.0,5520.0,5270.0,5500.0,1785400
2020-03-06,4981.81640625,5250.0,5440.0,5170.0,5350.0,1638000
2020-03-09,4407.720703125,4645.0,5040.0,4615.0,5000.0,2803300
2020-03-10,4739.841796875,4995.0,5010.0,4295.0,4545.0,3788700
2020-03-11,4393.48681640625,4630.0,5080.0,4615.0,4945.0,2656500
2020-03-12,4232.1708984375,4460.0,4745.0,4405.0,4500.0,3341400
2020-03-13,4137.27880859375,4360.0,4600.0,3905.0,4040.0,4062700
2020-03-16,4028.155029296875,4245.0,4690.0,4200.0,4445.0,3522000
2020-03-17,4213.19384765625,4440.0,4595.0,4060.0,4130.0,4177600
2020-03-18,4289.1064453125,4520.0,4645.0,4385.0,4500.0,3183400
2020-03-19,4094.578125,4315.0,4700.0,4210.0,4700.0,4286600
2020-03-23,4298.5947265625,4530.0,4575.0,4315.0,4385.0,2818900
2020-03-24,4659.18408203125,4910.0,4930.0,4670.0,4700.0,2791900
2020-03-25,5029.26171875,5300.0,5300.0,5120.0,5290.0,2535100
2020-03-26,4801.52197265625,5060.0,5220.0,4980.0,5100.0,2160100
2020-03-27,4848.9677734375,5110.0,5250.0,5020.0,5210.0,1788100
2020-03-30,4896.41357421875,5160.0,5170.0,4900.0,4910.0,1401700
2020-03-31,4801.52197265625,5060.0,5230.0,5010.0,5230.0,1649100
2020-04-01,4554.802734375,4800.0,5030.0,4760.0,5010.0,1513600
2020-04-02,4616.4833984375,4865.0,4935.0,4720.0,4730.0,1228300
2020-04-03,4583.271484375,4830.0,4920.0,4720.0,4875.0,1235500
2020-04-06,4792.03173828125,5050.0,5060.0,4735.0,4770.0,1454800
2020-04-07,4924.88037109375,5190.0,5280.0,5080.0,5190.0,1825300
2020-04-08,5209.556640625,5490.0,5490.0,5180.0,5190.0,2155900
2020-04-09,5114.66552734375,5390.0,5570.0,5290.0,5500.0,1660200
2020-04-10,5010.28466796875,5280.0,5420.0,5210.0,5390.0,924400
2020-04-13,4924.88037109375,5190.0,5340.0,5170.0,5290.0,872200
2020-04-14,5247.513671875,5530.0,5560.0,5280.0,5280.0,1877300
2020-04-15,5370.873046875,5660.0,5760.0,5550.0,5590.0,1980600
2020-04-16,5465.76416015625,5760.0,5770.0,5510.0,5520.0,1484600
2020-04-17,5759.92919921875,6070.0,6100.0,5920.0,5940.0,2427100
2020-04-20,5883.2880859375,6200.0,6270.0,6050.0,6070.0,1871400
2020-04-21,5750.43896484375,6060.0,6210.0,6000.0,6110.0,1382500
2020-04-22,5816.86376953125,6130.0,6140.0,5850.0,5960.0,1676900
2020-04-23,5778.90625,6090.0,6250.0,6040.0,6240.0,1496800
2020-04-24,5693.50439453125,6000.0,6140.0,5960.0,6020.0,1115200
2020-04-27,5826.35302734375,6140.0,6220.0,6040.0,6100.0,1259300
2020-04-28,5949.71240234375,6270.0,6290.0,6150.0,6200.0,1606300
2020-04-30,6841.6943359375,7210.0,7270.0,6610.0,6640.0,5018400
2020-05-01,6765.78076171875,7130.0,7320.0,7010.0,7050.0,2412100
2020-05-07,7116.8798828125,7500.0,7500.0,7180.0,7280.0,2146800
2020-05-08,7278.1962890625,7670.0,7790.0,7570.0,7600.0,2109800
2020-05-11,7221.26171875,7610.0,7760.0,7360.0,7740.0,1737100
2020-05-12,7382.5771484375,7780.0,7900.0,7650.0,7720.0,1637900
2020-05-13,7268.70751953125,7660.0,7680.0,7320.0,7570.0,2806600
2020-05-14,7116.8798828125,7500.0,7640.0,7430.0,7510.0,1419800
2020-05-15,7259.2177734375,7650.0,7730.0,7540.0,7640.0,1507400
2020-05-18,7145.34765625,7530.0,7590.0,7410.0,7500.0,1259500
2020-05-19,7306.6640625,7700.0,7730.0,7500.0,7700.0,1673700
2020-05-20,7790.61181640625,8210.0,8260.0,7740.0,7750.0,2512700
2020-05-21,7790.61181640625,8210.0,8380.0,8110.0,8300.0,1991900
2020-05-22,7932.94873046875,8360.0,8390.0,8120.0,8150.0,1584800
2020-05-25,8274.5576171875,8720.0,8850.0,8540.0,8610.0,2158300
2020-05-26,8606.681640625,9070.0,9080.0,8760.0,8810.0,2402700
2020-05-27,8340.9833984375,8790.0,8940.0,8620.0,8940.0,3089800
2020-05-28,8113.24462890625,8550.0,8880.0,8210.0,8870.0,3585400
2020-05-29,8397.9189453125,8850.0,8850.0,8380.0,8410.0,7004000
2020-06-01,8692.083984375,9160.0,9330.0,8890.0,8930.0,3074100
2020-06-02,8777.486328125,9250.0,9280.0,8910.0,9030.0,2529000
2020-06-03,8853.3994140625,9330.0,9500.0,9100.0,9440.0,2380400
2020-06-04,8872.37890625,9350.0,9410.0,9210.0,9400.0,1899500
2020-06-05,8967.26953125,9450.0,9460.0,9270.0,9320.0,1557400
2020-06-08,9166.54296875,9660.0,9920.0,9520.0,9660.0,2664700
2020-06-09,8862.8876953125,9340.0,9570.0,9150.0,9570.0,2834200
2020-06-10,9195.009765625,9690.0,9790.0,9330.0,9340.0,2536700
2020-06-11,9185.5224609375,9680.0,9940.0,9630.0,9800.0,2912900
2020-06-12,9270.921875,9770.0,9890.0,9290.0,9300.0,3331200
2020-06-15,8872.37890625,9350.0,9890.0,9350.0,9770.0,2987400
2020-06-16,9783.337890625,10310.0,10360.0,9680.0,9760.0,5107200
2020-06-17,9963.6328125,10500.0,10730.0,10350.0,10420.0,3112600
2020-06-18,9954.14453125,10490.0,10640.0,10280.0,10510.0,2277100
2020-06-19,9802.3154296875,10330.0,10700.0,10310.0,10630.0,2912900
2020-06-22,9916.185546875,10450.0,10500.0,10220.0,10300.0,1434200
2020-06-23,9840.2724609375,10370.0,10590.0,10220.0,10570.0,1641400
2020-06-24,9916.185546875,10450.0,10620.0,10310.0,10410.0,1459000
2020-06-25,9944.6533203125,10480.0,10550.0,10350.0,10410.0,1119800
2020-06-26,9935.1650390625,10470.0,10560.0,10330.0,10500.0,1248800
2020-06-29,10217.72265625,10740.0,10950.0,10380.0,10380.0,2910300
2020-06-30,9665.9267578125,10160.0,10840.0,10080.0,10800.0,4254200
2020-07-01,9894.255859375,10400.0,10640.0,10210.0,10220.0,2620600
2020-07-02,9656.4140625,10150.0,10510.0,9940.0,10500.0,2851500
2020-07-03,9818.146484375,10320.0,10320.0,9810.0,10000.0,2393200
2020-07-06,9970.365234375,10480.0,10540.0,10230.0,10300.0,1806700
2020-07-07,10655.3525390625,11200.0,11200.0,10600.0,10660.0,3821600
2020-07-08,10598.26953125,11140.0,11260.0,10980.0,11190.0,2195000
2020-07-09,10864.6533203125,11420.0,11590.0,11080.0,11240.0,2752000
2020-07-10,10950.27734375,11510.0,11750.0,11460.0,11520.0,2210400
2020-07-13,10988.3330078125,11550.0,11640.0,11200.0,11630.0,2422900
2020-07-14,10788.544921875,11340.0,11540.0,11150.0,11300.0,2205600
2020-07-15,10360.4267578125,10890.0,11200.0,10820.0,11160.0,2876900
2020-07-16,9742.0361328125,10240.0,10540.0,10170.0,10510.0,3114200
2020-07-17,9751.5517578125,10250.0,10520.0,9970.0,10010.0,2392500
2020-07-20,9485.1669921875,9970.0,10250.0,9920.0,10160.0,2413500
2020-07-21,9865.7138671875,10370.0,10410.0,10060.0,10240.0,2167800
2020-07-22,9713.4970703125,10210.0,10220.0,9930.0,10120.0,1853900
2020-07-27,9285.37890625,9760.0,9870.0,9580.0,9830.0,2876100
2020-07-28,9323.4326171875,9800.0,10010.0,9750.0,9900.0,1956100
2020-07-29,9133.158203125,9600.0,9850.0,9510.0,9670.0,1861300
2020-07-30,9009.4814453125,9470.0,9690.0,9390.0,9640.0,1621200
2020-07-31,8752.6103515625,9200.0,9460.0,9090.0,9350.0,2513900
2020-08-03,8885.802734375,9340.0,9400.0,9020.0,9140.0,1791700
2020-08-04,8647.958984375,9090.0,9540.0,9040.0,9510.0,2215100
2020-08-05,8952.3974609375,9410.0,9420.0,9020.0,9150.0,2429100
2020-08-06,8724.0703125,9170.0,9240.0,8620.0,8970.0,6350000
2020-08-07,7782.212890625,8180.0,8790.0,8060.0,8770.0,5663200
2020-08-11,7896.376953125,8300.0,8570.0,7810.0,7880.0,3334600
2020-08-12,8058.1083984375,8470.0,8570.0,8170.0,8220.0,2559500
2020-08-13,8600.392578125,9040.0,9060.0,8700.0,8700.0,3757800
2020-08-14,8571.8515625,9010.0,9230.0,8930.0,9110.0,2196500
2020-08-17,8267.412109375,8690.0,9030.0,8650.0,8940.0,1907200
2020-08-18,8552.82421875,8990.0,9000.0,8710.0,8830.0,1871700
2020-08-19,8400.60546875,8830.0,9040.0,8820.0,9020.0,1459900
2020-08-20,8048.59814453125,8460.0,8770.0,8400.0,8770.0,1988100
2020-08-21,8124.7080078125,8540.0,8660.0,8390.0,8410.0,1698700
2020-08-24,8286.4375,8710.0,8730.0,8390.0,8400.0,1468800
2020-08-25,8086.6513671875,8500.0,8820.0,8490.0,8790.0,1505500
2020-08-26,8096.1650390625,8510.0,8660.0,8400.0,8530.0,1429400
2020-08-27,7715.61767578125,8110.0,8370.0,7840.0,8330.0,4297300
2020-08-28,7468.26123046875,7850.0,8060.0,7750.0,7930.0,3062600
2020-08-31,7610.9658203125,8000.0,8140.0,7930.0,8000.0,1645500
2020-09-01,7534.857421875,7920.0,8060.0,7850.0,8000.0,1497800
2020-09-02,7591.9384765625,7980.0,8080.0,7910.0,8070.0,1527500
2020-09-03,7658.53466796875,8050.0,8160.0,7890.0,8110.0,1619300
2020-09-04,7363.609375,7740.0,7960.0,7650.0,7750.0,1968500
2020-09-07,7316.041015625,7690.0,7820.0,7530.0,7630.0,1449000
2020-09-08,7629.994140625,8020.0,8030.0,7550.0,7770.0,2147200
2020-09-09,7439.7197265625,7820.0,7930.0,7740.0,7840.0,1649200
2020-09-10,7411.177734375,7790.0,8030.0,7780.0,7950.0,1701600
2020-09-11,7468.26123046875,7850.0,7850.0,7690.0,7850.0,1079900
2020-09-14,7477.77490234375,7860.0,7900.0,7710.0,7850.0,1070400
2020-09-15,7886.86376953125,8290.0,8300.0,7860.0,7860.0,2301900
2020-09-16,8505.2548828125,8940.0,8970.0,8400.0,8490.0,3693700
2020-09-17,8219.8447265625,8640.0,8880.0,8490.0,8850.0,3136000
2020-09-18,8010.54150390625,8420.0,8540.0,8300.0,8500.0,2472600
2020-09-23,8172.2763671875,8590.0,8650.0,8450.0,8600.0,1483000
2020-09-24,8039.083984375,8450.0,8590.0,8360.0,8480.0,1429500
2020-09-25,8172.2763671875,8590.0,8680.0,8470.0,8580.0,1281200
2020-09-28,7991.515625,8400.0,8690.0,8290.0,8690.0,1668600
2020-09-29,8229.35546875,8650.0,8690.0,8390.0,8420.0,1428800
2020-09-30,8191.3037109375,8610.0,8790.0,8570.0,8670.0,1525500
2020-10-02,8238.87109375,8660.0,8870.0,8620.0,8800.0,1984100
2020-10-05,8191.3037109375,8610.0,8720.0,8490.0,8690.0,1144600
2020-10-06,8391.08984375,8820.0,8900.0,8630.0,8690.0,1840200
2020-10-07,8438.6611328125,8870.0,8890.0,8690.0,8740.0,1352600
2020-10-08,8990.4541015625,9450.0,9500.0,8930.0,8930.0,3606600
2020-10-09,8885.802734375,9340.0,9600.0,9170.0,9530.0,2699600
2020-10-12,9199.75390625,9670.0,9690.0,9480.0,9560.0,2355700
2020-10-13,9190.2421875,9660.0,9830.0,9540.0,9760.0,1766600
2020-10-14,9199.75390625,9670.0,9910.0,9670.0,9780.0,2741700
2020-10-15,9085.58984375,9550.0,9720.0,9420.0,9490.0,1646400
2020-10-16,8819.2080078125,9270.0,9580.0,9210.0,9460.0,1680700
2020-10-19,9057.0498046875,9520.0,9530.0,9220.0,9220.0,1260900
2020-10-20,8971.4248046875,9430.0,9710.0,9370.0,9510.0,1380200
2020-10-21,8904.8310546875,9360.0,9490.0,9280.0,9470.0,1078100
2020-10-22,8733.583984375,9180.0,9340.0,9030.0,9340.0,1402900
2020-10-23,8419.630859375,8850.0,9090.0,8690.0,9060.0,1915900
2020-10-26,8295.9521484375,8720.0,9000.0,8670.0,8950.0,1202600
2020-10-27,8248.3828125,8670.0,8670.0,8360.0,8490.0,1382400
2020-10-28,8581.3642578125,9020.0,9050.0,8680.0,8890.0,1577900
2020-10-29,8666.986328125,9110.0,9160.0,8920.0,8960.0,1137100
2020-10-30,8600.392578125,9040.0,9350.0,9000.0,9250.0,1873300
2020-11-02,8505.2548828125,8940.0,9320.0,8640.0,9320.0,2457800
2020-11-04,8666.986328125,9110.0,9260.0,8890.0,9010.0,1616000
2020-11-05,9199.75390625,9670.0,9700.0,9250.0,9250.0,2887000
2020-11-06,9047.5361328125,9510.0,9750.0,9370.0,9740.0,1839400
2020-11-09,9466.140625,9950.0,10000.0,9610.0,9660.0,2328300
2020-11-10,8828.720703125,9280.0,9730.0,9250.0,9700.0,2447200
2020-11-11,9171.2138671875,9640.0,9670.0,8990.0,9170.0,1821800
2020-11-12,9304.40625,9780.0,9890.0,9660.0,9800.0,1416800
2020-11-13,9209.2705078125,9680.0,9840.0,9590.0,9760.0,1080800
2020-11-16,9618.359375,10110.0,10160.0,9720.0,9780.0,2010000
2020-11-17,9589.8173828125,10080.0,10270.0,9920.0,10190.0,1542000
2020-11-18,9542.2490234375,10030.0,10070.0,9890.0,9950.0,1105900
2020-11-19,9380.5146484375,9860.0,9950.0,9680.0,9930.0,1173400
2020-11-20,9694.4677734375,10190.0,10210.0,9820.0,9830.0,1492000
2020-11-24,9884.7421875,10390.0,10550.0,10330.0,10390.0,1703500
2020-11-25,9684.955078125,10180.0,10470.0,10150.0,10420.0,1507800
2020-11-26,10008.419921875,10520.0,10540.0,10240.0,10250.0,1422700
2020-11-27,10151.125,10670.0,10670.0,10430.0,10490.0,1213200
2020-11-30,10465.0791015625,11000.0,11060.0,10850.0,10850.0,2058300
2020-12-01,10512.646484375,11050.0,11190.0,10880.0,11030.0,1429000
2020-12-02,10465.0791015625,11000.0,11100.0,10810.0,11090.0,1194800
2020-12-03,10550.7021484375,11090.0,11250.0,10900.0,10940.0,1174400
2020-12-04,10427.0234375,10960.0,11080.0,10720.0,11060.0,1327200
2020-12-07,10246.2626953125,10770.0,11190.0,10700.0,11170.0,1241100
2020-12-08,10541.189453125,11080.0,11120.0,10700.0,10810.0,1117700
2020-12-09,11216.6611328125,11790.0,11920.0,11220.0,11270.0,3280700
2020-12-10,10864.6533203125,11420.0,11740.0,11400.0,11510.0,1590000
2020-12-11,11140.55078125,11710.0,11740.0,11440.0,11490.0,1355900
2020-12-14,10883.6806640625,11440.0,11900.0,11420.0,11780.0,1303400
2020-12-15,10779.0302734375,11330.0,11600.0,11230.0,11570.0,998300
2020-12-16,11035.9013671875,11600.0,11650.0,11300.0,11460.0,1033800
2020-12-17,11273.744140625,11850.0,11850.0,11600.0,11610.0,1233200
2020-12-18,11292.771484375,11870.0,12050.0,11670.0,11800.0,1896200
2020-12-21,11245.201171875,11820.0,11940.0,11670.0,11870.0,1002800
2020-12-22,10893.1953125,11450.0,11880.0,11400.0,11680.0,974700
2020-12-23,11073.95703125,11640.0,11660.0,11440.0,11570.0,775300
2020-12-24,10997.845703125,11560.0,11600.0,11450.0,11590.0,666200
2020-12-25,10940.763671875,11500.0,11650.0,11400.0,11610.0,540400
2020-12-28,11121.5224609375,11690.0,11810.0,11490.0,11520.0,990500
2020-12-29,11436.0146484375,12000.0,12000.0,11490.0,11630.0,1327900
2020-12-30,11540.8447265625,12110.0,12200.0,11810.0,11920.0,1620600
2021-01-04,12064.99609375,12660.0,12700.0,12150.0,12310.0,2403100
2021-01-05,12551.02734375,13170.0,13300.0,12740.0,12830.0,2173500
2021-01-06,12408.076171875,13020.0,13260.0,12930.0,13170.0,1485100
2021-01-07,13084.7060546875,13730.0,13740.0,13060.0,13180.0,2396400
2021-01-08,13723.2177734375,14400.0,14450.0,13980.0,14120.0,2575800
2021-01-12,13770.8681640625,14450.0,14590.0,14170.0,14420.0,1917700
2021-01-13,14352.19921875,15060.0,15100.0,14510.0,14550.0,2174600
2021-01-14,13656.509765625,14330.0,15690.0,13270.0,15400.0,5488000
2021-01-15,14066.2978515625,14760.0,15640.0,14510.0,15290.0,4013900
2021-01-18,13990.0595703125,14680.0,14850.0,14110.0,14330.0,2011500
2021-01-19,14495.1494140625,15210.0,15260.0,14700.0,15090.0,2174000
2021-01-20,14418.9072265625,15130.0,15550.0,14950.0,15440.0,2251300
2021-01-21,14113.9482421875,14810.0,15170.0,14650.0,15130.0,1975500
2021-01-22,14457.0283203125,15170.0,15190.0,14750.0,14910.0,1713800
2021-01-25,14352.19921875,15060.0,15230.0,14930.0,15190.0,963000
2021-01-26,14342.6689453125,15050.0,15590.0,14960.0,15200.0,1994900
2021-01-27,13990.0595703125,14680.0,15000.0,14470.0,15000.0,1555800
2021-01-28,13751.8095703125,14430.0,14670.0,14050.0,14080.0,1655900
2021-01-29,13389.66796875,14050.0,14750.0,13930.0,14680.0,1915100
2021-02-01,13618.3876953125,14290.0,14480.0,13910.0,14000.0,1380600
2021-02-02,13446.8505859375,14110.0,14590.0,13610.0,14590.0,3081500
2021-02-03,12932.228515625,13570.0,14140.0,13490.0,14120.0,2208300
2021-02-04,12665.3857421875,13290.0,13580.0,13030.0,13360.0,1485900
2021-02-05,12398.5458984375,13010.0,13430.0,12850.0,13420.0,1769800
2021-02-08,12922.69921875,13560.0,13600.0,12700.0,12860.0,1944900
2021-02-09,13246.716796875,13900.0,13970.0,13430.0,13790.0,1726100
2021-02-10,13065.6474609375,13710.0,14080.0,13660.0,13890.0,1335000
2021-02-12,13618.3876953125,14290.0,14580.0,13910.0,14010.0,1866300
2021-02-15,13885.228515625,14570.0,14730.0,14450.0,14500.0,1317700
2021-02-16,13723.2177734375,14400.0,14700.0,14290.0,14500.0,1348200
2021-02-17,13504.02734375,14170.0,14490.0,14050.0,14210.0,1169900
2021-02-18,13227.6572265625,13880.0,14240.0,13800.0,14010.0,1067600
2021-02-19,13542.1474609375,14210.0,14320.0,13560.0,13600.0,1341500
2021-02-22,13894.7578125,14580.0,14730.0,14410.0,14440.0,1251700
2021-02-24,12751.15625,13380.0,14240.0,13330.0,14140.0,2279000
2021-02-25,13056.1171875,13700.0,14040.0,13620.0,13910.0,1373000
2021-02-26,12360.427734375,12970.0,13330.0,12910.0,13000.0,1964400
2021-03-01,12760.6845703125,13390.0,13610.0,13310.0,13360.0,1314300
2021-03-02,12789.2763671875,13420.0,13800.0,13370.0,13730.0,1215700
2021-03-03,12655.8564453125,13280.0,13440.0,13020.0,13360.0,954100
2021-03-04,12227.005859375,12830.0,12990.0,12610.0,12770.0,1524900
2021-03-05,12064.99609375,12660.0,12660.0,12020.0,12450.0,2312000
2021-03-08,11455.07421875,12020.0,12990.0,12000.0,12930.0,2114900
2021-03-09,11226.3544921875,11780.0,11920.0,11270.0,11580.0,2800500
2021-03-10,11636.1455078125,12210.0,12540.0,12050.0,12380.0,2080500
2021-03-11,11436.0146484375,12000.0,12180.0,11670.0,12100.0,1938300
2021-03-12,12045.935546875,12640.0,12700.0,12210.0,12350.0,2067000
2021-03-15,11969.6962890625,12560.0,12590.0,12150.0,12410.0,1367400
2021-03-16,12350.8955078125,12960.0,13040.0,12630.0,12690.0,1515400
2021-03-17,12360.427734375,12970.0,13290.0,12890.0,13020.0,1478000
2021-03-18,13160.9462890625,13810.0,13870.0,13410.0,13450.0,2440600
2021-03-19,12684.4462890625,13310.0,13430.0,13080.0,13300.0,2507800
2021-03-22,12398.5458984375,13010.0,13260.0,12960.0,13220.0,1391300
2021-03-23,12379.486328125,12990.0,13560.0,12990.0,13310.0,1626300
2021-03-24,13303.896484375,13960.0,14070.0,13390.0,13480.0,3498400
2021-03-25,12817.8671875,13450.0,13800.0,13060.0,13680.0,2585000
2021-03-26,13275.306640625,13930.0,13950.0,13340.0,13600.0,1687200
2021-03-29,13646.9765625,14320.0,14530.0,14230.0,14390.0,2154300
2021-03-30,13885.228515625,14570.0,14580.0,14210.0,14390.0,1545200
2021-03-31,13837.578125,14520.0,14670.0,14430.0,14530.0,1441700
2021-04-01,14466.5595703125,15180.0,15180.0,14780.0,14900.0,2434000
2021-04-02,15295.671875,16050.0,16100.0,15790.0,15800.0,3077200
2021-04-05,15800.7607421875,16580.0,16620.0,16150.0,16300.0,2352100
2021-04-06,15714.9873046875,16490.0,16840.0,16280.0,16820.0,2468200
2021-04-07,16839.53515625,17670.0,17720.0,16430.0,16440.0,3880700
2021-04-08,16963.421875,17800.0,17850.0,17030.0,17270.0,3231700
2021-04-09,17382.740234375,18240.0,18670.0,17920.0,18140.0,5077600
2021-04-12,17154.021484375,18000.0,18220.0,17810.0,18000.0,2415500
2021-04-13,16839.53515625,17670.0,17770.0,17360.0,17750.0,3422100
2021-04-14,17401.8046875,18260.0,18280.0,17750.0,17750.0,2224300
2021-04-15,17154.021484375,18000.0,18050.0,17540.0,17780.0,2431000
2021-04-16,17382.740234375,18240.0,18470.0,18100.0,18400.0,2201600
2021-04-19,18087.962890625,18980.0,19050.0,18260.0,18300.0,2527100
2021-04-20,17897.36328125,18780.0,19030.0,18580.0,18700.0,2657100
2021-04-21,17582.876953125,18450.0,18740.0,18100.0,18410.0,2807900
2021-04-22,18783.65625,19710.0,19710.0,18900.0,18960.0,3583000
2021-04-23,18593.0546875,19510.0,19940.0,19240.0,19580.0,2943400
2021-04-26,18678.82421875,19600.0,19810.0,19480.0,19680.0,1930500
2021-04-27,18259.501953125,19160.0,19900.0,19140.0,19710.0,2394100
2021-04-28,18650.232421875,19570.0,19840.0,19030.0,19100.0,2418700
2021-04-30,18431.04296875,19340.0,19640.0,19150.0,19570.0,1693200
2021-05-06,18278.5625,19180.0,19330.0,18370.0,18450.0,3341500
2021-05-07,18335.744140625,19240.0,19580.0,19210.0,19300.0,1943500
2021-05-10,17906.89453125,18790.0,19580.0,18780.0,19450.0,1614900
2021-05-11,16972.951171875,17810.0,18190.0,17730.0,18140.0,2542200
2021-05-12,16582.220703125,17400.0,18340.0,17210.0,18030.0,3036600
2021-05-13,15915.1220703125,16700.0,17050.0,16550.0,16610.0,2735300
2021-05-14,16830.00390625,17660.0,17680.0,16950.0,17400.0,2841600
2021-05-17,16439.26953125,17250.0,18100.0,17040.0,18050.0,2413500
2021-05-18,16820.47265625,17650.0,17730.0,17080.0,17280.0,1804000
2021-05-19,17011.0703125,17850.0,17870.0,17260.0,17350.0,1654700
2021-05-20,17268.3828125,18120.0,18320.0,17900.0,17910.0,1742100
2021-05-21,16906.2421875,17740.0,18540.0,17660.0,18450.0,2275800
2021-05-24,17001.54296875,17840.0,17960.0,17520.0,17540.0,1257600
2021-05-25,17697.232421875,18570.0,18620.0,18000.0,18140.0,2096000
2021-05-26,17792.53515625,18670.0,18970.0,18550.0,18730.0,1564400
2021-05-27,18030.783203125,18920.0,18920.0,18520.0,18730.0,1631600
2021-05-28,18545.404296875,19460.0,19640.0,18980.0,19150.0,2313600
2021-05-31,19631.826171875,20600.0,20600.0,19560.0,19580.0,3073300
2021-06-01,19927.255859375,20910.0,21190.0,20270.0,20990.0,3015200
2021-06-02,20451.404296875,21460.0,21470.0,20650.0,20800.0,2407100
2021-06-03,21928.560546875,23010.0,23200.0,21650.0,21700.0,4837900
2021-06-04,22128.693359375,23220.0,23640.0,22630.0,22750.0,5338300
2021-06-07,21709.369140625,22780.0,23930.0,22310.0,23890.0,3692300
2021-06-08,19736.658203125,20710.0,22640.0,20520.0,22400.0,5975000
2021-06-09,18974.25390625,19910.0,20450.0,19330.0,20420.0,7568600
2021-06-10,19593.705078125,20560.0,21000.0,20150.0,20190.0,4320200
2021-06-11,19269.6875,20220.0,21160.0,20030.0,20890.0,3862700
2021-06-14,19698.53515625,20670.0,20740.0,20080.0,20420.0,2080900
2021-06-15,20327.51953125,21330.0,21400.0,20580.0,20870.0,2720300
2021-06-16,20213.15625,21210.0,21350.0,20750.0,21200.0,2311700
2021-06-17,20651.5390625,21670.0,21690.0,20780.0,20930.0,2435400
2021-06-18,20584.826171875,21600.0,22220.0,21480.0,22000.0,2860300
2021-06-21,20432.349609375,21440.0,21540.0,21030.0,21100.0,2391700
2021-06-22,20765.900390625,21790.0,22160.0,21560.0,21690.0,2575200
2021-06-23,21290.05078125,22340.0,22370.0,21600.0,21980.0,2508300
2021-06-24,21128.037109375,22170.0,22650.0,22070.0,22490.0,2205300
2021-06-25,21757.021484375,22830.0,23000.0,22230.0,22400.0,2808600
2021-06-28,21442.525390625,22500.0,22830.0,22320.0,22800.0,2102500
2021-06-29,21342.30859375,22360.0,23220.0,22250.0,22870.0,2719300
2021-06-30,20607.353515625,21590.0,22520.0,21330.0,22230.0,3751700
2021-07-01,20664.623046875,21650.0,21790.0,21010.0,21590.0,3103600
2021-07-02,19490.6015625,20420.0,21390.0,20120.0,21150.0,4408100
2021-07-05,20044.208984375,21000.0,21100.0,20150.0,20380.0,2611700
2021-07-06,20349.642578125,21320.0,21350.0,20830.0,21050.0,1958400
2021-07-07,20607.353515625,21590.0,21730.0,21040.0,21070.0,2141700
2021-07-08,20273.283203125,21240.0,21520.0,21060.0,21270.0,2213200
2021-07-09,20760.072265625,21750.0,21800.0,20880.0,20910.0,3632400
2021-07-12,21218.220703125,22230.0,22350.0,21810.0,22000.0,2376800
2021-07-13,20187.37890625,21150.0,22160.0,21140.0,22100.0,3657000
2021-07-14,20788.705078125,21780.0,21920.0,20860.0,21010.0,3144500
2021-07-15,20855.51953125,21850.0,22000.0,21280.0,21600.0,2440300
2021-07-16,20731.435546875,21720.0,21920.0,20910.0,21410.0,2661500
2021-07-19,20282.828125,21250.0,21660.0,21120.0,21340.0,2210000
2021-07-20,20979.603515625,21980.0,22430.0,21170.0,21190.0,4158300
2021-07-21,20225.556640625,21190.0,22340.0,20810.0,22240.0,4757500
2021-07-26,20731.435546875,21720.0,22100.0,21400.0,21600.0,3121800
2021-07-27,21294.58203125,22310.0,22320.0,21320.0,21710.0,2855000
2021-07-28,20321.005859375,21290.0,22080.0,21160.0,22030.0,3948900
2021-07-29,20120.56640625,21080.0,21620.0,20980.0,21600.0,2717200
2021-07-30,19538.326171875,20470.0,21210.0,20300.0,21010.0,2710700
2021-08-02,19853.3125,20800.0,21140.0,20520.0,20720.0,1976000
2021-08-03,20216.013671875,21180.0,21340.0,20710.0,20750.0,1777500
2021-08-04,20397.369140625,21370.0,21490.0,20920.0,21130.0,2164000
2021-08-05,20989.146484375,21990.0,21990.0,21410.0,21480.0,2430300
2021-08-06,20655.078125,21640.0,22090.0,21420.0,21970.0,2275300
2021-08-10,20492.81640625,21470.0,21600.0,19840.0,20820.0,6006400
2021-08-11,19290.1640625,20210.0,21170.0,20160.0,21120.0,4356200
2021-08-12,19347.43359375,20270.0,20680.0,19720.0,19880.0,3743700
2021-08-13,19481.056640625,20410.0,20550.0,20000.0,20000.0,2336200
2021-08-16,19080.17578125,19990.0,20820.0,19910.0,20580.0,2580100
2021-08-17,18650.654296875,19540.0,20300.0,19530.0,20290.0,2670100
2021-08-18,19089.72265625,20000.0,20120.0,19270.0,19310.0,3567900
2021-08-19,18526.572265625,19410.0,19890.0,19410.0,19760.0,2581600
2021-08-20,18278.408203125,19150.0,19850.0,19050.0,19590.0,2689600
2021-08-23,18507.48046875,19390.0,19580.0,19210.0,19360.0,1963100
2021-08-24,19729.2265625,20670.0,20700.0,19760.0,19790.0,3188400
2021-08-25,19834.21875,20780.0,21050.0,20430.0,20710.0,2478500
2021-08-26,20616.896484375,21600.0,21680.0,20910.0,21150.0,3310800
2021-08-27,21008.23828125,22010.0,22050.0,21280.0,21420.0,3031000
2021-08-30,21829.09375,22870.0,22890.0,22340.0,22400.0,3427900
2021-08-31,22974.478515625,24070.0,24160.0,22960.0,23000.0,4415000
2021-09-01,22716.767578125,23800.0,24980.0,23440.0,24280.0,7777300
2021-09-02,23575.8046875,24700.0,24730.0,24010.0,24280.0,4104900
2021-09-03,25446.599609375,26660.0,26960.0,25060.0,25180.0,8583700
2021-09-06,26267.455078125,27520.0,28000.0,26720.0,27660.0,5180800
2021-09-07,26362.90234375,27620.0,27980.0,27120.0,27700.0,4509200
2021-09-08,28271.873046875,29620.0,29650.0,27510.0,27620.0,5934500
2021-09-09,26696.97265625,27970.0,29380.0,27910.0,29120.0,5946000
2021-09-10,26964.228515625,28250.0,28610.0,27400.0,28470.0,5449900
2021-09-13,26639.705078125,27910.0,28580.0,27600.0,28570.0,3528300
2021-09-14,26859.234375,28140.0,28450.0,27880.0,28030.0,3019600
2021-09-15,27622.82421875,28940.0,29080.0,28000.0,28000.0,3503000
2021-09-16,26935.59765625,28220.0,29610.0,27920.0,29290.0,4813300
2021-09-17,27517.83203125,28830.0,29150.0,28230.0,28230.0,3373000
2021-09-21,27212.396484375,28510.0,28750.0,27810.0,27830.0,2901300
2021-09-22,26868.783203125,28150.0,28800.0,28150.0,28690.0,2525000
2021-09-24,27011.955078125,28300.0,28950.0,28180.0,28930.0,2725500
2021-09-27,26372.44921875,27630.0,28540.0,27410.0,28340.0,2507800
2021-09-28,25542.046875,26760.0,27500.0,26270.0,27500.0,3114800
2021-09-29,25322.513671875,26530.0,26650.0,25710.0,25760.0,2865900
2021-09-30,24425.296875,25590.0,26190.0,25110.0,26190.0,3094400
2021-10-01,24158.041015625,25310.0,26580.0,25260.0,25600.0,3530000
2021-10-04,22907.6640625,24000.0,25980.0,23930.0,25760.0,3441500
2021-10-05,22401.78515625,23470.0,23870.0,22420.0,23250.0,5052400
2021-10-06,21981.810546875,23030.0,24330.0,22870.0,24200.0,4563400
2021-10-07,22583.138671875,23660.0,24090.0,23230.0,23520.0,3825700
2021-10-08,23041.291015625,24140.0,24850.0,24020.0,24430.0,4188700
2021-10-11,22392.244140625,23460.0,23830.0,22900.0,23420.0,3825500
2021-10-12,22172.712890625,23230.0,23930.0,23150.0,23500.0,3192100
2021-10-13,22764.4921875,23850.0,23930.0,23220.0,23410.0,3414100
2021-10-14,22840.853515625,23930.0,24440.0,23670.0,24420.0,2841100
2021-10-15,25017.078125,26210.0,26320.0,24280.0,24550.0,5310000
2021-10-18,24492.11328125,25660.0,26430.0,25410.0,26200.0,4511300
2021-10-19,25675.671875,26900.0,27060.0,25860.0,26030.0,4215900
2021-10-20,25580.224609375,26800.0,27400.0,26700.0,27290.0,3294500
2021-10-21,23747.611328125,24880.0,26080.0,24850.0,25800.0,4164400
2021-10-22,24635.283203125,25810.0,26390.0,25230.0,25570.0,4801300
2021-10-25,23919.419921875,25060.0,25290.0,24540.0,24960.0,3123500
2021-10-26,23862.1484375,25000.0,25740.0,24970.0,25510.0,2769900
2021-10-27,23738.064453125,24870.0,25240.0,24430.0,25000.0,2409800
2021-10-28,24234.40234375,25390.0,25630.0,24950.0,25240.0,2847000
2021-10-29,23890.787109375,25030.0,25580.0,24775.0,25480.0,2841900
2021-11-01,25480.00390625,26695.0,26875.0,24425.0,24600.0,6091800
2021-11-02,25260.47265625,26465.0,27065.0,26260.0,26570.0,3287800
2021-11-04,26329.5,27585.0,28180.0,26850.0,27000.0,5393500
2021-11-05,26563.345703125,27830.0,28470.0,27650.0,28240.0,3622300
2021-11-08,26224.501953125,27475.0,28265.0,27430.0,28115.0,3052100
2021-11-09,26277.00390625,27530.0,28060.0,27410.0,27635.0,2880900
2021-11-10,25355.921875,26565.0,27440.0,26380.0,27380.0,3329300
2021-11-11,26062.244140625,27305.0,27435.0,25960.0,26065.0,4266000
2021-11-12,27193.3046875,28490.0,28490.0,27270.0,27700.0,4611400
2021-11-15,28625.033203125,29990.0,30030.0,28895.0,28900.0,6021700
2021-11-16,29464.982421875,30870.0,31080.0,29340.0,29910.0,5074500
2021-11-17,31030.33984375,32510.0,32790.0,31450.0,31460.0,4795000
2021-11-18,30610.3671875,32070.0,32680.0,31280.0,32190.0,6493100
2021-11-19,30505.375,31960.0,33300.0,31650.0,32880.0,5409800
2021-11-22,30161.759765625,31600.0,32530.0,31420.0,31760.0,4290600
2021-11-24,29169.091796875,30560.0,31160.0,30410.0,30710.0,3456800
2021-11-25,28978.193359375,30360.0,31400.0,29725.0,31200.0,3593400
2021-11-26,27689.638671875,29010.0,30220.0,28430.0,30100.0,6339600
2021-11-29,28787.298828125,30160.0,30620.0,28455.0,28940.0,6161000
2021-11-30,28391.189453125,29745.0,31200.0,29745.0,31150.0,4743700
2021-12-01,29054.5546875,30440.0,30540.0,29150.0,29905.0,4992600
2021-12-02,28644.126953125,30010.0,30360.0,29540.0,29950.0,4529200
2021-12-03,28228.923828125,29575.0,30000.0,29050.0,29785.0,4404900
2021-12-06,27493.970703125,28805.0,29370.0,28480.0,29300.0,3013400
2021-12-07,28586.857421875,29950.0,29950.0,28750.0,29165.0,4089600
2021-12-08,29235.90625,30630.0,31260.0,30310.0,30800.0,3889900
2021-12-09,29684.515625,31100.0,31200.0,30210.0,30270.0,2856900
2021-12-10,28844.568359375,30220.0,30930.0,30090.0,30550.0,3284500
2021-12-13,29684.515625,31100.0,31170.0,30360.0,30660.0,3108700
2021-12-14,28591.630859375,29955.0,30770.0,29770.0,30430.0,3926700
2021-12-15,28978.193359375,30360.0,30530.0,29600.0,29660.0,3473900
2021-12-16,30610.3671875,32070.0,32150.0,31000.0,31200.0,4356800
2021-12-17,29913.59375,31340.0,31710.0,31000.0,31000.0,3569700
2021-12-20,28854.115234375,30230.0,31520.0,30160.0,31270.0,3463700
2021-12-21,30257.205078125,31700.0,31850.0,30650.0,30930.0,4138600
2021-12-22,30524.46484375,31980.0,32050.0,31370.0,32000.0,3583200
2021-12-23,31440.76953125,32940.0,32970.0,32100.0,32250.0,3526600
2021-12-24,32681.59765625,34240.0,34300.0,33380.0,33410.0,4106100
2021-12-27,32729.322265625,34290.0,35200.0,33730.0,35000.0,3946500
2021-12-28,33769.71484375,35380.0,35670.0,34590.0,34990.0,4456700
2021-12-29,33656.98046875,35230.0,35610.0,34610.0,35010.0,4224900
2021-12-30,33714.30859375,35290.0,35520.0,34840.0,34940.0,3362800
2022-01-04,32787.6171875,34320.0,36090.0,33880.0,35770.0,5589100
2022-01-05,31860.923828125,33350.0,34410.0,33220.0,33500.0,4233900
2022-01-06,31316.375,32780.0,33330.0,31970.0,32030.0,4051600
2022-01-07,30781.376953125,32220.0,33350.0,31820.0,33350.0,4662300
2022-01-11,29357.908203125,30730.0,32080.0,30610.0,31950.0,4137000
2022-01-12,29959.775390625,31360.0,31920.0,30860.0,31500.0,4169500
2022-01-13,29434.3359375,30810.0,31860.0,30460.0,31470.0,4080800
2022-01-14,28660.5,30000.0,30500.0,29480.0,30120.0,5378300
2022-01-17,28206.708984375,29525.0,30300.0,29210.0,30170.0,4494700
2022-01-18,28880.236328125,30230.0,31330.0,29465.0,29775.0,6360400
2022-01-19,26821.455078125,28075.0,29300.0,27980.0,29100.0,5607800
2022-01-20,26773.68359375,28025.0,28360.0,27100.0,27520.0,6509200
2022-01-21,25574.72265625,26770.0,27230.0,26270.0,26960.0,5936300
2022-01-24,25889.990234375,27100.0,27345.0,25975.0,26110.0,6024500
2022-01-25,24872.5390625,26035.0,27810.0,25825.0,27540.0,6939400
2022-01-26,25316.775390625,26500.0,26685.0,25535.0,26120.0,7000500
2022-01-27,23291.435546875,24380.0,26850.0,24215.0,26815.0,8772900
2022-01-28,22832.869140625,23900.0,24730.0,22500.0,24410.0,10446200
2022-01-31,23955.404296875,25075.0,25710.0,23580.0,24300.0,7784100
2022-02-01,22226.21875,23265.0,26725.0,23010.0,26700.0,11448000
2022-02-02,22952.283203125,24025.0,24435.0,22960.0,23310.0,8873600
2022-02-03,21681.66796875,22695.0,23815.0,22080.0,23310.0,8329700
2022-02-04,22059.03125,23090.0,23285.0,22145.0,22195.0,8202400
2022-02-07,21261.31640625,22255.0,23075.0,21755.0,22980.0,7763800
2022-02-08,21452.38671875,22455.0,23205.0,22075.0,22440.0,7842600
2022-02-09,22068.5859375,23100.0,23135.0,22330.0,22955.0,6161500
2022-02-10,21829.75,22850.0,24275.0,22605.0,23600.0,8810000
2022-02-14,21055.916015625,22040.0,22120.0,21515.0,21850.0,5374100
2022-02-15,21012.923828125,21995.0,22515.0,21530.0,22140.0,6922500
2022-02-16,21328.1875,22325.0,22875.0,22035.0,22865.0,5216800
2022-02-17,21017.701171875,22000.0,22480.0,21735.0,22325.0,5764400
2022-02-18,20497.03515625,21455.0,21660.0,20850.0,21500.0,7327200
2022-02-21,20224.76171875,21170.0,21305.0,20200.0,20600.0,6369200
2022-02-22,19541.689453125,20455.0,21005.0,20230.0,20435.0,6832600
2022-02-24,18624.546875,19495.0,20410.0,19360.0,20220.0,7854500
2022-02-25,19947.7109375,20880.0,20900.0,19755.0,20285.0,8317800
2022-02-28,19909.494140625,20840.0,21095.0,20180.0,20480.0,7172100
2022-03-01,20043.248046875,20980.0,21275.0,20575.0,21170.0,6545200
2022-03-02,19460.478515625,20370.0,20885.0,20250.0,20500.0,5673200
2022-03-03,19656.330078125,20575.0,20910.0,20440.0,20690.0,4952500
2022-03-04,18495.578125,19360.0,20365.0,19230.0,20255.0,6701000
2022-03-07,16775.947265625,17560.0,18475.0,17540.0,18300.0,6799700
2022-03-08,16670.857421875,17450.0,18120.0,16600.0,16895.0,9547000
2022-03-09,16623.08984375,17400.0,17895.0,17195.0,17725.0,6358500
2022-03-10,17549.78125,18370.0,18465.0,17915.0,18205.0,5525700
2022-03-11,15963.900390625,16710.0,17905.0,16430.0,17900.0,7552000
2022-03-14,15916.130859375,16660.0,17250.0,16350.0,16725.0,6993000
2022-03-15,16374.701171875,17140.0,17530.0,16350.0,16370.0,8054000
2022-03-16,16623.08984375,17400.0,17830.0,17125.0,17710.0,6447200
2022-03-17,18242.41015625,19095.0,19425.0,18270.0,18520.0,8163300
2022-03-18,18304.5078125,19160.0,19350.0,18745.0,18870.0,6107400
2022-03-22,17946.25390625,18785.0,19440.0,18720.0,19400.0,5600000
2022-03-23,19770.97265625,20695.0,20725.0,19090.0,19110.0,8237900
2022-03-24,19646.775390625,20565.0,20570.0,19720.0,20180.0,8037000
2022-03-25,19622.890625,20540.0,21610.0,20365.0,21565.0,8068300
2022-03-28,19064.009765625,19955.0,20565.0,19795.0,20275.0,5883400
2022-03-29,19613.333984375,20530.0,20940.0,20290.0,20300.0,6675300
2022-03-30,20196.103515625,21140.0,21430.0,20770.0,21030.0,6912400
2022-03-31,19856.94921875,20785.0,21095.0,20460.0,20760.0,5712000
2022-04-01,19713.650390625,20635.0,20660.0,20060.0,20480.0,5431300
2022-04-04,19919.048828125,20850.0,20870.0,20255.0,20350.0,4211400
2022-04-05,19689.76171875,20610.0,21520.0,20600.0,21300.0,5182700
2022-04-06,18958.921875,19845.0,20105.0,19575.0,20045.0,4995900
2022-04-07,17740.849609375,18570.0,19145.0,18525.0,19000.0,4699200
2022-04-08,17831.611328125,18665.0,18925.0,18375.0,18870.0,4931900
2022-04-11,17330.05078125,18140.0,18550.0,17990.0,18340.0,4317900
2022-04-12,16909.6953125,17700.0,18120.0,17620.0,17800.0,4906600
2022-04-13,17874.599609375,18710.0,18730.0,17860.0,17960.0,5384800
2022-04-14,18113.439453125,18960.0,19080.0,18545.0,19000.0,5076000
2022-04-15,17401.703125,18215.0,18415.0,17980.0,18310.0,4595800
2022-04-18,17564.111328125,18385.0,18420.0,17870.0,17950.0,4478900
2022-04-19,18490.80078125,19355.0,19415.0,18680.0,18785.0,5669000
2022-04-20,17282.28515625,18090.0,19705.0,18025.0,19665.0,8488600
2022-04-21,18371.3828125,19230.0,19365.0,18315.0,18400.0,7594500
2022-04-22,17459.021484375,18275.0,18695.0,18085.0,18500.0,6096500
2022-04-25,17129.42578125,17930.0,18110.0,17645.0,17815.0,5078400
2022-04-26,17229.73828125,18035.0,18350.0,17870.0,18330.0,4721700
2022-04-27,16608.763671875,17385.0,17605.0,17020.0,17440.0,5658100
2022-04-28,16924.025390625,17715.0,17845.0,17095.0,17235.0,5409000
2022-05-02,17511.56640625,18330.0,18475.0,17315.0,17315.0,8122300
2022-05-06,16589.65234375,17365.0,18300.0,17200.0,18235.0,7204800
2022-05-09,16718.626953125,17500.0,17895.0,17235.0,17610.0,5165100
2022-05-10,16365.146484375,17130.0,17310.0,16350.0,17100.0,7326200
2022-05-11,17315.71875,18125.0,18195.0,17130.0,17190.0,6888600
2022-05-12,15739.3916015625,16475.0,17485.0,16450.0,17340.0,7556100
2022-05-13,16250.505859375,17010.0,17095.0,16605.0,16875.0,7123300
2022-05-16,16732.955078125,17515.0,18130.0,17380.0,17550.0,7329600
2022-05-17,16785.50390625,17570.0,17720.0,17100.0,17510.0,7008000
2022-05-18,17095.9921875,17895.0,18575.0,17775.0,18000.0,8934100
2022-05-19,16675.634765625,17455.0,17540.0,16870.0,17015.0,7580100
2022-05-20,17181.970703125,17985.0,18000.0,17320.0,17740.0,8472500
2022-05-23,16995.6796875,17790.0,18180.0,17635.0,18155.0,7014900
2022-05-24,16322.1572265625,17085.0,17875.0,17060.0,17675.0,7209300
2022-05-25,16455.90234375,17225.0,17460.0,16810.0,17195.0,7960100
2022-05-26,16178.8525390625,16935.0,17625.0,16915.0,17100.0,7957000
2022-05-27,16861.9296875,17650.0,17795.0,17270.0,17400.0,8118000
2022-05-30,17793.39453125,18625.0,18640.0,17760.0,18050.0,8538800
2022-05-31,17941.474609375,18780.0,19090.0,18315.0,18580.0,9877500
2022-06-01,17707.412109375,18535.0,18900.0,18410.0,18635.0,6945600
2022-06-02,17272.728515625,18080.0,18480.0,18005.0,18335.0,7050500
2022-06-03,17373.041015625,18185.0,18805.0,18165.0,18480.0,7787700
2022-06-06,17525.8984375,18345.0,18405.0,17835.0,17850.0,5270800
2022-06-07,16861.9296875,17650.0,18360.0,17630.0,18335.0,5693500
2022-06-08,17196.298828125,18000.0,18080.0,17720.0,17855.0,5482100
2022-06-09,17430.359375,18245.0,18360.0,17580.0,17805.0,5613800
2022-06-10,16594.4296875,17370.0,17985.0,17255.0,17975.0,6066700
2022-06-13,16059.435546875,16810.0,17175.0,16615.0,16730.0,4803100
2022-06-14,16503.673828125,17275.0,17325.0,16310.0,16410.0,7939700
2022-06-15,16336.4873046875,17100.0,17520.0,16890.0,17250.0,5063600
2022-06-16,16145.419921875,16900.0,17730.0,16855.0,17520.0,5659300
2022-06-17,14822.2568359375,15515.0,16335.0,15390.0,16245.0,8659500
2022-06-20,14172.619140625,14835.0,15770.0,14450.0,15750.0,8642900
2022-06-21,14664.6240234375,15350.0,15490.0,14765.0,15085.0,8088800
2022-06-22,14473.5537109375,15150.0,15585.0,14965.0,15550.0,7038000
2022-06-23,14559.53515625,15240.0,15520.0,14915.0,15090.0,8108700
2022-06-24,15467.119140625,16190.0,16210.0,15045.0,15045.0,8514100
2022-06-27,16054.6591796875,16805.0,16865.0,16060.0,16450.0,7239800
2022-06-28,16212.2890625,16970.0,16970.0,16460.0,16505.0,6508800
2022-06-29,16063.642578125,16750.0,16780.0,16250.0,16500.0,6598900
2022-06-30,15488.228515625,16150.0,16660.0,16115.0,16535.0,6594400
2022-07-01,14888.8388671875,15525.0,16340.0,15290.0,15995.0,9592800
2022-07-04,15186.13671875,15835.0,15900.0,15170.0,15350.0,7865700
2022-07-05,15550.564453125,16215.0,16480.0,15890.0,15960.0,6888200
2022-07-06,15891.017578125,16570.0,16720.0,16150.0,16355.0,7697800
2022-07-07,16289.0146484375,16985.0,17045.0,16490.0,16715.0,7242300
2022-07-08,16763.732421875,17480.0,17820.0,17035.0,17250.0,9377700
2022-07-11,16193.1123046875,16885.0,17775.0,16770.0,17750.0,7520900
2022-07-12,15775.9365234375,16450.0,16875.0,16320.0,16645.0,5496000
2022-07-13,15617.6962890625,16285.0,16635.0,16170.0,16535.0,5234200
2022-07-14,16456.841796875,17160.0,17365.0,16040.0,16110.0,8785100
2022-07-15,16447.25390625,17150.0,17525.0,16670.0,17320.0,8066200
2022-07-19,16706.19140625,17420.0,17700.0,17080.0,17240.0,7745300
2022-07-20,17578.900390625,18330.0,18680.0,17915.0,18000.0,8403400
2022-07-21,17650.828125,18405.0,18730.0,18015.0,18520.0,7186700
2022-07-22,17722.75,18480.0,18640.0,18205.0,18530.0,6367900
2022-07-25,17305.57421875,18045.0,18405.0,18030.0,18265.0,5733700
2022-07-26,17343.939453125,18085.0,18145.0,17735.0,17850.0,4670800
2022-07-27,18293.37109375,19075.0,19080.0,18100.0,18120.0,7542000
2022-07-28,18384.478515625,19170.0,19790.0,18765.0,19645.0,8100100
2022-07-29,18542.71875,19335.0,19615.0,19055.0,19335.0,7883000
2022-08-01,18015.255859375,18785.0,18945.0,18400.0,18880.0,6670300
2022-08-02,17852.21875,18615.0,18865.0,18480.0,18800.0,4962600
2022-08-03,18350.9140625,19135.0,19300.0,18665.0,18790.0,6492100
2022-08-04,18662.59765625,19460.0,19795.0,19345.0,19410.0,5581500
2022-08-05,18878.376953125,19685.0,20070.0,19385.0,19400.0,6666500
2022-08-08,20666.95703125,21550.0,21550.0,20120.0,20300.0,10068500
2022-08-09,20810.80859375,21700.0,22160.0,21115.0,21550.0,9267500
2022-08-10,20086.74609375,20945.0,21420.0,20505.0,21020.0,8619100
2022-08-12,20408.01953125,21280.0,21605.0,21020.0,21530.0,6675900
2022-08-15,20537.486328125,21415.0,21875.0,21350.0,21595.0,5220600
2022-08-16,20264.1640625,21130.0,21540.0,21100.0,21375.0,5379400
2022-08-17,20221.009765625,21085.0,21290.0,20680.0,21175.0,5039100
2022-08-18,20427.19921875,21300.0,21370.0,20475.0,20730.0,5566300
2022-08-19,19717.521484375,20560.0,21735.0,20450.0,21525.0,7834900
2022-08-22,19707.931640625,20550.0,20695.0,20050.0,20100.0,4502800
2022-08-23,19727.111328125,20570.0,20780.0,20260.0,20270.0,4574200
2022-08-24,19137.314453125,19955.0,20620.0,19955.0,20570.0,4761900
2022-08-25,19238.009765625,20060.0,20135.0,19665.0,20065.0,4292100
2022-08-26,19381.8671875,20210.0,20515.0,20165.0,20345.0,4659800
2022-08-29,18288.578125,19070.0,19530.0,19000.0,19000.0,4579900
2022-08-30,18700.955078125,19500.0,19500.0,18905.0,19215.0,5466700
2022-08-31,18609.849609375,19405.0,19540.0,19180.0,19295.0,4141100
2022-09-01,18020.046875,18790.0,19255.0,18760.0,19145.0,4362300
2022-09-02,17617.26171875,18370.0,18920.0,18345.0,18795.0,4378000
2022-09-05,17885.787109375,18650.0,18715.0,17980.0,18300.0,5994000
2022-09-06,18072.798828125,18845.0,19365.0,18565.0,18690.0,5739600
2022-09-07,17789.884765625,18550.0,18700.0,18210.0,18630.0,4377700
2022-09-08,18178.29296875,18955.0,19015.0,18680.0,18950.0,4737700
2022-09-09,18183.0859375,18960.0,19470.0,18770.0,19185.0,5511400
2022-09-12,18245.421875,19025.0,19450.0,19020.0,19345.0,4003400
2022-09-13,18360.501953125,19145.0,19285.0,18885.0,19100.0,4051200
2022-09-14,17981.69140625,18750.0,18945.0,18270.0,18380.0,4755600
2022-09-15,17626.849609375,18380.0,18790.0,18315.0,18660.0,4823600
2022-09-16,16797.296875,17515.0,18180.0,17480.0,18125.0,4868600
2022-09-20,16768.52734375,17485.0,17815.0,17355.0,17650.0,3855200
2022-09-21,16408.890625,17110.0,17365.0,17040.0,17345.0,3728700
2022-09-22,16404.09765625,17105.0,17210.0,16690.0,16870.0,4507400
2022-09-26,15924.583984375,16605.0,17025.0,16580.0,16770.0,4442200
2022-09-27,15574.5419921875,16240.0,16805.0,16175.0,16800.0,5299400
2022-09-28,15042.28125,15685.0,16355.0,15520.0,16285.0,6491900
2022-09-29,14754.5751953125,15385.0,15920.0,15285.0,15880.0,6130500
2022-09-30,14092.8486328125,14695.0,15175.0,14560.0,15155.0,6480500
2022-10-03,14548.3857421875,15170.0,15535.0,14320.0,14445.0,9191400
2022-10-04,14951.173828125,15590.0,15745.0,15230.0,15700.0,6581300
2022-10-05,14965.5615234375,15605.0,15925.0,15365.0,15800.0,6281700
2022-10-06,15785.525390625,16460.0,16610.0,15710.0,15850.0,7503900
2022-10-07,16375.326171875,17075.0,17320.0,16150.0,16180.0,11766800
2022-10-11,16346.5546875,17045.0,17800.0,16480.0,16530.0,13879800
2022-10-12,15747.166015625,16420.0,17195.0,15980.0,16780.0,9879300
2022-10-13,15886.22265625,16565.0,16695.0,16190.0,16415.0,8339100
2022-10-14,16236.267578125,16930.0,17290.0,16685.0,17000.0,8033400
2022-10-17,16226.677734375,16920.0,16935.0,16450.0,16595.0,6722400
2022-10-18,17041.84765625,17770.0,17770.0,17055.0,17150.0,9928700
2022-10-19,17272.013671875,18010.0,18100.0,17510.0,17650.0,9825800
2022-10-20,17818.65625,18580.0,18660.0,17860.0,18080.0,9954200
2022-10-21,18633.826171875,19430.0,19710.0,18770.0,18800.0,13095100
2022-10-24,19204.4453125,20025.0,20115.0,19530.0,19700.0,10253400
2022-10-25,19425.017578125,20255.0,20920.0,19805.0,20055.0,14464900
2022-10-26,19204.4453125,20025.0,20655.0,19955.0,20000.0,11325000
2022-10-27,19736.701171875,20580.0,20600.0,19950.0,19995.0,8922500
2022-10-28,19731.90625,20575.0,20685.0,20160.0,20400.0,9436500
2022-10-31,20417.609375,21290.0,21410.0,20715.0,21070.0,8947600
2022-11-01,20508.71875,21385.0,21650.0,20505.0,20580.0,11294800
2022-11-02,20379.24609375,21250.0,21515.0,20620.0,21370.0,10060600
2022-11-04,20091.541015625,20950.0,21310.0,20605.0,20750.0,9026700
2022-11-07,20657.365234375,21540.0,21565.0,20905.0,21185.0,7719600
2022-11-08,22239.751953125,23190.0,23220.0,21715.0,21740.0,11549000
2022-11-09,22421.970703125,23380.0,24290.0,22720.0,23795.0,14903600
2022-11-10,22489.099609375,23450.0,24090.0,22980.0,23180.0,12208800
2022-11-11,26095.02734375,27210.0,27575.0,25115.0,25560.0,20710400
2022-11-14,26286.83203125,27410.0,28305.0,27155.0,28285.0,12110300
2022-11-15,27792.498046875,28980.0,29210.0,27350.0,27500.0,14802800
2022-11-16,27653.439453125,28835.0,29645.0,27010.0,29200.0,21268100
2022-11-17,25318.21875,26400.0,28025.0,26280.0,27835.0,15934500
2022-11-18,23908.453125,24930.0,26835.0,24335.0,26700.0,19807700
2022-11-21,24105.05078125,25135.0,25575.0,24660.0,24930.0,14225800
2022-11-22,24330.42578125,25370.0,25895.0,24700.0,24950.0,12485400
2022-11-24,25476.455078125,26565.0,27150.0,26160.0,26160.0,11572500
2022-11-25,25548.38671875,26640.0,26850.0,26005.0,26300.0,10759600
2022-11-28,24891.453125,25955.0,26405.0,25640.0,26395.0,9396700
2022-11-29,24186.5703125,25220.0,25910.0,25125.0,25585.0,10905200
2022-11-30,24105.05078125,25135.0,25205.0,24540.0,24800.0,9475000
2022-12-01,25366.169921875,26450.0,26980.0,26075.0,26960.0,10271200
2022-12-02,25620.3125,26715.0,26995.0,26210.0,26305.0,10759900
2022-12-05,25860.06640625,26965.0,27405.0,26540.0,26595.0,9042600
2022-12-06,26521.791015625,27655.0,27780.0,26645.0,26900.0,11066900
2022-12-07,25203.134765625,26280.0,27775.0,26280.0,27420.0,11071100
2022-12-08,24723.625,25780.0,26460.0,25135.0,26260.0,12993700
2022-12-09,26018.306640625,27130.0,27170.0,26040.0,26475.0,11668800
2022-12-12,24848.29296875,25910.0,26840.0,25810.0,26700.0,12124100
2022-12-13,25236.69921875,26315.0,26790.0,25955.0,26410.0,12290300
2022-12-14,26090.234375,27205.0,27280.0,26340.0,26760.0,12230600
2022-12-15,25543.58984375,26635.0,27095.0,26485.0,27030.0,10454200
2022-12-16,24023.53515625,25050.0,25745.0,24905.0,25455.0,10539500
2022-12-19,23030.947265625,24015.0,24910.0,24015.0,24550.0,10536000
2022-12-20,22278.115234375,23230.0,24440.0,22785.0,23660.0,16757700
2022-12-21,22234.95703125,23185.0,23845.0,22920.0,23320.0,12870500
2022-12-22,21999.998046875,22940.0,23705.0,22880.0,23610.0,10073400
2022-12-23,20973.84375,21870.0,22240.0,21500.0,22200.0,11933700
2022-12-26,21731.470703125,22660.0,22770.0,21570.0,21570.0,10800700
2022-12-27,22038.357421875,22980.0,23195.0,22605.0,22890.0,10622800
2022-12-28,21376.6328125,22290.0,22525.0,21880.0,22480.0,10026100
2022-12-29,21642.90234375,22515.0,22560.0,21725.0,21740.0,10521200
2022-12-30,20902.724609375,21745.0,23080.0,21700.0,22905.0,12068100
2023-01-04,20330.775390625,21150.0,21650.0,20975.0,21395.0,8868500
2023-01-05,20816.212890625,21655.0,22060.0,21330.0,21650.0,10631000
2023-01-06,21176.689453125,22030.0,22120.0,21150.0,21310.0,9423800
2023-01-10,22118.728515625,23010.0,23140.0,22450.0,22970.0,8432200
2023-01-11,23022.318359375,23950.0,24015.0,23300.0,23415.0,8064900
2023-01-12,23349.146484375,24290.0,24670.0,24130.0,24500.0,9979900
2023-01-13,24680.50390625,25675.0,25700.0,24010.0,24025.0,11932200
2023-01-16,24521.89453125,25510.0,26000.0,25200.0,25500.0,9140400
2023-01-17,25266.873046875,26285.0,26685.0,25555.0,25600.0,9615300
2023-01-18,25170.75,26185.0,26765.0,25475.0,26510.0,13540400
2023-01-19,24473.83203125,25460.0,25940.0,25230.0,25925.0,9148600
2023-01-20,24315.220703125,25295.0,25540.0,24815.0,24940.0,8488000
2023-01-23,24949.658203125,25955.0,26390.0,25800.0,25880.0,8115500
2023-01-24,24968.880859375,25975.0,27000.0,25975.0,26880.0,8970800
2023-01-25,25358.1953125,26380.0,26500.0,25700.0,25760.0,9165200
2023-01-26,25252.455078125,26270.0,26675.0,25925.0,26440.0,9239200
2023-01-27,24973.6875,25980.0,26490.0,25710.0,26405.0,9010100
2023-01-30,25103.462890625,26115.0,26295.0,25730.0,25980.0,8949600
2023-01-31,24541.119140625,25530.0,26315.0,25410.0,26050.0,8150500
2023-02-01,21167.07421875,22020.0,24195.0,22010.0,24030.0,15231800
2023-02-02,21993.765625,22880.0,22975.0,21940.0,22660.0,12868700
2023-02-03,22128.337890625,23020.0,23500.0,22755.0,23150.0,12889800
2023-02-06,21984.154296875,22870.0,23310.0,22665.0,23110.0,9658900
2023-02-07,21772.673828125,22650.0,23145.0,22565.0,22850.0,8774500
2023-02-08,22272.533203125,23170.0,23325.0,22785.0,22890.0,9655600
2023-02-09,22210.05078125,23105.0,23110.0,22505.0,22760.0,8611100
2023-02-10,21902.443359375,22785.0,23210.0,22585.0,22870.0,9464600
2023-02-13,21541.970703125,22410.0,22715.0,22135.0,22545.0,8433500
2023-02-14,22032.216796875,22920.0,23265.0,22705.0,22830.0,8537700
2023-02-15,21791.8984375,22670.0,23430.0,22460.0,23150.0,8860900
2023-02-16,22142.7578125,23035.0,23060.0,22570.0,22950.0,8697400
2023-02-17,21421.8125,22285.0,22630.0,22260.0,22600.0,8461800
2023-02-20,21681.3515625,22555.0,22580.0,21980.0,22300.0,7548700
2023-02-21,21296.84765625,22155.0,22495.0,22025.0,22455.0,7531400
2023-02-22,21018.078125,21865.0,21920.0,21370.0,21600.0,8137500
2023-02-24,21888.025390625,22770.0,22800.0,22190.0,22260.0,9219800
2023-02-27,21344.91015625,22205.0,22495.0,22170.0,22285.0,6789400
2023-02-28,21292.041015625,22150.0,22640.0,22100.0,22430.0,7289200
2023-03-01,21022.884765625,21870.0,22195.0,21150.0,22195.0,11395900
2023-03-02,20614.349609375,21445.0,21790.0,21220.0,21720.0,8651000
2023-03-03,21219.94921875,22075.0,22110.0,21420.0,21770.0,9239400
2023-03-06,21527.55078125,22395.0,22695.0,22125.0,22335.0,8675400
2023-03-07,20758.5390625,21595.0,22185.0,21590.0,22115.0,8617700
2023-03-08,20950.791015625,21795.0,21890.0,21060.0,21100.0,9464500
2023-03-09,21147.849609375,22000.0,22380.0,21925.0,22120.0,7339400
2023-03-10,20402.8671875,21225.0,21690.0,21195.0,21635.0,8376400
2023-03-13,20623.958984375,21455.0,21475.0,20910.0,21000.0,7176900
2023-03-14,20619.15234375,21450.0,21670.0,21130.0,21180.0,8202600
2023-03-15,20643.185546875,21475.0,21930.0,21435.0,21755.0,8786400
2023-03-16,21008.466796875,21855.0,22270.0,21170.0,21180.0,12139500
2023-03-17,21979.34765625,22865.0,22865.0,22180.0,22220.0,10950600
2023-03-20,20710.474609375,21545.0,23270.0,21435.0,23200.0,12949200
2023-03-22,21070.94921875,21920.0,22550.0,21725.0,21805.0,9874800
2023-03-23,21114.20703125,21965.0,21975.0,21185.0,21750.0,11789700
2023-03-24,21215.140625,22070.0,22345.0,21710.0,22195.0,11245000
2023-03-27,21080.5625,21930.0,22015.0,21565.0,21945.0,8156700
2023-03-28,20585.509765625,21415.0,21810.0,21350.0,21760.0,7769900
2023-03-29,21465.06640625,22330.0,22330.0,21300.0,21400.0,9421700
2023-03-30,22051.443359375,22940.0,23120.0,22475.0,22700.0,11146800
2023-03-31,22378.271484375,23280.0,23695.0,23105.0,23295.0,11194000
2023-04-03,21830.349609375,22710.0,23670.0,22670.0,23650.0,8881800
2023-04-04,21734.22265625,22610.0,23090.0,22560.0,22700.0,8659600
2023-04-05,21753.44921875,22630.0,22770.0,22300.0,22455.0,7906400
2023-04-06,20686.443359375,21520.0,22340.0,21375.0,22340.0,9883300
2023-04-07,20720.087890625,21555.0,21830.0,21280.0,21565.0,8817100
2023-04-10,20835.4375,21675.0,21780.0,21320.0,21750.0,6688400
2023-04-11,21200.72265625,22055.0,22290.0,21755.0,21910.0,7940100
2023-04-12,21186.302734375,22040.0,22050.0,21520.0,21640.0,7035300
2023-04-13,20897.919921875,21740.0,21910.0,21590.0,21700.0,6797500
2023-04-14,20965.2109375,21810.0,22050.0,21560.0,22000.0,6540700
2023-04-17,20845.05078125,21685.0,21980.0,21560.0,21870.0,5669200
2023-04-18,20239.453125,21055.0,21665.0,21000.0,21545.0,6708700
2023-04-19,20167.359375,20980.0,21265.0,20570.0,21135.0,7799400
2023-04-20,19917.4296875,20720.0,20840.0,20320.0,20535.0,7225300
2023-04-21,19984.72265625,20790.0,21165.0,20585.0,20715.0,8472300
2023-04-24,19537.732421875,20325.0,20700.0,20320.0,20580.0,5895200
2023-04-25,19369.509765625,20150.0,20600.0,20090.0,20365.0,6624300
2023-04-26,18739.880859375,19495.0,19870.0,19175.0,19770.0,9487000
2023-04-27,18264.0546875,19000.0,19460.0,18925.0,19380.0,7999300
2023-04-28,17687.29296875,18400.0,19195.0,18380.0,19190.0,10006100
2023-05-01,17105.7265625,17795.0,19070.0,17780.0,19010.0,15504900
2023-05-02,17562.330078125,18270.0,18370.0,17485.0,17485.0,14050900
2023-05-08,17259.53125,17955.0,18235.0,17680.0,18175.0,10047800
2023-05-09,17610.39453125,18320.0,18580.0,18035.0,18195.0,8804400
2023-05-10,17129.759765625,17820.0,18220.0,17760.0,18100.0,6574800
2023-05-11,17264.337890625,17960.0,18185.0,17780.0,18010.0,8021400
2023-05-12,17658.455078125,18370.0,18420.0,17680.0,17800.0,9802800
2023-05-15,17629.6171875,18340.0,18460.0,18110.0,18445.0,7691000
2023-05-16,18360.1796875,19100.0,19115.0,18655.0,18700.0,9070700
2023-05-17,18975.388671875,19740.0,20010.0,19200.0,19400.0,11795000
2023-05-18,19696.337890625,20490.0,21105.0,20330.0,20500.0,17375500
2023-05-19,19893.3984375,20695.0,21070.0,20240.0,20990.0,14298500
2023-05-22,20494.189453125,21320.0,21350.0,20400.0,20520.0,11901900
2023-05-23,20984.435546875,21830.0,21830.0,21005.0,21460.0,15337100
2023-05-24,21782.28515625,22660.0,22845.0,21435.0,21495.0,17931900
2023-05-25,21748.640625,22625.0,23125.0,22170.0,23045.0,15979200
2023-05-26,22046.6328125,22935.0,23275.0,22725.0,23000.0,13272900
2023-05-29,21546.77734375,22415.0,23595.0,22200.0,23590.0,14183100
2023-05-30,21354.521484375,22215.0,22920.0,22205.0,22350.0,11871400
2023-05-31,20811.40625,21650.0,22195.0,21500.0,22000.0,11582700
2023-06-01,21292.041015625,22150.0,22230.0,21505.0,21600.0,11725800
2023-06-02,20647.994140625,21480.0,22135.0,21415.0,22135.0,9875000
2023-06-05,20647.994140625,21480.0,21835.0,21330.0,21620.0,8699400
2023-06-06,21090.173828125,21940.0,22130.0,21270.0,21280.0,10401300
2023-06-07,19984.72265625,20790.0,22050.0,20730.0,21920.0,12929500
2023-06-08,19874.173828125,20675.0,21110.0,20305.0,20730.0,12752400
2023-06-09,20210.6171875,21025.0,21040.0,20545.0,20860.0,9513000
2023-06-12,20340.388671875,21160.0,21295.0,20780.0,20925.0,7668400
2023-06-13,21614.064453125,22485.0,22610.0,21270.0,21295.0,13167800
2023-06-14,21503.51953125,22370.0,22750.0,22035.0,22745.0,12450300
2023-06-15,21075.75390625,21925.0,22820.0,21765.0,22425.0,12287300
2023-06-16,21421.8125,22285.0,22310.0,21430.0,21800.0,10741900
2023-06-19,20547.060546875,21375.0,22090.0,21285.0,22035.0,9799600
2023-06-20,20691.25,21525.0,21645.0,21000.0,21040.0,11005800
2023-06-21,21042.109375,21890.0,21930.0,21305.0,21305.0,10133200
2023-06-22,19922.234375,20725.0,21635.0,20690.0,21460.0,10000900
2023-06-23,20249.068359375,21065.0,21320.0,20735.0,20915.0,12052600
2023-06-26,19970.302734375,20775.0,20930.0,20255.0,20900.0,11223600
2023-06-27,19792.46484375,20590.0,21065.0,20490.0,20800.0,8842200
2023-06-28,20744.119140625,21580.0,21620.0,20730.0,20900.0,9215100
2023-06-29,21409.41796875,22140.0,22215.0,21470.0,21595.0,10003700
2023-06-30,20863.05859375,21575.0,22250.0,21305.0,21960.0,11675400
2023-07-03,21786.546875,22530.0,22645.0,21985.0,22020.0,9510100
2023-07-04,21568.970703125,22305.0,22670.0,22250.0,22475.0,9990800
2023-07-05,20906.578125,21620.0,22380.0,21580.0,22150.0,8775900
2023-07-06,20481.095703125,21180.0,21650.0,21120.0,21120.0,9993700
2023-07-07,20244.181640625,20935.0,21425.0,20905.0,21120.0,8063800
2023-07-10,19809.029296875,20485.0,21035.0,20355.0,20955.0,9194300
2023-07-11,20350.548828125,21045.0,21150.0,20640.0,20870.0,9478000
2023-07-12,19233.662109375,19890.0,21010.0,19800.0,20865.0,10637200
2023-07-13,20065.283203125,20750.0,20820.0,19465.0,20150.0,13343200
2023-07-14,20239.34375,20930.0,21280.0,20735.0,20755.0,10388000
2023-07-18,20345.716796875,21040.0,21525.0,20765.0,20940.0,11013900
2023-07-19,20780.865234375,21490.0,21695.0,21010.0,21180.0,12152200
2023-07-20,19712.330078125,20385.0,21205.0,20220.0,21160.0,12423600
2023-07-21,18991.9140625,19640.0,20080.0,19410.0,19650.0,11483600
2023-07-24,19722.0,20395.0,20425.0,19880.0,19950.0,9960400
2023-07-25,19973.41796875,20655.0,21000.0,20470.0,21000.0,11605500
2023-07-26,20495.6015625,21195.0,21335.0,20775.0,20805.0,9575700
2023-07-27,20442.416015625,21140.0,21245.0,20780.0,20890.0,7734400
2023-07-28,20630.978515625,21335.0,21580.0,20765.0,20900.0,14179100
2023-07-31,20766.359375,21475.0,21630.0,21205.0,21590.0,9103000
2023-08-01,21341.7265625,22070.0,22110.0,21400.0,21475.0,8418300
2023-08-02,20800.205078125,21510.0,22065.0,21290.0,21940.0,8558500
2023-08-03,20645.486328125,21350.0,21555.0,21020.0,21230.0,8543600
2023-08-04,20360.220703125,21055.0,21520.0,20950.0,21355.0,7455600
2023-08-07,20500.435546875,21200.0,21280.0,20505.0,21085.0,9308400
2023-08-08,21220.853515625,21945.0,22325.0,21455.0,21490.0,14995200
2023-08-09,21999.287109375,22750.0,22800.0,21755.0,21800.0,10664000
2023-08-10,21235.357421875,21960.0,22540.0,21810.0,22470.0,9142300
2023-08-14,20887.23828125,21600.0,21875.0,21275.0,21870.0,7931300
2023-08-15,20896.908203125,21610.0,22310.0,21570.0,22100.0,9330400
2023-08-16,20519.7734375,21220.0,21600.0,21165.0,21455.0,7733700
2023-08-17,20418.240234375,21115.0,21455.0,20745.0,21080.0,9605400
2023-08-18,20384.39453125,21080.0,21350.0,20795.0,20905.0,7633600
2023-08-21,20408.56640625,21105.0,21415.0,20915.0,21080.0,7573700
2023-08-22,21264.365234375,21990.0,21995.0,21435.0,21550.0,8542800
2023-08-23,20722.84375,21430.0,21840.0,21420.0,21835.0,6933300
2023-08-24,21481.94140625,22215.0,22305.0,21805.0,21930.0,9956300
2023-08-25,19992.759765625,20675.0,21730.0,20665.0,21715.0,10070200
2023-08-28,21477.10546875,22210.0,22275.0,20910.0,21015.0,15200500
2023-08-29,21467.4375,22200.0,22430.0,21920.0,22180.0,10885500
2023-08-30,21646.33203125,22385.0,22715.0,22190.0,22600.0,9851300
2023-08-31,21926.76171875,22675.0,22750.0,22335.0,22485.0,8843400
2023-09-01,22047.63671875,22800.0,22870.0,22535.0,22630.0,8088300
2023-09-04,21854.23828125,22600.0,23025.0,22505.0,22900.0,7683500
2023-09-05,21685.013671875,22425.0,23330.0,22370.0,22800.0,13423900
2023-09-06,21772.041015625,22515.0,22735.0,22140.0,22585.0,9609100
2023-09-07,21375.5703125,22105.0,22505.0,22050.0,22290.0,7766300
2023-09-08,21303.046875,22030.0,22055.0,21655.0,21880.0,8948900
2023-09-11,20606.802734375,21310.0,21855.0,21230.0,21780.0,8375200
2023-09-12,20394.064453125,21090.0,21500.0,20880.0,21450.0,8830400
2023-09-13,20427.91015625,21125.0,21625.0,20895.0,21010.0,9146800
2023-09-14,21607.65234375,22345.0,22375.0,21370.0,21385.0,10335900
2023-09-15,21955.775390625,22705.0,22765.0,21985.0,22305.0,10068300
2023-09-19,20921.078125,21635.0,22145.0,21435.0,22140.0,7902800
2023-09-20,21070.966796875,21790.0,21830.0,21450.0,21500.0,6575200
2023-09-21,21109.64453125,21830.0,21830.0,21150.0,21360.0,7221900
2023-09-22,21578.640625,22315.0,22570.0,21550.0,21585.0,10693400
2023-09-25,22415.099609375,23180.0,23200.0,22315.0,22320.0,8880700
2023-09-26,22149.173828125,22905.0,23390.0,22820.0,23100.0,9264700
2023-09-27,22448.943359375,23215.0,23275.0,22500.0,22550.0,8852000
2023-09-28,22569.818359375,23340.0,23640.0,22850.0,23200.0,12693400
2023-09-29,22502.126953125,23270.0,23755.0,22950.0,23650.0,24456400
2023-10-02,22874.423828125,23655.0,24370.0,23260.0,23500.0,14171800
2023-10-03,22337.736328125,23100.0,23745.0,22975.0,23575.0,12154600
2023-10-04,21573.806640625,22310.0,22955.0,22180.0,22695.0,11771800
2023-10-05,22134.66796875,22890.0,22950.0,22305.0,22810.0,11391500
2023-10-06,22395.755859375,23160.0,23330.0,22615.0,22800.0,11989800
2023-10-10,23309.576171875,24105.0,24185.0,23125.0,23345.0,9793200
2023-10-11,24784.251953125,25630.0,25860.0,24470.0,24585.0,15566000
2023-10-12,26355.630859375,27255.0,27590.0,25995.0,26060.0,22570600
2023-10-13,25988.16796875,26875.0,27250.0,26520.0,26950.0,14432400
2023-10-16,25756.08984375,26635.0,27010.0,25860.0,26160.0,15308800
2023-10-17,26138.0546875,27030.0,28030.0,26895.0,27550.0,15548200
2023-10-18,26573.205078125,27480.0,27920.0,26750.0,26810.0,15651100
2023-10-19,25664.224609375,26540.0,27000.0,26240.0,26900.0,13885200
2023-10-20,25625.544921875,26500.0,26995.0,26110.0,26215.0,16023500
2023-10-23,25432.14453125,26300.0,26815.0,26070.0,26670.0,12131200
2023-10-24,24900.291015625,25750.0,26600.0,25315.0,26505.0,15336800
2023-10-25,24856.77734375,25705.0,26225.0,25630.0,26080.0,12611400
2023-10-26,23822.083984375,24635.0,25245.0,24590.0,24940.0,12585400
2023-10-27,24561.841796875,25400.0,25415.0,24630.0,24895.0,12971800
2023-10-30,24958.310546875,25810.0,25865.0,25230.0,25255.0,12353200
2023-10-31,24373.27734375,25205.0,25935.0,25050.0,25935.0,13584700
2023-11-01,26283.107421875,27180.0,27200.0,25800.0,25960.0,17302900
2023-11-02,26582.875,27490.0,28290.0,26860.0,28000.0,17464600
2023-11-06,26109.046875,27000.0,28525.0,27000.0,28250.0,14862800
2023-11-07,26669.904296875,27580.0,27930.0,26955.0,27005.0,15969800
2023-11-08,27361.310546875,28295.0,28370.0,27390.0,27995.0,14702700
2023-11-09,28333.1484375,29300.0,29335.0,28105.0,28495.0,15518200
2023-11-10,28159.087890625,29120.0,29495.0,28480.0,28850.0,15277200
2023-11-13,28101.06640625,29060.0,30340.0,28800.0,29800.0,17256100
2023-11-14,28700.609375,29680.0,29855.0,28875.0,29245.0,13780000
2023-11-15,29116.419921875,30110.0,30500.0,29820.0,30330.0,12580700
2023-11-16,29880.349609375,30900.0,31080.0,29850.0,30110.0,11180200
2023-11-17,30228.47265625,31260.0,31630.0,30600.0,30910.0,13519800
2023-11-20,30035.072265625,31060.0,31530.0,30680.0,31100.0,12969900
2023-11-21,30363.853515625,31400.0,31860.0,31080.0,31490.0,11772500
2023-11-22,30557.251953125,31600.0,31730.0,30850.0,31120.0,10325600
2023-11-24,29948.041015625,30970.0,31760.0,30930.0,31610.0,10741900
2023-11-27,29648.271484375,30660.0,31330.0,30660.0,30900.0,9120900
2023-11-28,30083.421875,31110.0,31120.0,30580.0,30800.0,10103800
2023-11-29,31659.6328125,32740.0,32810.0,30790.0,30910.0,15166100
2023-11-30,31949.736328125,33040.0,33150.0,32410.0,32950.0,11380300
2023-12-01,32916.73828125,34040.0,34140.0,32770.0,32930.0,12768200
2023-12-04,33332.54296875,34470.0,34880.0,33940.0,34090.0,12474100
2023-12-05,32665.314453125,33780.0,34380.0,33240.0,34010.0,13008200
2023-12-06,34425.26171875,35600.0,35600.0,34200.0,34230.0,11680000
2023-12-07,33545.28515625,34690.0,35240.0,34510.0,35200.0,11602300
2023-12-08,33226.1796875,34360.0,35120.0,34140.0,34430.0,12169300
2023-12-11,33342.21875,34480.0,35740.0,34310.0,35120.0,10742900
2023-12-12,33023.10546875,34150.0,35480.0,34150.0,35250.0,11019100
2023-12-13,32791.0234375,33910.0,34700.0,33720.0,34420.0,9412300
2023-12-14,32191.484375,33290.0,34730.0,33060.0,34500.0,11179400
2023-12-15,31620.953125,32700.0,33850.0,32550.0,33300.0,9951300
2023-12-18,32046.43359375,33140.0,33480.0,32300.0,32650.0,11235800
2023-12-19,33603.30859375,34750.0,34880.0,32940.0,33260.0,12470900
2023-12-20,33990.109375,35150.0,35180.0,34310.0,35010.0,11321900
2023-12-21,34222.18359375,35390.0,36100.0,34510.0,34600.0,12487500
2023-12-22,34667.01171875,35850.0,35850.0,34890.0,35450.0,12512300
2023-12-25,35634.01171875,36850.0,36970.0,35700.0,36160.0,10091200
2023-12-26,36098.17578125,37330.0,37700.0,36430.0,36740.0,10526800
2023-12-27,36852.43359375,38110.0,38300.0,37460.0,37700.0,10787500
2023-12-28,36070.5625,37230.0,38440.0,37210.0,37810.0,10847000
2023-12-29,36012.4296875,37170.0,37340.0,36280.0,36730.0,11366400
2024-01-04,34123.16015625,35220.0,35570.0,34520.0,35550.0,10037200
2024-01-05,32950.84375,34010.0,35240.0,33970.0,35230.0,10811800
2024-01-09,33067.1015625,34130.0,35140.0,33690.0,34700.0,9502100
2024-01-10,33813.12890625,34900.0,35100.0,33980.0,34190.0,9473600
2024-01-11,33687.1796875,34770.0,35420.0,34320.0,35000.0,11106100
2024-01-12,33793.75,34880.0,35600.0,34560.0,35010.0,10535900
2024-01-15,34113.47265625,35210.0,35300.0,34620.0,35080.0,2879100
2024-01-16,33619.3515625,34700.0,35250.0,34580.0,35200.0,7295300
2024-01-17,35004.8203125,36130.0,36420.0,35350.0,35350.0,11892500
2024-01-18,35779.91015625,36930.0,37140.0,36170.0,36190.0,8701100
2024-01-19,36990.98046875,38180.0,38400.0,37390.0,38020.0,11808000
2024-01-22,38754.296875,40000.0,40060.0,38570.0,38990.0,10447700
2024-01-23,39015.890625,40270.0,41490.0,39980.0,40110.0,16491900
2024-01-24,38638.03515625,39880.0,40780.0,39650.0,40650.0,11216800
2024-01-25,40236.6484375,41530.0,41530.0,40300.0,40900.0,10696400
2024-01-26,38763.984375,40010.0,41920.0,39960.0,41020.0,13274800
2024-01-29,38105.16796875,39330.0,39990.0,38820.0,39570.0,12172200
2024-01-30,38172.98828125,39400.0,40000.0,39150.0,40000.0,8894200
2024-01-31,38541.1484375,39780.0,39890.0,38850.0,38900.0,8196500
2024-02-01,36603.44140625,37780.0,39400.0,37680.0,38900.0,10718700
2024-02-02,36506.55078125,37680.0,38430.0,37540.0,38100.0,8529500
2024-02-05,37591.671875,38800.0,38810.0,37740.0,38120.0,9219900
2024-02-06,38483.01953125,39720.0,39730.0,38920.0,39090.0,8438800
2024-02-07,38676.79296875,39920.0,39920.0,38940.0,39310.0,8557500
2024-02-08,39539.07421875,40810.0,40950.0,40300.0,40500.0,8058900
2024-02-09,38754.296875,40000.0,41120.0,40000.0,40890.0,7873200
2024-02-13,39093.40625,40350.0,41080.0,40050.0,40800.0,6817700
2024-02-14,39684.40234375,40960.0,40970.0,39670.0,39700.0,6110400
2024-02-15,40895.46875,42210.0,42230.0,41030.0,41450.0,7322700
2024-02-16,39180.59765625,40440.0,43710.0,40350.0,42700.0,13033000
2024-02-19,39180.59765625,40440.0,41390.0,39930.0,40400.0,8936900
2024-02-20,38531.46484375,39770.0,40830.0,39650.0,40480.0,7938600
2024-02-21,37804.82421875,39020.0,39590.0,38880.0,39490.0,6073100
2024-02-22,39723.15625,41000.0,41090.0,39560.0,41000.0,10442100
2024-02-26,38870.5625,40120.0,40120.0,40120.0,40120.0,6609100
2024-02-27,39519.69921875,40790.0,40800.0,39840.0,40110.0,6693500
2024-02-28,38967.44921875,40220.0,41100.0,40220.0,40530.0,5890200
2024-02-29,38705.859375,39950.0,39970.0,38960.0,39650.0,6445500
2024-03-01,39529.38671875,40800.0,40960.0,39850.0,40300.0,7086100
2024-03-04,40459.484375,41760.0,42080.0,41110.0,41200.0,7952900
2024-03-05,40149.45703125,41440.0,42190.0,40780.0,41550.0,6791300
2024-03-06,38647.72265625,39890.0,40740.0,39810.0,40500.0,6413800
2024-03-07,37921.0859375,39140.0,40590.0,39110.0,40320.0,7579600
2024-03-08,37562.6015625,38770.0,40030.0,38770.0,39700.0,6490900
2024-03-11,36632.50390625,37810.0,37860.0,36560.0,36700.0,5660000
2024-03-12,36952.2265625,38140.0,38490.0,37280.0,37490.0,5988000
2024-03-13,37078.171875,38270.0,38890.0,37760.0,38600.0,5918900
2024-03-14,38599.28515625,39840.0,39840.0,37770.0,37950.0,8287300
2024-03-15,36942.5390625,38130.0,39390.0,37960.0,39320.0,7630600
2024-03-18,39161.22265625,40420.0,40440.0,38070.0,38180.0,7777200
2024-03-19,40420.73828125,41720.0,41900.0,39800.0,39830.0,11095700
2024-03-21,41719.00390625,43060.0,43140.0,42070.0,42240.0,8647700
2024-03-22,41583.36328125,42920.0,43880.0,42500.0,43370.0,7947700
2024-03-25,40866.41015625,42180.0,43550.0,42180.0,43260.0,5475500
2024-03-26,41040.8046875,42360.0,42620.0,42010.0,42190.0,4692200
2024-03-27,41534.921875,42870.0,43050.0,42100.0,42600.0,5305200
2024-03-28,41593.05078125,42930.0,43220.0,42650.0,42990.0,4604000
2024-03-29,40595.12890625,41900.0,43330.0,41780.0,43150.0,4625500
2024-04-01,39723.15625,41000.0,42350.0,40860.0,42200.0,4971500
2024-04-02,40488.5546875,41790.0,41970.0,41100.0,41280.0,5176500
2024-04-03,40101.015625,41390.0,41710.0,40450.0,41090.0,6095400
2024-04-04,39761.91796875,41040.0,41960.0,40990.0,41710.0,4747500
2024-04-05,38308.6328125,39540.0,40690.0,39360.0,40330.0,5014300
2024-04-08,38948.07421875,40200.0,40370.0,39670.0,40030.0,4889700
2024-04-09,40285.09765625,41580.0,41580.0,40130.0,40350.0,4730800
2024-04-10,40992.36328125,42310.0,42420.0,41210.0,41500.0,4911700
2024-04-11,40740.45703125,42050.0,42280.0,41440.0,41880.0,4810400
2024-04-12,41951.52734375,43300.0,43470.0,42530.0,42600.0,5835000
2024-04-15,40866.41015625,42180.0,43050.0,41900.0,42840.0,4742000
2024-04-16,39354.9921875,40620.0,41570.0,40580.0,41500.0,4341300
2024-04-17,36264.3359375,37430.0,41330.0,37410.0,41320.0,8900000
2024-04-18,36341.84765625,37510.0,38200.0,36370.0,37110.0,8111700
2024-04-19,33280.25390625,34350.0,36170.0,33750.0,36100.0,8930100
2024-04-22,33444.96484375,34520.0,35230.0,33490.0,33690.0,6938600
2024-04-23,32795.828125,33850.0,35240.0,32930.0,35100.0,8466700
2024-04-24,33512.77734375,34590.0,35080.0,34160.0,34580.0,7581500
2024-04-25,32321.087890625,33360.0,34160.0,33290.0,33800.0,5130500
2024-04-26,33018.66796875,34080.0,34400.0,33360.0,34050.0,6037700
2024-04-30,33522.46875,34600.0,34650.0,33700.0,34300.0,5226400
2024-05-01,38512.08984375,39750.0,40780.0,36950.0,37650.0,16392300
2024-05-02,39403.43359375,40670.0,40960.0,39140.0,39860.0,11138400
2024-05-07,41069.875,42390.0,42460.0,41380.0,41590.0,6790600
2024-05-08,40440.11328125,41740.0,42660.0,41520.0,42220.0,6154700
2024-05-09,39742.53515625,41020.0,42650.0,40970.0,42070.0,6959000
2024-05-10,39665.0234375,40940.0,41320.0,40400.0,40980.0,5240200
2024-05-13,39354.9921875,40620.0,41340.0,40530.0,41110.0,4997900
2024-05-14,40469.17578125,41770.0,41780.0,40590.0,40620.0,5040400
2024-05-15,40876.09765625,42190.0,42200.0,41550.0,42030.0,4413800
2024-05-16,41438.0390625,42770.0,43490.0,42450.0,42890.0,4875200
2024-05-17,41825.578125,43170.0,43240.0,42480.0,42500.0,4020100
2024-05-20,41980.59375,43330.0,43480.0,42680.0,43030.0,3651800
2024-05-21,41922.4609375,43270.0,43970.0,42920.0,43690.0,4439600
2024-05-22,41438.0390625,42770.0,43570.0,42750.0,43330.0,3983700
2024-05-23,44053.9453125,45470.0,45500.0,43070.0,44000.0,8934500
2024-05-24,42077.484375,43430.0,45010.0,43230.0,44940.0,7298300
2024-05-27,42251.875,43610.0,43900.0,43060.0,43770.0,4447000
2024-05-28,40905.16015625,42220.0,43600.0,41760.0,43550.0,6114000
2024-05-29,40401.359375,41700.0,42950.0,41660.0,42600.0,4824200
2024-05-30,39510.015625,40780.0,41390.0,40630.0,40900.0,4125800
2024-05-31,39229.0390625,40490.0,40700.0,39870.0,40570.0,5501300
2024-06-03,38851.1875,40100.0,40650.0,40060.0,40450.0,3511000
2024-06-04,37262.26171875,38460.0,40010.0,38410.0,39830.0,5262300
2024-06-05,34452.57421875,35560.0,38020.0,35130.0,36490.0,16249000
2024-06-06,33444.96484375,34520.0,35970.0,33300.0,35880.0,14241900
2024-06-07,35072.640625,36200.0,37090.0,35520.0,35680.0,11590900
2024-06-10,36235.26953125,37400.0,37560.0,36230.0,36260.0,8081400
2024-06-11,35828.3515625,36980.0,38050.0,36620.0,38000.0,7414000
2024-06-12,36264.3359375,37430.0,37430.0,36550.0,36560.0,4540200
2024-06-13,36380.6015625,37550.0,37950.0,37140.0,37740.0,5394300
2024-06-14,35557.07421875,36700.0,37850.0,36160.0,37500.0,7269300
2024-06-17,35043.578125,36170.0,36610.0,35840.0,36300.0,3663700
2024-06-18,34966.06640625,36090.0,36750.0,36000.0,36500.0,4206400
2024-06-19,34530.078125,35640.0,36490.0,35490.0,36240.0,4032800
2024-06-20,34849.8046875,35970.0,36000.0,35030.0,35480.0,4164400
2024-06-21,34481.640625,35590.0,35600.0,35070.0,35470.0,3958400
2024-06-24,35285.7890625,36420.0,36500.0,34870.0,35250.0,5220700
2024-06-25,34161.9140625,35260.0,35840.0,34730.0,35750.0,4819000
2024-06-26,34636.65625,35750.0,35990.0,35310.0,35790.0,4318400
2024-06-27,34030.39453125,34970.0,35800.0,34910.0,35510.0,3395400
2024-06-28,35120.3046875,36090.0,36420.0,35110.0,35280.0,5315700
2024-07-01,33718.99609375,34650.0,35790.0,34330.0,35480.0,6716400
2024-07-02,33329.73828125,34250.0,34770.0,33630.0,34760.0,5887000
2024-07-03,33816.3046875,34750.0,34840.0,33960.0,34480.0,4460200
2024-07-04,33514.63671875,34440.0,35120.0,34310.0,35120.0,3769800
2024-07-05,33368.66796875,34290.0,34620.0,34160.0,34250.0,3028900
2024-07-08,33057.265625,33970.0,34430.0,33840.0,34040.0,2993300
2024-07-09,33573.02734375,34500.0,34760.0,33880.0,34130.0,3701700
2024-07-10,32706.9375,33610.0,34390.0,33220.0,34380.0,5626200
2024-07-11,33290.81640625,34210.0,34800.0,33420.0,33930.0,4986300
2024-07-12,32599.89453125,33500.0,33880.0,33210.0,33400.0,3571900
2024-07-16,32502.580078125,33400.0,33700.0,33200.0,33680.0,2586000
2024-07-17,30887.181640625,31740.0,33260.0,31570.0,33200.0,6386200
2024-07-18,28940.91796875,29740.0,30350.0,29010.0,29780.0,6314500
2024-07-19,28926.32421875,29725.0,31000.0,29655.0,30100.0,5926900
2024-07-22,28181.876953125,28960.0,29795.0,28930.0,29575.0,4310400
2024-07-23,27685.58203125,28450.0,30010.0,28155.0,29760.0,6452200
2024-07-24,27208.74609375,27960.0,28680.0,27805.0,28475.0,5139100
2024-07-25,26021.525390625,26740.0,27195.0,26530.0,27020.0,6311900
2024-07-26,24951.08203125,25640.0,26535.0,25500.0,26505.0,6142300
2024-07-29,25471.708984375,26175.0,26645.0,25895.0,26400.0,4273200
2024-07-30,25583.619140625,26290.0,26290.0,25505.0,25900.0,5123900
2024-07-31,26109.107421875,26830.0,27130.0,25005.0,25250.0,6740200
2024-08-01,24659.142578125,25340.0,27240.0,25050.0,26995.0,6737500
2024-08-02,21992.763671875,22600.0,23925.0,22565.0,23500.0,6768500
2024-08-05,18854.4140625,19375.0,21985.0,18665.0,20760.0,11159900
2024-08-06,21725.15234375,22325.0,23000.0,21065.0,22675.0,10373800
2024-08-07,21574.318359375,22170.0,24110.0,21660.0,21820.0,10612600
2024-08-08,26439.974609375,27170.0,27170.0,25615.0,27170.0,6037400
2024-08-09,26196.69140625,26920.0,30210.0,25850.0,30170.0,13089000
2024-08-13,27495.818359375,28255.0,28290.0,26925.0,27390.0,8756200
2024-08-14,26882.748046875,27625.0,28995.0,27000.0,28755.0,9887200
2024-08-15,27773.162109375,28540.0,28870.0,27460.0,27645.0,8479800
2024-08-16,28104.02734375,28880.0,29495.0,28505.0,29040.0,10170500
2024-08-19,28191.609375,28970.0,29990.0,28710.0,28825.0,9768900
2024-08-20,28829.0078125,29625.0,30000.0,29355.0,29425.0,7784800
2024-08-21,27914.265625,28685.0,29275.0,28610.0,29130.0,6169900
2024-08-22,28468.951171875,29255.0,29265.0,28305.0,28685.0,7319800
2024-08-23,27588.267578125,28350.0,29055.0,28020.0,28900.0,6887700
2024-08-26,28050.50390625,28825.0,28885.0,27925.0,28040.0,5485300
2024-08-27,26838.95703125,27580.0,28350.0,27125.0,28325.0,6216700
2024-08-28,27962.921875,28735.0,28735.0,27500.0,27575.0,6865200
2024-08-29,27554.20703125,28315.0,28660.0,27395.0,27735.0,7565900
2024-08-30,27325.521484375,28080.0,28710.0,27735.0,28400.0,8984100
2024-09-02,26702.71875,27440.0,28590.0,27305.0,28365.0,6567100
2024-09-03,25783.109375,26495.0,27855.0,26250.0,27835.0,7257500
2024-09-04,23797.921875,24455.0,25490.0,24315.0,25010.0,8903800
2024-09-05,23097.267578125,23735.0,24675.0,23415.0,24440.0,8845400
2024-09-06,22688.55078125,23315.0,23975.0,22830.0,23850.0,6737200
2024-09-09,21598.646484375,22195.0,22355.0,21340.0,21815.0,10383600
2024-09-10,21418.6171875,22010.0,22490.0,21415.0,22320.0,10451300
2024-09-11,21447.810546875,22040.0,22600.0,21665.0,22190.0,10513000
2024-09-12,22284.701171875,22900.0,23490.0,22435.0,23000.0,8889200
2024-09-13,22255.5078125,22870.0,23845.0,22665.0,23000.0,8700800
2024-09-17,21691.09375,22290.0,22895.0,21550.0,22650.0,8880700
2024-09-18,21515.9296875,22110.0,22965.0,22055.0,22790.0,7165400
2024-09-19,22810.193359375,23440.0,23640.0,22540.0,22685.0,9005800
2024-09-20,23900.1015625,24560.0,24945.0,23715.0,24200.0,12911400
2024-09-24,23457.326171875,24105.0,25160.0,23960.0,24780.0,9261500
2024-09-25,23593.5625,24245.0,24725.0,23895.0,24230.0,8900700
2024-09-26,23598.4296875,24250.0,24625.0,23420.0,23790.0,13126400
2024-09-27,25530.09765625,26235.0,26345.0,24580.0,24655.0,13823400
2024-09-30,22970.759765625,23605.0,24875.0,23500.0,24735.0,8933200
2024-10-01,23291.89453125,23935.0,24170.0,23720.0,23915.0,6166700
2024-10-02,22172.79296875,22785.0,23295.0,22705.0,23115.0,7347700
2024-10-03,23068.072265625,23705.0,23990.0,23415.0,23600.0,6684600
2024-10-04,23136.19140625,23775.0,23905.0,23380.0,23600.0,5641100
2024-10-07,23501.1171875,24150.0,24785.0,23810.0,24235.0,7586100
2024-10-08,22990.22265625,23625.0,24125.0,23410.0,23810.0,6806000
2024-10-09,24007.14453125,24670.0,24770.0,23960.0,24025.0,7638600
2024-10-10,23598.4296875,24250.0,24890.0,24180.0,24860.0,7294300
2024-10-11,23355.146484375,24000.0,24440.0,23910.0,24395.0,5474800
2024-10-15,24902.42578125,25590.0,25935.0,24430.0,24500.0,9487000
2024-10-16,21554.853515625,22150.0,23035.0,22010.0,23035.0,10573400
2024-10-17,20941.78125,21520.0,22170.0,21360.0,22010.0,9189700
2024-10-18,20771.482421875,21345.0,21875.0,21015.0,21795.0,7768700
2024-10-21,21160.736328125,21745.0,21910.0,21280.0,21400.0,6779600
2024-10-22,20776.349609375,21350.0,22065.0,21110.0,21490.0,8120800
2024-10-23,20460.08203125,21025.0,21335.0,20820.0,21185.0,6715300
2024-10-24,20883.392578125,21460.0,21540.0,20830.0,20845.0,6759800
2024-10-25,20669.3046875,21240.0,21415.0,20910.0,21080.0,5915800
2024-10-28,21671.62890625,22270.0,22425.0,21295.0,21595.0,7934200
2024-10-29,21759.212890625,22360.0,22650.0,21890.0,22050.0,6664100
2024-10-30,22712.87890625,23340.0,23585.0,22620.0,22740.0,8268600
2024-10-31,22844.25390625,23475.0,23590.0,22860.0,22980.0,7562000
2024-11-01,19087.966796875,19615.0,20505.0,19500.0,20500.0,14824200
2024-11-05,19462.623046875,20000.0,20300.0,19555.0,19620.0,7941400
2024-11-06,20173.009765625,20730.0,20780.0,19785.0,20000.0,8720700
2024-11-07,19365.30859375,19900.0,21035.0,19705.0,21000.0,9676400
2024-11-08,19511.279296875,20050.0,20395.0,19870.0,20270.0,7067100
2024-11-11,19511.279296875,20050.0,20225.0,19760.0,20050.0,4799000
2024-11-12,18654.923828125,19170.0,19990.0,19075.0,19960.0,6789300
2024-11-13,18270.5390625,18775.0,19490.0,18770.0,19445.0,6231600
2024-11-14,17355.794921875,17835.0,18560.0,17725.0,18465.0,7564900
2024-11-15,17745.046875,18235.0,18770.0,18030.0,18130.0,8517800
2024-11-18,17224.419921875,17700.0,18120.0,17340.0,17520.0,6774000
2024-11-19,16922.75,17390.0,17965.0,17325.0,17640.0,6962500
2024-11-20,16951.943359375,17420.0,17750.0,17360.0,17400.0,5685900
2024-11-21,16815.705078125,17280.0,17565.0,17155.0,17500.0,5881400
2024-11-22,16815.705078125,17280.0,17770.0,17280.0,17435.0,6596100
2024-11-25,17200.09375,17675.0,18040.0,17385.0,17500.0,9228100
2024-11-26,16256.1552734375,16705.0,17525.0,16575.0,17520.0,9821000
2024-11-27,16470.244140625,16925.0,17435.0,16615.0,16620.0,10187200
2024-11-28,16139.380859375,16585.0,17150.0,16160.0,16425.0,12121000
2024-11-29,15998.275390625,16440.0,16690.0,16200.0,16460.0,7420600
2024-12-02,15866.9033203125,16305.0,16805.0,16140.0,16645.0,7876600
2024-12-03,16548.095703125,17005.0,17465.0,16685.0,16820.0,13370200
2024-12-04,16071.26171875,16515.0,17195.0,16405.0,17115.0,8838800
2024-12-05,15701.470703125,16135.0,16930.0,16125.0,16910.0,8220200
2024-12-06,15331.6806640625,15755.0,16130.0,15580.0,15900.0,7604700
2024-12-09,15326.8154296875,15750.0,16025.0,15575.0,15935.0,6293300
2024-12-10,15399.7998046875,15825.0,16075.0,15725.0,15840.0,5924600
2024-12-11,15185.7109375,15605.0,15675.0,15450.0,15595.0,4556400
2024-12-12,15151.65234375,15570.0,15860.0,15560.0,15860.0,5159300
2024-12-13,14927.83203125,15340.0,15710.0,15340.0,15500.0,5056300
2024-12-16,14888.9052734375,15300.0,15610.0,15200.0,15390.0,4950100
2024-12-17,15068.935546875,15485.0,15555.0,15130.0,15405.0,5587100
2024-12-18,15278.1591796875,15700.0,16185.0,15425.0,15530.0,7861000
2024-12-19,14791.59375,15200.0,15430.0,14900.0,15030.0,6374500
2024-12-20,14402.3408203125,14800.0,15115.0,14785.0,14900.0,6348000
2024-12-23,14640.7578125,15045.0,15045.0,14740.0,14865.0,4785700
2024-12-24,14674.81640625,15080.0,15455.0,14970.0,15210.0,5417300
2024-12-25,14592.1015625,14995.0,15230.0,14835.0,15150.0,3826700
2024-12-26,14645.623046875,15050.0,15245.0,14960.0,15000.0,4551500
2024-12-27,14954.51953125,15250.0,15475.0,15055.0,15115.0,6023900
2024-12-30,14890.7783203125,15185.0,15295.0,15000.0,15220.0,4184400
2025-01-06,14709.3642578125,15000.0,15395.0,15000.0,15305.0,4840400
2025-01-07,15562.5068359375,15870.0,16150.0,15380.0,15400.0,10355000
2025-01-08,16043.013671875,16360.0,16400.0,15625.0,15670.0,8387400
2025-01-09,15204.5791015625,15505.0,16365.0,15380.0,16360.0,9851300
2025-01-10,15351.6728515625,15655.0,15690.0,15250.0,15460.0,5978300
2025-01-14,14635.81640625,14925.0,15315.0,14920.0,15275.0,5527000
2025-01-15,14326.919921875,14610.0,15070.0,14360.0,15070.0,6462600
2025-01-16,14253.3740234375,14535.0,14805.0,14225.0,14800.0,7284600
2025-01-17,14331.8232421875,14615.0,14830.0,14225.0,14600.0,7476100
2025-01-20,14753.4921875,15045.0,15220.0,14770.0,14855.0,7203900
2025-01-21,15175.16015625,15475.0,15515.0,14965.0,15135.0,7369500
2025-01-22,15405.607421875,15710.0,15960.0,15550.0,15895.0,6492500
2025-01-23,14905.4892578125,15200.0,15840.0,15105.0,15800.0,6590200
2025-01-24,15111.4208984375,15410.0,15675.0,15180.0,15255.0,7753900
2025-01-27,14885.876953125,15180.0,15440.0,14925.0,15150.0,5486800
2025-01-28,14709.3642578125,15000.0,15315.0,14530.0,14660.0,5956300
2025-01-29,14743.6865234375,15035.0,15550.0,14665.0,15185.0,7571900
2025-01-30,14748.5888671875,15040.0,15230.0,14800.0,15000.0,6996900
2025-01-31,15170.2578125,15470.0,15520.0,15175.0,15275.0,5621600
2025-02-03,15018.2607421875,15315.0,16355.0,15255.0,15470.0,17634000
2025-02-04,15415.4130859375,15720.0,16175.0,15430.0,15515.0,11926600
2025-02-05,15258.5126953125,15560.0,15985.0,15320.0,15985.0,7204900
2025-02-06,15425.220703125,15730.0,15810.0,15425.0,15580.0,5404300
2025-02-07,14944.7138671875,15240.0,15595.0,15180.0,15570.0,5584700
2025-02-10,14954.51953125,15250.0,15500.0,15160.0,15420.0,4356800
2025-02-12,14885.876953125,15180.0,15520.0,15010.0,15370.0,4239400
2025-02-13,15180.0634765625,15480.0,15775.0,15310.0,15350.0,5397700
2025-02-14,15302.6416015625,15605.0,15655.0,15435.0,15480.0,3773600
2025-02-17,14920.197265625,15215.0,15635.0,15170.0,15520.0,4003300
2025-02-18,14724.0732421875,15015.0,15315.0,15015.0,15230.0,3712700
2025-02-19,14743.6865234375,15035.0,15340.0,14965.0,15125.0,4792900
2025-02-20,14405.37109375,14690.0,15095.0,14670.0,14950.0,5392800
2025-02-21,14792.716796875,15085.0,15085.0,14585.0,14590.0,4356300
2025-02-25,14773.10546875,15065.0,15300.0,14535.0,14700.0,6198200
2025-02-26,14258.27734375,14540.0,14910.0,14500.0,14755.0,5230100
2025-02-27,14120.990234375,14400.0,14800.0,14340.0,14725.0,4432300
2025-02-28,13110.9462890625,13370.0,14065.0,13250.0,13900.0,7919700
2025-03-03,13017.787109375,13275.0,13510.0,13105.0,13480.0,5455900
2025-03-04,12738.30859375,12990.0,13140.0,12745.0,12775.0,5350700
2025-03-05,13331.5869140625,13595.0,13835.0,13055.0,13105.0,7818900
2025-03-06,13375.7158203125,13640.0,14130.0,13570.0,13710.0,6657500
2025-03-07,13562.0341796875,13830.0,14040.0,13370.0,13420.0,7051100
2025-03-10,14915.294921875,15210.0,15210.0,13820.0,13875.0,13756200
2025-03-11,14856.4580078125,15150.0,15495.0,14545.0,14865.0,17621300
2025-03-12,14062.15234375,14340.0,14895.0,14320.0,14780.0,9706100
2025-03-13,14086.6669921875,14365.0,14740.0,14325.0,14575.0,6452100
2025-03-14,14228.8583984375,14510.0,14540.0,14250.0,14320.0,4825700
2025-03-17,14184.73046875,14465.0,14780.0,14430.0,14705.0,4243300
2025-03-18,14297.5009765625,14580.0,14940.0,14510.0,14650.0,4416900
2025-03-19,14062.15234375,14340.0,14655.0,14340.0,14465.0,3731200
2025-03-21,13714.0302734375,13985.0,14330.0,13955.0,14210.0,3851500
2025-03-24,13767.96484375,14040.0,14065.0,13850.0,13920.0,3215200
2025-03-25,13679.7080078125,13950.0,14390.0,13900.0,14175.0,4362700
2025-03-26,13714.0302734375,13985.0,14200.0,13885.0,14110.0,3167500
2025-03-27,13513.0029296875,13780.0,13960.0,13710.0,13800.0,4144200
2025-03-28,13169.7841796875,13430.0,13685.0,13380.0,13645.0,2865400
2025-03-31,12434.3154296875,12680.0,13110.0,12635.0,13030.0,4536000
2025-04-01,12625.537109375,12875.0,13095.0,12690.0,12770.0,5296100
2025-04-02,12287.2216796875,12530.0,12845.0,12530.0,12800.0,3696800
2025-04-03,11929.294921875,12165.0,12340.0,11860.0,11870.0,5900100
2025-04-04,11404.66015625,11630.0,11970.0,11295.0,11900.0,6505100
2025-04-07,10379.9072265625,10585.0,11115.0,10245.0,10345.0,8006200
2025-04-08,11237.9541015625,11460.0,11565.0,10870.0,10885.0,6936700
2025-04-09,10286.7490234375,10490.0,10825.0,10275.0,10765.0,7351500
2025-04-10,11880.2626953125,12115.0,12290.0,11815.0,12125.0,5678600
2025-04-11,11728.265625,11960.0,11985.0,11205.0,11390.0,6341100
2025-04-14,11826.3291015625,12060.0,12480.0,12025.0,12260.0,4413300
2025-04-15,11718.4599609375,11950.0,12110.0,11900.0,12085.0,3503500
2025-04-16,11669.4287109375,11900.0,12230.0,11525.0,11860.0,7978800
2025-04-17,12154.837890625,12395.0,12415.0,11915.0,11995.0,5686300
2025-04-18,12042.06640625,12280.0,12405.0,12080.0,12110.0,3446600
2025-04-21,11983.2294921875,12220.0,12525.0,12145.0,12235.0,3835700
2025-04-22,11630.203125,11860.0,12330.0,11805.0,12260.0,4529200
2025-04-23,12115.6123046875,12355.0,12430.0,12145.0,12200.0,4852300
2025-04-24,12218.578125,12460.0,12610.0,12430.0,12605.0,3390900
2025-04-25,12919.724609375,13175.0,13185.0,12730.0,12745.0,4995300
2025-04-28,12635.34375,12885.0,13235.0,12760.0,13230.0,5794900
2025-04-30,13032.49609375,13290.0,13350.0,12280.0,12325.0,11401400
2025-05-01,13003.078125,13260.0,13650.0,13100.0,13200.0,9253400
2025-05-02,12973.6591796875,13230.0,13455.0,13080.0,13320.0,5104100
2025-05-07,13155.07421875,13415.0,13415.0,13100.0,13125.0,3770400
2025-05-08,13684.6123046875,13955.0,14170.0,13625.0,13690.0,6490400
2025-05-09,13807.189453125,14080.0,14210.0,13830.0,14190.0,4416700
2025-05-12,14488.7236328125,14775.0,14780.0,14115.0,14215.0,4464800
2025-05-13,14645.6240234375,14935.0,15480.0,14815.0,15200.0,6945700
2025-05-14,15322.25390625,15625.0,15635.0,15080.0,15150.0,5701000
2025-05-15,15003.55078125,15300.0,15665.0,15145.0,15510.0,4743500
2025-05-16,14532.8515625,14820.0,15275.0,14705.0,15155.0,4546100
2025-05-19,13782.673828125,14055.0,14780.0,14055.0,14655.0,4750400
2025-05-20,13885.6396484375,14160.0,14520.0,14160.0,14280.0,4460300
2025-05-21,13875.833984375,14150.0,14390.0,14100.0,14290.0,3235000
2025-05-22,13919.9619140625,14195.0,14320.0,13960.0,14010.0,3759000
2025-05-23,13885.6396484375,14160.0,14485.0,14140.0,14280.0,3523500
2025-05-26,14576.978515625,14865.0,14865.0,14120.0,14125.0,4633000
2025-05-27,14400.4677734375,14685.0,14990.0,14635.0,14980.0,4065800
2025-05-28,14709.3642578125,15000.0,15170.0,14800.0,14985.0,4671400
2025-05-29,14974.1318359375,15270.0,15645.0,15055.0,15350.0,5639800
2025-05-30,14322.0166015625,14605.0,15035.0,14515.0,15020.0,4819000
2025-06-02,13856.220703125,14130.0,14640.0,14130.0,14500.0,3122000
2025-06-03,13910.1552734375,14185.0,14420.0,14130.0,14300.0,3131200
2025-06-04,13674.8046875,13945.0,14550.0,13945.0,14485.0,3976600
2025-06-05,14444.595703125,14730.0,14775.0,14020.0,14050.0,6964300
2025-06-06,14243.5673828125,14525.0,14700.0,14320.0,14630.0,4641200
2025-06-09,14601.49609375,14890.0,15090.0,14640.0,14770.0,4355100
2025-06-10,14611.30078125,14900.0,15270.0,14890.0,15080.0,5054500
2025-06-11,15018.2607421875,15315.0,15495.0,15100.0,15200.0,5775700
2025-06-12,14885.876953125,15180.0,15325.0,15040.0,15100.0,4474500
2025-06-13,14312.2119140625,14595.0,15245.0,14590.0,15200.0,5136000
2025-06-16,14532.8515625,14820.0,14945.0,14645.0,14780.0,3548900
2025-06-17,15116.3232421875,15415.0,15490.0,15195.0,15200.0,5364900
2025-06-18,15837.08203125,16150.0,16415.0,15280.0,15285.0,11245800
2025-06-19,15385.994140625,15690.0,16275.0,15600.0,16250.0,7041900
2025-06-20,16150.8828125,16470.0,16560.0,15640.0,15735.0,10343600
2025-06-23,15886.11328125,16200.0,16305.0,15655.0,16125.0,10054000
2025-06-24,17999.359375,18355.0,18355.0,17110.0,17400.0,17756800
2025-06-25,18430.83203125,18795.0,18960.0,18360.0,18895.0,15417900
2025-06-26,18827.986328125,19200.0,19580.0,18520.0,18750.0,14149900
2025-06-27,19382.33203125,19545.0,19660.0,18900.0,19450.0,14549400
2025-06-30,19248.45703125,19410.0,20630.0,19300.0,19865.0,20516300
2025-07-01,18613.783203125,18770.0,19210.0,18580.0,19010.0,15266600
2025-07-02,18628.66015625,18785.0,18965.0,18000.0,18000.0,15472600
2025-07-03,18732.78515625,18890.0,19165.0,18735.0,18990.0,10031600
2025-07-04,18499.740234375,18655.0,19160.0,18600.0,19050.0,11554200
2025-07-07,18479.90625,18635.0,18930.0,18260.0,18570.0,8427500
2025-07-08,18608.826171875,18765.0,19130.0,18500.0,18565.0,8796200
2025-07-09,18658.408203125,18815.0,19015.0,18455.0,18960.0,8475500
2025-07-10,18579.07421875,18735.0,18960.0,18665.0,18960.0,6393500
2025-07-11,19104.6640625,19265.0,19350.0,18810.0,18925.0,10701400
2025-07-14,18514.6171875,18670.0,19195.0,18470.0,19100.0,8217700
2025-07-15,18911.287109375,19070.0,19070.0,18505.0,18640.0,7765600
2025-07-16,17974.15234375,18125.0,19950.0,18085.0,19300.0,21240100
2025-07-17,17116.3515625,17260.0,18035.0,17010.0,18020.0,14760500
2025-07-18,17329.560546875,17475.0,17695.0,17230.0,17400.0,9613700
2025-07-22,16858.513671875,17000.0,17555.0,16960.0,17290.0,7374000
2025-07-23,17071.7265625,17215.0,17525.0,16910.0,17070.0,8133300
2025-07-24,16818.84765625,16960.0,17435.0,16960.0,17310.0,6022200
2025-07-25,16313.0927734375,16450.0,17045.0,16405.0,16800.0,7851600
2025-07-28,16060.21484375,16195.0,16285.0,15975.0,16180.0,5530600
2025-07-29,14726.408203125,14850.0,15660.0,14740.0,15500.0,15780600
2025-07-30,14825.576171875,14950.0,15120.0,14830.0,15070.0,5785500
2025-07-31,15390.83203125,15520.0,15540.0,14980.0,15010.0,7312500
2025-08-01,14498.322265625,14620.0,14865.0,14450.0,14765.0,8100700
2025-08-04,14369.404296875,14490.0,14630.0,14035.0,14090.0,5877900
2025-08-05,14404.11328125,14525.0,14670.0,14485.0,14570.0,4682600
2025-08-06,14136.361328125,14255.0,14420.0,14055.0,14205.0,4986300
2025-08-07,14176.02734375,14295.0,14385.0,14035.0,14065.0,4309500
2025-08-08,14334.6962890625,14455.0,14985.0,13715.0,14150.0,15343500
2025-08-12,15356.123046875,15485.0,15640.0,14730.0,14800.0,11614500
2025-08-13,15658.5859375,15790.0,16190.0,15510.0,15885.0,12534700
2025-08-14,15936.2548828125,16070.0,16230.0,15680.0,15715.0,9328600
2025-08-15,17260.142578125,17405.0,17480.0,16310.0,16345.0,19350400
2025-08-18,16684.970703125,16825.0,17400.0,16785.0,17395.0,9300100
2025-08-19,16293.2578125,16430.0,16955.0,16325.0,16770.0,8215100
2025-08-20,16015.5888671875,16150.0,16880.0,16065.0,16200.0,8409500
2025-08-21,15524.708984375,15655.0,16160.0,15645.0,15925.0,5511400
2025-08-22,15911.462890625,16045.0,16190.0,15650.0,15745.0,7707300
2025-08-25,15866.8369140625,16000.0,16390.0,15800.0,16175.0,7415500
2025-08-26,15514.7919921875,15645.0,16015.0,15630.0,15835.0,5183500
2025-08-27,15713.1279296875,15845.0,15920.0,15490.0,15645.0,5621400
2025-08-28,15827.1708984375,15960.0,16015.0,15450.0,15600.0,5628900
2025-08-29,15524.708984375,15655.0,16110.0,15515.0,15960.0,6341600
2025-09-01,15177.62109375,15305.0,15485.0,15040.0,15470.0,4597200
2025-09-02,15137.955078125,15265.0,15500.0,15210.0,15390.0,3476500
2025-09-03,14870.201171875,14995.0,15235.0,14955.0,15170.0,3873500
2025-09-04,14845.41015625,14970.0,15085.0,14880.0,15005.0,3343000
2025-09-05,15514.7919921875,15645.0,15705.0,15370.0,15415.0,5764800
2025-09-08,15866.8369140625,16000.0,16185.0,15800.0,15990.0,4976400
2025-09-09,16055.255859375,16190.0,16235.0,15905.0,16150.0,5192500
2025-09-10,16020.5478515625,16155.0,16360.0,16030.0,16110.0,4244200
2025-09-11,16461.84375,16600.0,16675.0,16130.0,16285.0,5962600
2025-09-12,16546.13671875,16685.0,16760.0,16190.0,16660.0,8191000
2025-09-16,16774.22265625,16915.0,16930.0,16530.0,16835.0,6273400
2025-09-17,16580.84375,16720.0,16910.0,16545.0,16750.0,5494200
2025-09-18,16913.056640625,17055.0,17435.0,16845.0,16895.0,6862500
2025-09-19,19025.330078125,19185.0,19635.0,18160.0,18465.0,27322100
2025-09-22,21018.6015625,21195.0,21690.0,19285.0,19360.0,30102000
2025-09-24,21340.896484375,21520.0,22310.0,21045.0,21290.0,25404400
2025-09-25,21350.8125,21530.0,21735.0,21185.0,21420.0,11521300
2025-09-26,19565.79296875,19730.0,21290.0,19705.0,21260.0,17125100
2025-09-29,20036.83984375,20205.0,20340.0,19540.0,19590.0,11258500
2025-09-30,20136.0078125,20305.0,20570.0,20065.0,20395.0,8316300
2025-10-01,19655.044921875,19820.0,20510.0,19820.0,20395.0,8858100
2025-10-02,20190.55078125,20360.0,21165.0,20205.0,20700.0,9305400
2025-10-03,19843.462890625,20010.0,20410.0,19910.0,20300.0,6864200
2025-10-06,21266.521484375,21445.0,21695.0,20630.0,21000.0,11992500
2025-10-07,20200.466796875,20370.0,22160.0,20250.0,21945.0,12384900
2025-10-08,19863.296875,20030.0,20475.0,19835.0,20000.0,7347500
2025-10-09,20012.046875,20180.0,20375.0,19935.0,20350.0,6757500
2025-10-10,20056.673828125,20225.0,20305.0,19685.0,20000.0,7135500
2025-10-14,19635.2109375,19800.0,21265.0,19770.0,20300.0,13898300
2025-10-15,20964.05859375,21140.0,21315.0,19585.0,19785.0,12859000
2025-10-16,20790.515625,20965.0,21450.0,20635.0,21440.0,10057700
2025-10-17,20349.220703125,20520.0,21085.0,20320.0,20710.0,6442800
2025-10-20,21554.107421875,21735.0,21785.0,20850.0,21000.0,8279700
2025-10-21,21162.39453125,21340.0,22000.0,21255.0,22000.0,8923100
2025-10-22,21231.810546875,21410.0,21490.0,20560.0,21305.0,7660600
2025-10-23,20745.890625,20920.0,20920.0,20355.0,20600.0,6515600
2025-10-24,21499.56640625,21680.0,21680.0,21300.0,21495.0,5592100
2025-10-27,22124.322265625,22310.0,22310.0,21720.0,21945.0,6114400
2025-10-28,21707.81640625,21890.0,22400.0,21590.0,22400.0,6006100
2025-10-29,23378.79296875,23575.0,23810.0,22310.0,22325.0,12823000
2025-10-30,28337.1796875,28575.0,28575.0,27365.0,28075.0,4130300
2025-10-31,28173.552734375,28410.0,30480.0,27060.0,30460.0,20729700
2025-11-04,30513.912109375,30770.0,32800.0,30550.0,30620.0,15727300
2025-11-05,28401.638671875,28640.0,29790.0,28065.0,29215.0,12632100
2025-11-06,29447.857421875,29695.0,29875.0,29180.0,29765.0,5537400
2025-11-07,28857.810546875,29100.0,29540.0,28400.0,29195.0,6306000
2025-11-10,28595.015625,28835.0,29930.0,28825.0,29650.0,4925900
2025-11-11,28595.015625,28835.0,30400.0,28600.0,29335.0,7327900
2025-11-12,29041.26953125,29285.0,29480.0,27830.0,28500.0,6023600
2025-11-13,28986.728515625,29230.0,29425.0,28665.0,29000.0,3984700
2025-11-14,27861.17578125,28095.0,28715.0,27910.0,28400.0,5239000
2025-11-17,28441.306640625,28680.0,28735.0,27830.0,28090.0,3565200
2025-11-18,26695.953125,26920.0,28290.0,26885.0,28180.0,4259500
2025-11-19,26110.86328125,26330.0,26965.0,25590.0,26785.0,5748100
2025-11-20,27722.33984375,27955.0,28340.0,27520.0,28330.0,4841500
2025-11-21,26294.32421875,26515.0,27150.0,26305.0,26455.0,4985900
2025-11-25,26269.53125,26490.0,27660.0,26490.0,27015.0,4637100
2025-11-26,26403.408203125,26625.0,27350.0,26445.0,26950.0,3896300
2025-11-27,27618.21484375,27850.0,28000.0,27010.0,27220.0,4214200
2025-11-28,27846.298828125,28080.0,28080.0,27425.0,27800.0,3048300
2025-12-01,27524.005859375,27755.0,28720.0,27515.0,28715.0,3779700
2025-12-02,28004.966796875,28240.0,28900.0,27920.0,28120.0,4283000
2025-12-03,30057.73828125,30310.0,30440.0,28805.0,28855.0,5829800
2025-12-04,31932.009765625,32200.0,32420.0,29960.0,30170.0,7196900
2025-12-05,32328.681640625,32600.0,32770.0,31470.0,31500.0,5050400
2025-12-08,31495.671875,31760.0,32380.0,31110.0,32380.0,4880500
2025-12-09,32636.1015625,32910.0,33330.0,31780.0,31930.0,6315700
2025-12-10,31257.669921875,31520.0,33070.0,31200.0,32720.0,6065300
2025-12-11,30741.998046875,31000.0,31800.0,30370.0,31800.0,4857500
2025-12-12,30821.33203125,31080.0,31450.0,30620.0,31450.0,3774300
2025-12-15,30047.82421875,30300.0,31420.0,30120.0,30500.0,3899500
2025-12-16,29199.9375,29445.0,30300.0,29350.0,30120.0,3368100
2025-12-17,29095.8125,29340.0,29850.0,28860.0,29590.0,4268200
2025-12-18,27856.216796875,28090.0,28625.0,27800.0,28325.0,3973900
2025-12-19,28282.63671875,28520.0,29060.0,28340.0,28590.0,3856900
2025-12-22,29968.48828125,30220.0,30390.0,29735.0,30010.0,2772100
2025-12-23,29750.3203125,30000.0,30130.0,29720.0,30000.0,2234600
2025-12-24,29487.525390625,29735.0,30170.0,29610.0,30030.0,2277100
2025-12-25,29115.646484375,29360.0,29860.0,29240.0,29720.0,1934500
2025-12-26,29750.3203125,30000.0,30040.0,29465.0,29575.0,2762500
2025-12-29,29304.0859375,29420.0,30070.0,29310.0,30050.0,2220500
2025-12-30,29528.19921875,29645.0,29880.0,29020.0,29415.0,3112100
2026-01-05,31585.0625,31710.0,32030.0,30510.0,30950.0,4233000
2026-01-06,32630.92578125,32760.0,32820.0,31770.0,32000.0,4355300
2026-01-07,31973.52734375,32100.0,33130.0,31780.0,32800.0,3275500
2026-01-08,30579.04296875,30700.0,32040.0,30700.0,31900.0,2837800
2026-01-09,30260.302734375,30380.0,30950.0,29680.0,30710.0,3198400
2026-01-13,32949.6640625,33080.0,34100.0,32360.0,32480.0,6675000
2026-01-14,34662.88671875,34800.0,35290.0,33460.0,33670.0,5291800
2026-01-15,35688.83203125,35830.0,36000.0,33730.0,34250.0,4974600
2026-01-16,36445.8359375,36590.0,36930.0,35520.0,36600.0,5313800
2026-01-19,36854.21875,37000.0,37320.0,35860.0,36300.0,4008500
2026-01-20,35888.04296875,36030.0,36860.0,35550.0,36620.0,3031200
2026-01-21,36455.796875,36600.0,36980.0,35250.0,35480.0,4188600
2026-01-22,38577.40625,38730.0,39370.0,37410.0,37600.0,6996600
2026-01-23,36346.23046875,36490.0,37200.0,36200.0,37000.0,5360300
2026-01-26,35559.34375,35700.0,36620.0,35410.0,35790.0,3363300
2026-01-27,36754.61328125,36900.0,37140.0,35780.0,36290.0,3465800
2026-01-28,39065.47265625,39220.0,40320.0,37000.0,37360.0,6675700
2026-01-29,37312.40625,37460.0,39500.0,36350.0,39220.0,8151100
2026-01-30,36246.625,36390.0,37450.0,36030.0,37200.0,4612300
2026-02-02,31186.638671875,31310.0,34230.0,31170.0,33830.0,7810900
2026-02-03,31973.52734375,32100.0,32590.0,31420.0,32350.0,4795500
2026-02-04,29687.568359375,29805.0,30590.0,29375.0,30550.0,5969900
2026-02-05,28776.173828125,28890.0,30410.0,28660.0,29400.0,5541300
2026-02-06,30071.052734375,30190.0,30410.0,28800.0,29305.0,5418000
2026-02-09,31176.677734375,31300.0,31860.0,31110.0,31600.0,3787700
2026-02-10,30788.21484375,30910.0,31700.0,30430.0,31550.0,3414600
2026-02-12,31027.26953125,31150.0,31690.0,30880.0,31600.0,2820800
2026-02-13,30738.412109375,30860.0,31160.0,30320.0,30450.0,2403200
2026-02-16,30589.00390625,30710.0,31110.0,30340.0,30980.0,1783100
2026-02-17,30499.357421875,30620.0,31110.0,30200.0,30940.0,1740800
2026-02-18,31047.19140625,31170.0,31390.0,30490.0,30600.0,1850000
2026-02-19,30887.8203125,31010.0,31790.0,30720.0,31480.0,2568400
2026-02-20,30519.279296875,30640.0,30770.0,29985.0,30730.0,2249600
2026-02-24,31794.236328125,31920.0,32070.0,30800.0,30850.0,3028400
2026-02-25,32411.79296875,32540.0,33120.0,32160.0,32260.0,2879500
2026-02-26,33358.05078125,33490.0,33490.0,31630.0,32750.0,4103500
2026-02-27,33527.37890625,33660.0,33930.0,31780.0,32390.0,4895000
2026-03-02,34154.8984375,34290.0,34630.0,31850.0,32380.0,4934500
2026-03-03,34085.171875,34220.0,34630.0,33460.0,34050.0,4647600
2026-03-04,32959.625,33090.0,35030.0,32310.0,33520.0,5876600
2026-03-05,33417.8125,33550.0,34650.0,32520.0,33790.0,6040100
2026-03-06,33178.7578125,33310.0,33480.0,31900.0,32850.0,4291200
2026-03-09,30240.3828125,30360.0,30910.0,28810.0,30500.0,5263100
2026-03-10,34633.0078125,34770.0,34840.0,32860.0,32990.0,5530900
2026-03-11,36057.37109375,36200.0,36870.0,34310.0,35140.0,6110400
2026-03-12,36206.78125,36350.0,36790.0,35630.0,35850.0,4310900
2026-03-13,37402.0546875,37550.0,37990.0,34850.0,34950.0,7181900
2026-03-16,37651.0703125,37800.0,37930.0,36560.0,37520.0,4629800
2026-03-17,35708.75,35850.0,38000.0,35850.0,38000.0,4370200
2026-03-18,35878.08203125,36020.0,36290.0,35410.0,36060.0,3849200
2026-03-19,34951.74609375,35090.0,35750.0,34660.0,34900.0,3239200
2026-03-23,31903.802734375,32030.0,33410.0,31580.0,32990.0,4049800
2026-03-24,31744.43359375,31870.0,33040.0,31200.0,32730.0,3161400
2026-03-25,33278.36328125,33410.0,33910.0,32790.0,33270.0,3641600
2026-03-26,34433.79296875,34570.0,35070.0,33600.0,33700.0,4028500
2026-03-27,34832.21875,34970.0,35100.0,33800.0,34110.0,4068100
2026-03-30,35160.91796875,35300.0,35350.0,33520.0,33570.0,4743400
2026-03-31,33218.6015625,33350.0,34830.0,32910.0,33910.0,5721800
2026-04-01,35210.72265625,35350.0,35470.0,33760.0,34470.0,4810900
2026-04-02,34882.0234375,35020.0,37020.0,34510.0,35350.0,6725700
2026-04-03,35718.7109375,35860.0,36360.0,35640.0,36100.0,3154900
2026-04-06,37312.40625,37460.0,37680.0,35720.0,35860.0,5163000
2026-04-07,36425.9140625,36570.0,37330.0,36470.0,37330.0,3874200
2026-04-08,39782.63671875,39940.0,40100.0,37720.0,38100.0,7877100
2026-04-09,38547.5234375,38700.0,39250.0,38340.0,39000.0,4051500
2026-04-10,41416.17578125,41580.0,41630.0,39000.0,39100.0,6074300
2026-04-13,41067.5546875,41230.0,41570.0,40480.0,41100.0,3913200
2026-04-14,42631.3671875,42800.0,43530.0,41630.0,42000.0,4931100
2026-04-15,41207.00390625,41370.0,44940.0,41210.0,43500.0,9334600
2026-04-16,41854.44140625,42020.0,42300.0,40630.0,41510.0,5658900
2026-04-17,39792.59765625,39950.0,41700.0,39950.0,41510.0,3765300
2026-04-20,41954.046875,42120.0,42390.0,40530.0,40640.0,3647800
2026-04-21,44344.59375,44520.0,44590.0,42340.0,42450.0,3987500
2026-04-22,44623.48828125,44800.0,45520.0,44110.0,44700.0,4291700
2026-04-23,43229.00390625,43400.0,45990.0,43100.0,45490.0,5153500
2026-04-24,44882.46484375,45060.0,45950.0,44350.0,44530.0,4801300
2026-04-27,45589.66796875,45770.0,46450.0,45000.0,45600.0,4078300
2026-04-28,44155.33984375,44330.0,46090.0,44060.0,45100.0,3858100
2026-04-30,42521.80078125,42690.0,44460.0,42520.0,43370.0,3092200
2026-05-01,42760.85546875,42930.0,44520.0,40500.0,43540.0,7701500
2026-05-07,44743.015625,44920.0,46720.0,44380.0,46190.0,5720200
2026-05-08,43597.546875,43770.0,44660.0,42760.0,44220.0,3810400
2026-05-11,43936.20703125,44110.0,45950.0,43480.0,45300.0,3933100
2026-05-12,43318.6484375,43490.0,45650.0,42700.0,45220.0,3176900
2026-05-13,42322.58984375,42490.0,42860.0,41400.0,42790.0,2977300
2026-05-14,40400.1953125,40560.0,43140.0,40540.0,42910.0,3049700
2026-05-15,38258.6640625,38410.0,41190.0,38030.0,41190.0,3328000
2026-05-18,38039.53125,38190.0,39340.0,38080.0,38800.0,3128200
2026-05-19,35917.92578125,36060.0,38180.0,35550.0,38090.0,2762200
2026-05-20,35509.5390625,35650.0,36280.0,34620.0,36200.0,3099400
2026-05-21,37910.04296875,38060.0,38840.0,36720.0,37050.0,3426700
2026-05-22,37979.76953125,38130.0,38980.0,37870.0,38590.0,2685100
2026-05-25,42850.5,43020.0,43590.0,40290.0,40300.0,4173500
2026-05-26,41515.78125,41680.0,42870.0,41110.0,42600.0,3372300
2026-05-27,41366.37109375,41530.0,44040.0,41530.0,42990.0,3055900
2026-05-28,39951.96875,40110.0,41290.0,38860.0,40830.0,2900200
2026-05-29,39971.88671875,40130.0,40820.0,38930.0,40810.0,2244300
2026-06-01,38228.78515625,38380.0,39840.0,38250.0,39430.0,2395600
2026-06-02,39095.35546875,39250.0,39250.0,37850.0,38360.0,2388900
2026-06-03,41605.42578125,41770.0,42800.0,39340.0,40420.0,3365400
2026-06-04,42581.56640625,42750.0,43600.0,41230.0,41500.0,2772700
2026-06-05,42013.8125,42180.0,42470.0,41020.0,42050.0,2495600
2026-06-08,38945.9453125,39100.0,40670.0,38760.0,39380.0,2353600
2026-06-09,40320.5078125,40480.0,41320.0,39550.0,40490.0,2636300
2026-06-10,40489.83984375,40650.0,42950.0,39660.0,39970.0,3439100
2026-06-11,40041.61328125,40200.0,40470.0,37780.0,38550.0,2648100
2026-06-12,43826.640625,44000.0,44590.0,41820.0,42000.0,3785800
2026-06-15,48109.69921875,48300.0,48640.0,45460.0,46000.0,4483200
2026-06-16,46386.515625,46570.0,48270.0,46450.0,47600.0,3085500
2026-06-17,52492.36328125,52700.0,52980.0,45770.0,45870.0,7716500
2026-06-18,56227.5859375,56450.0,57330.0,51910.0,53700.0,7836200
2026-06-19,54882.90625,55100.0,58580.0,53860.0,57500.0,5372300
2026-06-22,57263.48828125,57490.0,57550.0,54370.0,54800.0,3638300
2026-06-23,51795.12109375,52000.0,58490.0,51840.0,57270.0,4136800
2026-06-24,50410.59765625,50610.0,52940.0,49990.0,52540.0,3819200
2026-06-25,52970.47265625,53180.0,53440.0,50870.0,52610.0,3644400
2026-06-26,49803.0,50000.0,52520.0,49260.0,51590.0,2794300
2026-06-29,49200.0,49200.0,50480.0,46570.0,50400.0,2747100
2026-06-30,49700.0,49700.0,50910.0,48710.0,50600.0,2473000
2026-07-01,50790.0,50790.0,54080.0,50380.0,52180.0,3058300
2026-07-02,47740.0,47740.0,49030.0,46950.0,47690.0,2350700
2026-07-03,47650.0,47650.0,47650.0,44340.0,46000.0,2970300
2026-07-06,47040.0,47040.0,48490.0,45550.0,47740.0,2133900
2026-07-07,44050.0,44050.0,46050.0,43420.0,45990.0,3011600
2026-07-08,42000.0,42000.0,44300.0,42000.0,42650.0,2887000
2026-07-09,43020.0,43020.0,43850.0,41810.0,43030.0,2680700
2026-07-10,44380.0,44380.0,45480.0,43470.0,44080.0,2422000
2026-07-13,44770.0,44770.0,47680.0,44020.0,44130.0,4618300
2026-07-14,45100.0,45100.0,45230.0,43400.0,44560.0,2991800
2026-07-15,49690.0,49690.0,50940.0,46830.0,47060.0,7100400
2026-07-16,46370.0,46370.0,47860.0,45330.0,47150.0,4197100
2026-07-17,41890.0,41890.0,43280.0,39850.0,43000.0,5093900
2026-07-21,42670.0,42670.0,42810.0,40050.0,41900.0,3355800
2026-07-22,42990.0,42990.0,45000.0,42720.0,44770.0,3179700
2026-07-23,45130.0,45130.0,46790.0,44740.0,45000.0,3640900
2026-07-24,43170.0,43170.0,45500.0,42630.0,44810.0,2812600
